controller_url,controller_file,resource_name
/src/main/java/com/wti/admin/bizDvr/ctrl/BudgetDvrRqstSttnController.java,BudgetDvrRqstSttnController.java,budgetDvrRqstSttnService
/src/main/java/com/wti/admin/bizMng/dbMng/ctrl/BudgetDvrController.java,BudgetDvrController.java,budgetDvrService
/src/main/java/com/wti/admin/bizMng/dbMng/ctrl/JoinStdnExcelRegController.java,JoinStdnExcelRegController.java,JoinStdnExcelRegService
/src/main/java/com/wti/admin/bizMng/dbMng/ctrl/StdnRegExcelRegInfoController.java,StdnRegExcelRegInfoController.java,stdnRegExcelRegInfoService
/src/main/java/com/wti/admin/bizMng/histMng/ctrl/HistInqrController.java,HistInqrController.java,histInqrService
/src/main/java/com/wti/admin/bizMng/histMng/ctrl/HistMngController.java,HistMngController.java,HistMngService
/src/main/java/com/wti/admin/bizMng/histMng/ctrl/HistMngExcelRegController.java,HistMngExcelRegController.java,HistMngExcelRegService
/src/main/java/com/wti/admin/bizMng/histMng/ctrl/HistMngWhlController.java,HistMngWhlController.java,HistMngWhlService
/src/main/java/com/wti/admin/bizMng/hmpyLinkMng/ctrl/HmpyLinkMngWhlController.java,HmpyLinkMngWhlController.java,HmpyLinkMngWhlService
/src/main/java/com/wti/admin/bizMng/hmpyLinkMng/ctrl/HmpyLinkMngWhlExcelRegController.java,HmpyLinkMngWhlExcelRegController.java,HmpyLinkMngWhlExcelRegService
/src/main/java/com/wti/admin/bizMng/mbrSttn/ctrl/MbrAdminRoleController.java,MbrAdminRoleController.java,MbrAdminRoleService
/src/main/java/com/wti/admin/bizMng/mbrSttn/ctrl/MbrAdminRoleDetlController.java,MbrAdminRoleDetlController.java,MbrAdminRoleDetlService
/src/main/java/com/wti/admin/bizMng/mbrSttn/ctrl/MbrCtlgController.java,MbrCtlgController.java,mbrCtlgService
/src/main/java/com/wti/admin/bizMng/mbrSttn/ctrl/MbrDetlController.java,MbrDetlController.java,MbrDetlService
/src/main/java/com/wti/admin/bizMng/mbrSttn/ctrl/MbrItmzController.java,MbrItmzController.java,mbrItmzService
/src/main/java/com/wti/admin/bizMng/ntthMng/ctrl/IntrrtSttmntInfoController.java,IntrrtSttmntInfoController.java,intrrtSttmntInfoService
/src/main/java/com/wti/admin/bizMng/ntthMng/ctrl/SchNwsInfoController.java,SchNwsInfoController.java,schNwsInfoService
/src/main/java/com/wti/admin/bizMng/ntthMng/ctrl/SchNwsMngController.java,SchNwsMngController.java,schNwsMngService
/src/main/java/com/wti/admin/bizMng/poolMng/ctrl/JoinEnpAplyInfoController.java,JoinEnpAplyInfoController.java,JoinEnpAplyInfoService
/src/main/java/com/wti/admin/bizMng/poolMng/ctrl/JoinEnpAplyInfoController.java,JoinEnpAplyInfoController.java,comBizDAO
/src/main/java/com/wti/admin/bizMng/poolMng/ctrl/JoinEnpPoolSttnController.java,JoinEnpPoolSttnController.java,JoinEnpPoolSttnService
/src/main/java/com/wti/admin/bizMng/poolMng/ctrl/SpctrAplyInfoController.java,SpctrAplyInfoController.java,spctrAplyInfoService
/src/main/java/com/wti/admin/bizMng/poolMng/ctrl/SpctrPoolSttnController.java,SpctrPoolSttnController.java,spctrPoolSttnService
/src/main/java/com/wti/admin/bizMng/reg/ctrl/BizNotcRegController.java,BizNotcRegController.java,bizNotcRegService
/src/main/java/com/wti/admin/bizMng/reg/ctrl/BizNotcSttnController.java,BizNotcSttnController.java,bizNotcSttnService
/src/main/java/com/wti/admin/bizMng/reg/ctrl/BizRegInfoController.java,BizRegInfoController.java,bizRegInfoService
/src/main/java/com/wti/admin/bizMng/reg/ctrl/BizRegInfoController.java,BizRegInfoController.java,bizRegInfoTranProcService
/src/main/java/com/wti/admin/bizMng/reg/ctrl/BizRegInfoController.java,BizRegInfoController.java,bizRegTranProcService
/src/main/java/com/wti/admin/bizMng/reg/ctrl/BizSttnController.java,BizSttnController.java,bizSttnService
/src/main/java/com/wti/admin/bizMng/sttn/ctrl/BsbyAplySttnController.java,BsbyAplySttnController.java,bsbyAplySttnService
/src/main/java/com/wti/admin/bizMng/sttn/ctrl/BsbySprtSttnController.java,BsbySprtSttnController.java,bsbySprtSttnService
/src/main/java/com/wti/admin/bizMng/wfsCntr/ctrl/WfsAplyInfoController.java,WfsAplyInfoController.java,wfsAplyInfoService
/src/main/java/com/wti/admin/bizofc/ctrl/BizofcMngController.java,BizofcMngController.java,bizofcMngService
/src/main/java/com/wti/admin/bizofc/ctrl/BizofcMngController.java,BizofcMngController.java,emailService
/src/main/java/com/wti/admin/cmn/bizAply/ctrl/AccnSrvySttnController.java,AccnSrvySttnController.java,AccnSrvySttnService
/src/main/java/com/wti/admin/cmn/bizAply/ctrl/AplyAcptSttnController.java,AplyAcptSttnController.java,aplyAcptSttnService
/src/main/java/com/wti/admin/cmn/bizAply/ctrl/AplyAcptSttnController.java,AplyAcptSttnController.java,lgnHistMngInqrService
/src/main/java/com/wti/admin/cmn/bizAply/ctrl/SelEvalSttnController.java,SelEvalSttnController.java,SelEvalSttnService
/src/main/java/com/wti/admin/cmn/bizMng/ctrl/BizAgrmSttnController.java,BizAgrmSttnController.java,BizAgrmSttnService
/src/main/java/com/wti/admin/cmn/bizMng/ctrl/BizBscsSttnController.java,BizBscsSttnController.java,BizBscsSttnService
/src/main/java/com/wti/admin/cmn/bizMng/ctrl/DfmnAplyInfoController.java,DfmnAplyInfoController.java,DfmnAplyInfoService
/src/main/java/com/wti/admin/cmn/bizMng/ctrl/DfmnAplyRegController.java,DfmnAplyRegController.java,DfmnAplyRegService
/src/main/java/com/wti/admin/cmn/bizMng/ctrl/DfmnAplySttnController.java,DfmnAplySttnController.java,DfmnAplySttnService
/src/main/java/com/wti/admin/cmn/bizMng/ctrl/OtcmEvalSttnController.java,OtcmEvalSttnController.java,OtcmEvalSttnService
/src/main/java/com/wti/admin/cmn/pop/ctrl/ChrgrChcController.java,ChrgrChcController.java,chrgrChcService
/src/main/java/com/wti/admin/cmn/pop/ctrl/ExcelFileUpldController.java,ExcelFileUpldController.java,excelFileUpldService
/src/main/java/com/wti/admin/cmn/pop/ctrl/MbrInqrController.java,MbrInqrController.java,MbrInqrService
/src/main/java/com/wti/admin/cmn/pop/ctrl/RlorgChcController.java,RlorgChcController.java,rlorgChcService
/src/main/java/com/wti/admin/cmn/pop/ctrl/SchInfoListController.java,SchInfoListController.java,schInfoListService
/src/main/java/com/wti/admin/cmn/proc/pr0111/ctrl/PR0111ProcController.java,PR0111ProcController.java,pr0111RceptRceptBatchProcServie
/src/main/java/com/wti/admin/cmn/proc/pr0111/ctrl/PR0111ProcController.java,PR0111ProcController.java,pr0111RceptReturnBatchProcServie
/src/main/java/com/wti/admin/cmn/proc/pr0111/ctrl/PR0111ProcController.java,PR0111ProcController.java,pr0111ReceptReturnTranProcService
/src/main/java/com/wti/admin/cmn/proc/pr0111/ctrl/PR0111ProcController.java,PR0111ProcController.java,pr0111ReceptAdtmModTranProcService
/src/main/java/com/wti/admin/cmn/proc/pr0111/ctrl/PR0111ProcController.java,PR0111ProcController.java,pr0111ReturRewriteTranProcService
/src/main/java/com/wti/admin/cmn/proc/pr0111/ctrl/PR0111ProcController.java,PR0111ProcController.java,pr0111ReturnCancelTranProcService
/src/main/java/com/wti/admin/cmn/proc/pr0121/ctrl/PR0121ProcController.java,PR0121ProcController.java,pr0121QualfTagetRceptCancelBatchProcService
/src/main/java/com/wti/admin/cmn/proc/pr0121/ctrl/PR0121ProcController.java,PR0121ProcController.java,pr0121QualfTagetRceptBatchProcService
/src/main/java/com/wti/admin/cmn/proc/pr0121/ctrl/PR0121ProcController.java,PR0121ProcController.java,pr0121RceptReturnBatchProcServie
/src/main/java/com/wti/admin/cmn/proc/pr0121/ctrl/PR0121ProcController.java,PR0121ProcController.java,pr0121QualfExmntCancelBatchProcService
/src/main/java/com/wti/admin/cmn/proc/pr0122/ctrl/PR0122ProcController.java,PR0122ProcController.java,pr0122DocmntExmntOkBatchProcService
/src/main/java/com/wti/admin/cmn/proc/pr0122/ctrl/PR0122ProcController.java,PR0122ProcController.java,pr0122DocmntExmntRceptCancelBatchProcService
/src/main/java/com/wti/admin/cmn/proc/pr0122/ctrl/PR0122ProcController.java,PR0122ProcController.java,pr0122DocmntExmntOkTranProcService
/src/main/java/com/wti/admin/cmn/proc/pr0122/ctrl/PR0122ProcController.java,PR0122ProcController.java,pr0122DocmntExmntSaveTranProcService
/src/main/java/com/wti/admin/cmn/proc/pr0122/ctrl/PR0122ProcController.java,PR0122ProcController.java,pr0122DocmntExmntRecptCancelTranProcService
/src/main/java/com/wti/admin/cmn/proc/pr0123/ctrl/PR0123ProcController.java,PR0123ProcController.java,pr0123QualfExmntCancelBatchProcService
/src/main/java/com/wti/admin/cmn/proc/pr0123/ctrl/PR0123ProcController.java,PR0123ProcController.java,pr0123QualfExmntNoFitBatchProcService
/src/main/java/com/wti/admin/cmn/proc/pr0123/ctrl/PR0123ProcController.java,PR0123ProcController.java,pr0123QualfExmntSaveTranProcService
/src/main/java/com/wti/admin/cmn/proc/pr0123/ctrl/PR0123ProcController.java,PR0123ProcController.java,pr0123QualfExmntOkTranProcService
/src/main/java/com/wti/admin/cmn/proc/pr0123/ctrl/PR0123ProcController.java,PR0123ProcController.java,pr0123QualfExmntReturnTranProcService
/src/main/java/com/wti/admin/cmn/proc/pr0123/ctrl/PR0123ProcController.java,PR0123ProcController.java,pr0123QualfExmntCancelTranProcService
/src/main/java/com/wti/admin/cmn/proc/pr0123/ctrl/PR0123ProcController.java,PR0123ProcController.java,pr0123QualfExmntNoFitTranProcService
/src/main/java/com/wti/admin/cmn/proc/pr0127/ctrl/PR0127ProcController.java,PR0127ProcController.java,pr0127Presentn127OkBatchProcServie
/src/main/java/com/wti/admin/cmn/proc/pr0127/ctrl/PR0127ProcController.java,PR0127ProcController.java,pr0127Presentn127ReturnBatchProcServie
/src/main/java/com/wti/admin/cmn/proc/pr0127/ctrl/PR0127ProcController.java,PR0127ProcController.java,pr0127Presentn127ReturnTranProcService
/src/main/java/com/wti/admin/cmn/proc/pr0127/ctrl/PR0127ProcController.java,PR0127ProcController.java,pr0127Presentn127CancelBatchProcServie
/src/main/java/com/wti/admin/cmn/proc/pr0127/ctrl/PR0127ProcController.java,PR0127ProcController.java,pr0127New127CancelBatchProcServie
/src/main/java/com/wti/admin/cmn/proc/pr0128/ctrl/PR0128ProcController.java,PR0128ProcController.java,pr0128NewConfirmBatchProcServie
/src/main/java/com/wti/admin/cmn/proc/pr0129/ctrl/PR0129ProcController.java,PR0129ProcController.java,pr0129PresentnOkBatchProcServie
/src/main/java/com/wti/admin/cmn/proc/pr0129/ctrl/PR0129ProcController.java,PR0129ProcController.java,pr0129PresentnReturnBatchProcServie
/src/main/java/com/wti/admin/cmn/proc/pr0129/ctrl/PR0129ProcController.java,PR0129ProcController.java,pr0129PresentnReturnTranProcService
/src/main/java/com/wti/admin/cmn/proc/pr0129/ctrl/PR0129ProcController.java,PR0129ProcController.java,pr0129ComptCancelTranProcService
/src/main/java/com/wti/admin/cmn/proc/pr0129/ctrl/PR0129ProcController.java,PR0129ProcController.java,pr0129ReturnCancelTranProcService
/src/main/java/com/wti/admin/cmn/proc/pr0130/ctrl/PR0130ProcController.java,PR0130ProcController.java,pr0130AgremExmntOkBatchProcServie
/src/main/java/com/wti/admin/cmn/proc/pr0130/ctrl/PR0130ProcController.java,PR0130ProcController.java,pr0130AgremExmntReturnTranProcService
/src/main/java/com/wti/admin/cmn/proc/pr0211/ctrl/PR0211ProcController.java,PR0211ProcController.java,pr0211ExmntOkBatchProcServie
/src/main/java/com/wti/admin/cmn/proc/pr0211/ctrl/PR0211ProcController.java,PR0211ProcController.java,pr0211ComptCancelBatchProcServie
/src/main/java/com/wti/admin/cmn/proc/pr0211/ctrl/PR0211ProcController.java,PR0211ProcController.java,pr0211ExmntReturnBatchProcServie
/src/main/java/com/wti/admin/cmn/proc/pr0211/ctrl/PR0211ProcController.java,PR0211ProcController.java,pr0211ExmntReturnTranProcService
/src/main/java/com/wti/admin/cmn/proc/pr0214/ctrl/PR0214ProcController.java,PR0214ProcController.java,pr0214ExmntSaveTranProcService
/src/main/java/com/wti/admin/cmn/proc/pr0214/ctrl/PR0214ProcController.java,PR0214ProcController.java,pr0214ExmntOkBatchProcServie
/src/main/java/com/wti/admin/cmn/proc/pr0214/ctrl/PR0214ProcController.java,PR0214ProcController.java,pr0214ExmntOkTranProcServie
/src/main/java/com/wti/admin/cmn/proc/pr0214/ctrl/PR0214ProcController.java,PR0214ProcController.java,pr0214ExmntReturnBatchProcServie
/src/main/java/com/wti/admin/cmn/proc/pr0214/ctrl/PR0214ProcController.java,PR0214ProcController.java,pr0214ExmntReturnTranProcService
/src/main/java/com/wti/admin/cmn/proc/pr0214/ctrl/PR0214ProcController.java,PR0214ProcController.java,pr0214LastComptCancelTranProcService
/src/main/java/com/wti/admin/cmn/proc/pr0214/ctrl/PR0214ProcController.java,PR0214ProcController.java,pr0214ReturnCancelTranProcService
/src/main/java/com/wti/admin/cmn/proc/pr0220/ctrl/PR0220ProcController.java,PR0220ProcController.java,pr0220ExmntOkBatchProcServie
/src/main/java/com/wti/admin/cmn/proc/pr0220/ctrl/PR0220ProcController.java,PR0220ProcController.java,pr0220ExmntReturnBatchProcServie
/src/main/java/com/wti/admin/cmn/proc/pr0220/ctrl/PR0220ProcController.java,PR0220ProcController.java,pr0220ExmntReturnTranProcService
/src/main/java/com/wti/admin/cmn/proc/pr0220/ctrl/PR0220ProcController.java,PR0220ProcController.java,pr0220ComptCancelTranProcService
/src/main/java/com/wti/admin/cmn/proc/pr0221/ctrl/PR0221ProcController.java,PR0221ProcController.java,pr0221NewSaveTranProcService
/src/main/java/com/wti/admin/cmn/proc/pr0221/ctrl/PR0221ProcController.java,PR0221ProcController.java,pr0221NewComptTranProcService
/src/main/java/com/wti/admin/cmn/proc/pr0221/ctrl/PR0221ProcController.java,PR0221ProcController.java,pr0221WritingSaveTranProcService
/src/main/java/com/wti/admin/cmn/proc/pr0221/ctrl/PR0221ProcController.java,PR0221ProcController.java,pr0221WritingComptTranProcService
/src/main/java/com/wti/admin/cmn/proc/pr0221/ctrl/PR0221ProcController.java,PR0221ProcController.java,pr0221WritingDeleteTranProcService
/src/main/java/com/wti/admin/cmn/proc/pr0221/ctrl/PR0221ProcController.java,PR0221ProcController.java,pr0221ComptCancelTranProcService
/src/main/java/com/wti/admin/cmn/proc/pr0221/ctrl/PR0221ProcController.java,PR0221ProcController.java,pr0221ComptDeleteTranProcService
/src/main/java/com/wti/admin/cmn/proc/pr0223/ctrl/PR0223ProcController.java,PR0223ProcController.java,pr0223ExamComptTranProcService
/src/main/java/com/wti/admin/cmn/proc/pr0223/ctrl/PR0223ProcController.java,PR0223ProcController.java,pr0223ExamReturnTranProcService
/src/main/java/com/wti/admin/cmn/proc/pr0223/ctrl/PR0223ProcController.java,PR0223ProcController.java,pr0223ExamDeleteTranProcService
/src/main/java/com/wti/admin/cmn/proc/pr0223/ctrl/PR0223ProcController.java,PR0223ProcController.java,pr0223ComptCancelTranProcService
/src/main/java/com/wti/admin/cmn/proc/pr0223/ctrl/PR0223ProcController.java,PR0223ProcController.java,pr0223ComptDeleteTranProcService
/src/main/java/com/wti/admin/cmn/proc/pr0223/ctrl/PR0223_LProcController.java,PR0223_LProcController.java,pr0223ComptLExamComptTranProcService
/src/main/java/com/wti/admin/cmn/proc/pr0223/ctrl/PR0223_LProcController.java,PR0223_LProcController.java,pr0223ComptLExamReturnTranProcService
/src/main/java/com/wti/admin/cmn/proc/pr0223/ctrl/PR0223_LProcController.java,PR0223_LProcController.java,pr0223ComptLCancelTranProcService
/src/main/java/com/wti/admin/cmn/proc/pr0223/ctrl/PR0223_LProcController.java,PR0223_LProcController.java,pr0223ComptLDeleteTranProcService
/src/main/java/com/wti/admin/cmn/proc/pr0223/ctrl/PR0223_LProcController.java,PR0223_LProcController.java,pr0223ComptLSaveTranProcService
/src/main/java/com/wti/admin/cmn/proc/pr0223/ctrl/PR0223_LProcController.java,PR0223_LProcController.java,pr0223ExamLComptTranProcService
/src/main/java/com/wti/admin/cmn/proc/pr0223/ctrl/PR0223_LProcController.java,PR0223_LProcController.java,pr0223ExamLReturnTranProcService
/src/main/java/com/wti/admin/cmn/proc/pr0223/ctrl/PR0223_LProcController.java,PR0223_LProcController.java,pr223ExamLDeleteTranProcService
/src/main/java/com/wti/admin/cmn/proc/pr0223/ctrl/PR0223_LProcController.java,PR0223_LProcController.java,pr0223ExamLSaveTranProcService
/src/main/java/com/wti/admin/cmn/proc/pr0250/ctrl/PR0250ProcController.java,PR0250ProcController.java,pr0250NewSaveTranProcService
/src/main/java/com/wti/admin/cmn/proc/pr0250/ctrl/PR0250ProcController.java,PR0250ProcController.java,pr0250NewOkTranProcService
/src/main/java/com/wti/admin/cmn/proc/pr0250/ctrl/PR0250ProcController.java,PR0250ProcController.java,pr0250NewNoFitTranProcService
/src/main/java/com/wti/admin/cmn/proc/pr0250/ctrl/PR0250ProcController.java,PR0250ProcController.java,pr0250ResultExmntSaveTranProcService
/src/main/java/com/wti/admin/cmn/proc/pr0250/ctrl/PR0250ProcController.java,PR0250ProcController.java,pr0250ResultExmntOkTranProcService
/src/main/java/com/wti/admin/cmn/proc/pr0250/ctrl/PR0250ProcController.java,PR0250ProcController.java,pr0250ResultExmntNoFitTranProcService
/src/main/java/com/wti/admin/cmn/proc/pr0250/ctrl/PR0250ProcController.java,PR0250ProcController.java,pr0250ResultComptCancelTranProcService
/src/main/java/com/wti/admin/cmn/proc/pr0250/ctrl/PR0250ProcController.java,PR0250ProcController.java,pr0250NoFit07CancelTranProcService
/src/main/java/com/wti/admin/cmn/proc/pr0260/ctrl/PR0260ProcController.java,PR0260ProcController.java,pr0260ComptCancelBatchProcServie
/src/main/java/com/wti/admin/cmn/proc/pr0260/ctrl/PR0260ProcController.java,PR0260ProcController.java,pr0260PresentnOkBatchProcServie
/src/main/java/com/wti/admin/cmn/proc/pr0260/ctrl/PR0260ProcController.java,PR0260ProcController.java,pr0260PresentnReturnBatchProcServie
/src/main/java/com/wti/admin/cmn/proc/pr0260/ctrl/PR0260ProcController.java,PR0260ProcController.java,pr0260RetrunCancelBatchProcServie
/src/main/java/com/wti/admin/cmn/proc/pr0311/ctrl/PR0311ProcController.java,PR0311ProcController.java,pr0311ComptCancelcomptBatchProcServie
/src/main/java/com/wti/admin/cmn/proc/pr0311/ctrl/PR0311ProcController.java,PR0311ProcController.java,pr0311ExamSaveBatchProcServie
/src/main/java/com/wti/admin/cmn/proc/pr0311/ctrl/PR0311ProcController.java,PR0311ProcController.java,pr0311ExamOkBatchProcServie
/src/main/java/com/wti/admin/cmn/proc/pr0311/ctrl/PR0311ProcController.java,PR0311ProcController.java,pr0311ExamReturnBatchProcServie
/src/main/java/com/wti/admin/cmn/proc/pr0311/ctrl/PR0311ProcController.java,PR0311ProcController.java,pr0311ExamCancelBatchProcServie
/src/main/java/com/wti/admin/cmn/proc/pr0311/ctrl/PR0311ProcController.java,PR0311ProcController.java,pr0311RceptRceptBatchProcServie
/src/main/java/com/wti/admin/cmn/proc/pr0311/ctrl/PR0311ProcController.java,PR0311ProcController.java,pr0311RceptReturnTranProcServie
/src/main/java/com/wti/admin/cmn/proc/pr0900/ctrl/PR0900ProcController.java,PR0900ProcController.java,pr0900AgremExmntReturnBatchProcServie
/src/main/java/com/wti/admin/cmn/proc/pre101/ctrl/PRE101ProcController.java,PRE101ProcController.java,pre101NewSaveTranProcService
/src/main/java/com/wti/admin/cmn/proc/pre101/ctrl/PRE101ProcController.java,PRE101ProcController.java,pre101WritingSaveTranProcService
/src/main/java/com/wti/admin/cmn/proc/pre101/ctrl/PRE101ProcController.java,PRE101ProcController.java,pre101WritingFinishTranProcService
/src/main/java/com/wti/admin/cmn/proc/pre101/ctrl/PRE101ProcController.java,PRE101ProcController.java,pre101ComptRewriteTranProcService
/src/main/java/com/wti/admin/cmn/proc/pre101/ctrl/PRE101ProcController.java,PRE101ProcController.java,pre101WritingDeleteTranProcService
/src/main/java/com/wti/admin/cmn/proc/pre151/ctrl/PRE151ProcController.java,PRE151ProcController.java,pre151ExmntAgreeBatchProcService
/src/main/java/com/wti/admin/cmn/proc/pre151/ctrl/PRE151ProcController.java,PRE151ProcController.java,pre151ExmntRejectBatchProcService
/src/main/java/com/wti/admin/cmn/proc/pre151/ctrl/PRE151ProcController.java,PRE151ProcController.java,pre151ComptCancelBatchProcService
/src/main/java/com/wti/admin/cmn/proc/pre204/ctrl/PRE204ProcController.java,PRE204ProcController.java,pre204ExmntAgreeBatchProcService
/src/main/java/com/wti/admin/cmn/proc/pre204/ctrl/PRE204ProcController.java,PRE204ProcController.java,pre204ExmntRejectBatchProcService
/src/main/java/com/wti/admin/cmn/proc/pre204/ctrl/PRE204ProcController.java,PRE204ProcController.java,pre204ExmntRejectTranProcService
/src/main/java/com/wti/admin/cmn/proc/pre204/ctrl/PRE204ProcController.java,PRE204ProcController.java,pre204ExmntAgreeCancelProcService
/src/main/java/com/wti/admin/cmn/proc/pre204/ctrl/PRE204ProcController.java,PRE204ProcController.java,pre204RejectCancelBatchProcService
/src/main/java/com/wti/admin/cmn/proc/pre204/ctrl/PRE204ProcController.java,PRE204ProcController.java,emailService
/src/main/java/com/wti/admin/cmn/proc/pre206/ctrl/PRE206ProcController.java,PRE206ProcController.java,pre206WritingAgreeBatchProcService
/src/main/java/com/wti/admin/cmn/proc/pre206/ctrl/PRE206ProcController.java,PRE206ProcController.java,pre206WritingCancelBatchProcService
/src/main/java/com/wti/admin/cndept/bdgtAplct/ctrl/CndeptBdgtAplctMngController.java,CndeptBdgtAplctMngController.java,cndeptBdgtAplctUserService
/src/main/java/com/wti/admin/cndept/bdgtAplct/ctrl/CndeptBdgtAplctMngController.java,CndeptBdgtAplctMngController.java,cndeptBdgtAplctMngService
/src/main/java/com/wti/admin/cndept/bizAply/ctrl/CndeptAccnSrvyRegController.java,CndeptAccnSrvyRegController.java,cndeptAccnSrvyRegService
/src/main/java/com/wti/admin/cndept/bizAply/ctrl/CndeptBizAplyInfoController.java,CndeptBizAplyInfoController.java,cndeptBizAplyInfoService
/src/main/java/com/wti/admin/cndept/bizAply/ctrl/CndeptSelEvalRegController.java,CndeptSelEvalRegController.java,cndeptSelEvalRegService
/src/main/java/com/wti/admin/cndept/bizMng/ctrl/CndeptBizArgmInfoController.java,CndeptBizArgmInfoController.java,cndeptBizAgrmInfoService
/src/main/java/com/wti/admin/cndept/bizMng/ctrl/CndeptBizcsEctnMngInfoController.java,CndeptBizcsEctnMngInfoController.java,cndeptBizcsEctnMngInfoService
/src/main/java/com/wti/admin/cndept/bizMng/ctrl/CndeptBizcsExclMngInfoController.java,CndeptBizcsExclMngInfoController.java,cndeptBizcsExclMngInfoService
/src/main/java/com/wti/admin/cndept/bizMng/ctrl/CndeptOtcmEvalRegController.java,CndeptOtcmEvalRegController.java,cndeptOtcmEvalRegService
/src/main/java/com/wti/admin/cndept/bizMng/ctrl/CndeptTrptCnttInqrController.java,CndeptTrptCnttInqrController.java,cndeptTrptCnttInqrService
/src/main/java/com/wti/admin/cndept/bizMng/ctrl/CndeptTrptCnttSttnController.java,CndeptTrptCnttSttnController.java,CndeptTrptCnttSttnService
/src/main/java/com/wti/admin/cndept/gradAcqsStats/ctrl/GradAcqsStatsController.java,GradAcqsStatsController.java,gradAcqsStatsService
/src/main/java/com/wti/admin/cndept/qlfcAcqsStats/ctrl/QlfcAcqsStatsController.java,QlfcAcqsStatsController.java,qlfcAcqsStatsService
/src/main/java/com/wti/admin/cndept/schlMng/ctrl/CndeptSchlMngController.java,CndeptSchlMngController.java,cndeptSchlMngService
/src/main/java/com/wti/admin/cndept/statSttn/ctrl/MdwyTueOcrnSttnController.java,MdwyTueOcrnSttnController.java,MdwyTueOcrnSttnService
/src/main/java/com/wti/admin/cndept/statSttn/ctrl/NewStdnRectSttnController.java,NewStdnRectSttnController.java,NewStdnRectSttnService
/src/main/java/com/wti/admin/cndept/statSttn/ctrl/StdnCtlgController.java,StdnCtlgController.java,StdnCtlgService
/src/main/java/com/wti/admin/cndept/statSttn/ctrl/StdnSttnController.java,StdnSttnController.java,StdnSttnService
/src/main/java/com/wti/admin/cndept/stdnMng/ctrl/CndeptStdnMngController.java,CndeptStdnMngController.java,cndeptStdnMngService
/src/main/java/com/wti/admin/eict/bizAply/ctrl/EictAccnSrvyRegController.java,EictAccnSrvyRegController.java,eictAccnSrvyRegService
/src/main/java/com/wti/admin/eict/bizAply/ctrl/EictBizAplyInfoController.java,EictBizAplyInfoController.java,eictBizAplyInfoService
/src/main/java/com/wti/admin/eict/bizAply/ctrl/EictBizAplyInfoController.java,EictBizAplyInfoController.java,edinspAplyService
/src/main/java/com/wti/admin/eict/bizAply/ctrl/EictBizAplyInfoController.java,EictBizAplyInfoController.java,techoAplyService
/src/main/java/com/wti/admin/eict/bizAply/ctrl/EictBizAplyInfoController.java,EictBizAplyInfoController.java,bizSelSttnService
/src/main/java/com/wti/admin/eict/bizAply/ctrl/EictJoinEnpPopController.java,EictJoinEnpPopController.java,eictJoinEnpPopService
/src/main/java/com/wti/admin/eict/bizAply/ctrl/EictSelEvalRegController.java,EictSelEvalRegController.java,eictSelEvalRegService
/src/main/java/com/wti/admin/eict/bizMng/ctrl/EictBizArgmInfoController.java,EictBizArgmInfoController.java,eictBizAgrmInfoService
/src/main/java/com/wti/admin/eict/bizMng/ctrl/EictBizcsEctnMngInfoController.java,EictBizcsEctnMngInfoController.java,eictBizcsEctnMngInfoService
/src/main/java/com/wti/admin/eict/statSttn/ctrl/AcspPrctController.java,AcspPrctController.java,AcspPrctService
/src/main/java/com/wti/admin/eict/statSttn/ctrl/BizcsController.java,BizcsController.java,BizcsService
/src/main/java/com/wti/admin/eict/statSttn/ctrl/CstmEduController.java,CstmEduController.java,CstmEduService
/src/main/java/com/wti/admin/eict/statSttn/ctrl/EictJobStdnStatController.java,EictJobStdnStatController.java,EictJobStdnStatService
/src/main/java/com/wti/admin/eict/statSttn/ctrl/EictOneAndProjectsStatController.java,EictOneAndProjectsStatController.java,EictOneAndProjectsStatService
/src/main/java/com/wti/admin/eict/statSttn/ctrl/EictPartStdnStatController.java,EictPartStdnStatController.java,EictPartStdnStatService
/src/main/java/com/wti/admin/eict/statSttn/ctrl/EictWorkExpnsStatController.java,EictWorkExpnsStatController.java,EictWorkExpnsStatService
/src/main/java/com/wti/admin/eict/statSttn/ctrl/JoinStdnController.java,JoinStdnController.java,JoinStdnService
/src/main/java/com/wti/admin/eict/statSttn/ctrl/OneTeam_1PrjController.java,OneTeam_1PrjController.java,OneTeam_1PrjService
/src/main/java/com/wti/admin/hssppl/ctrl/HsspplMngController.java,HsspplMngController.java,hsspplMngService
/src/main/java/com/wti/admin/hssppl/ctrl/HsspplMngController.java,HsspplMngController.java,lgnHistMngInqrService
/src/main/java/com/wti/admin/idtcag/bizMng/ctrl/IdtcagAplyAcptSttnController.java,IdtcagAplyAcptSttnController.java,IdtcagAplyAcptSttnService
/src/main/java/com/wti/admin/idtcag/bizMng/ctrl/IdtcagAplyAcptSttnController.java,IdtcagAplyAcptSttnController.java,h3gReqBasInfoService
/src/main/java/com/wti/admin/idtcag/bizMng/ctrl/IdtcagAplyInfo2015Controller.java,IdtcagAplyInfo2015Controller.java,idtcagAplyInfo2015Service
/src/main/java/com/wti/admin/idtcag/bizMng/ctrl/IdtcagAplyInfo2016Controller.java,IdtcagAplyInfo2016Controller.java,idtcagAplyInfo2016Service
/src/main/java/com/wti/admin/idtcag/bizMng/ctrl/IdtcagAplyInfoController.java,IdtcagAplyInfoController.java,idtcagAplyInfoService
/src/main/java/com/wti/admin/idtcag/bizMng/ctrl/IdtcagAplyInfoController.java,IdtcagAplyInfoController.java,idtcagProcService
/src/main/java/com/wti/admin/idtcag/bizMng/ctrl/IdtcagAplyInfoController.java,IdtcagAplyInfoController.java,h3gReqBasInfoService
/src/main/java/com/wti/admin/idtcag/bizMng/ctrl/IdtcagAplyInfoController.java,IdtcagAplyInfoController.java,h3gReqCompInfoService
/src/main/java/com/wti/admin/idtcag/bizMng/ctrl/IdtcagAplyInfoController.java,IdtcagAplyInfoController.java,emailService
/src/main/java/com/wti/admin/idtcag/bizMng/ctrl/IdtcagAplyInfoController.java,IdtcagAplyInfoController.java,smsService
/src/main/java/com/wti/admin/idtcag/bizMng/ctrl/IdtcagAppntEntsController.java,IdtcagAppntEntsController.java,IdtcagAppntEntsService
/src/main/java/com/wti/admin/idtcag/bizMng/ctrl/IdtcagMmaRcmnController.java,IdtcagMmaRcmnController.java,idtcagMmaRcmnService
/src/main/java/com/wti/admin/idtcag/bizMng/ctrl/IdtcagMmaRcmnController.java,IdtcagMmaRcmnController.java,IdtcagAplyAcptSttnService
/src/main/java/com/wti/admin/idtcag/bizMng/ctrl/IdtcagMmaRcmnController.java,IdtcagMmaRcmnController.java,emailService
/src/main/java/com/wti/admin/idtcag/bizMng/ctrl/IdtcagOnlineEvidenceController.java,IdtcagOnlineEvidenceController.java,IdtcagOnlineEvidenceService
/src/main/java/com/wti/admin/idtcag/bizMng/ctrl/IdtcagOnlineEvidenceExcelRegController.java,IdtcagOnlineEvidenceExcelRegController.java,IdtcagOnlineEvidenceExcelRegService
/src/main/java/com/wti/admin/idtcag/bizMng/ctrl/IdtcagPrcafsChargerPartController.java,IdtcagPrcafsChargerPartController.java,idtcagPrcafsChargerPartService
/src/main/java/com/wti/admin/idtcag/bizMng/ctrl/IdtcagPrtcpntController.java,IdtcagPrtcpntController.java,idtcagPrtcpntService
/src/main/java/com/wti/admin/idtcag/bizMng/ctrl/IdtcagQlfcRvwSttnController.java,IdtcagQlfcRvwSttnController.java,IdtcagQlfcRvwSttnService
/src/main/java/com/wti/admin/idtcag/bizMng/ctrl/QnAidtcagAdmController.java,QnAidtcagAdmController.java,QnAidtcagAdmService
/src/main/java/com/wti/admin/idtcag/statSttn/ctrl/AcptlAcptSttnController.java,AcptlAcptSttnController.java,AcptlAcptSttnService
/src/main/java/com/wti/admin/idtcag/statSttn/ctrl/AplyTypeAcptSttnController.java,AplyTypeAcptSttnController.java,AplyTypeAcptSttnService
/src/main/java/com/wti/admin/idtcag/statSttn/ctrl/FldAcptSttnController.java,FldAcptSttnController.java,FldAcptSttnService
/src/main/java/com/wti/admin/idtcag/statSttn/ctrl/IdtcagDocController.java,IdtcagDocController.java,idtcagDocService
/src/main/java/com/wti/admin/idtcag/statSttn/ctrl/IdtcagEvalDtlSttnController.java,IdtcagEvalDtlSttnController.java,idtcagEvalDtlSttnService
/src/main/java/com/wti/admin/idtcag/statSttn/ctrl/IdtcagEvalIndSttnController.java,IdtcagEvalIndSttnController.java,idtcagEvalIndSttnService
/src/main/java/com/wti/admin/idtcag/statSttn/ctrl/IdtcagEvalSetSttnController.java,IdtcagEvalSetSttnController.java,idtcagEvalSetSttnService
/src/main/java/com/wti/admin/idtcag/statSttn/ctrl/PrgrSttnController.java,PrgrSttnController.java,PrgrSttnService
/src/main/java/com/wti/admin/idtcag/statSttn/ctrl/WhlWchController.java,WhlWchController.java,WhlWchService
/src/main/java/com/wti/admin/jbrm/bizMng/ctrl/BizRoomRegController.java,BizRoomRegController.java,bizRoomRegService
/src/main/java/com/wti/admin/jbrm/bizMng/ctrl/BizRoomRegController.java,BizRoomRegController.java,bizRoomRegProcService
/src/main/java/com/wti/admin/mnlMng/ctrl/MnlMngController.java,MnlMngController.java,mnlMngService
/src/main/java/com/wti/admin/rcgntn/bizMnt/ctrl/BizMntController.java,BizMntController.java,bizMntService
/src/main/java/com/wti/admin/rcgntn/dataMnt/ctrl/DataMntController.java,DataMntController.java,dataMntService
/src/main/java/com/wti/admin/rcgntn/dataStats/ctrl/DataStatsController.java,DataStatsController.java,dataStatsService
/src/main/java/com/wti/admin/smebsc/bizMng/ctrl/SmebscBizAplyController.java,SmebscBizAplyController.java,smebscBizAplyService
/src/main/java/com/wti/admin/smebsc/bizMng/ctrl/SmebscBizAplyController.java,SmebscBizAplyController.java,smebscReqInfoService
/src/main/java/com/wti/admin/smebsc/bizMng/ctrl/SmebscBizAplyController.java,SmebscBizAplyController.java,smebscProcService
/src/main/java/com/wti/admin/smebsc/bizMng/ctrl/SmebscBizEvalDtlSttnController.java,SmebscBizEvalDtlSttnController.java,smebscBizEvalDtlSttnService
/src/main/java/com/wti/admin/smebsc/bizMng/ctrl/SmebscBizEvalIndSttnController.java,SmebscBizEvalIndSttnController.java,smebscBizEvalIndSttnService
/src/main/java/com/wti/admin/smebsc/bizMng/ctrl/SmebscBizEvalSttnController.java,SmebscBizEvalSttnController.java,smebscBizEvalSttnService
/src/main/java/com/wti/admin/smebsc/bizMng/ctrl/SmebscBizEvalSttnController.java,SmebscBizEvalSttnController.java,comCodeService
/src/main/java/com/wti/admin/smebsc/bizMng/ctrl/SmebscCnfrmnMngController.java,SmebscCnfrmnMngController.java,smebscCnfrmnMngService
/src/main/java/com/wti/admin/smebsc/bizMng/ctrl/SmebscDataRegController.java,SmebscDataRegController.java,smebscDataRegService
/src/main/java/com/wti/admin/smebsc/bizMng/ctrl/SmebscReqstMngController.java,SmebscReqstMngController.java,smebscReqstSttusService
/src/main/java/com/wti/admin/smebsc/bizMng/ctrl/SmebscReqstMngController.java,SmebscReqstMngController.java,smebscReqstMngService
/src/main/java/com/wti/admin/smebsc/bizMng/ctrl/SmebscReqstMngController.java,SmebscReqstMngController.java,emailService
/src/main/java/com/wti/admin/smehrd/bizMng/ctrl/SmehrdAplyAcptSttnController.java,SmehrdAplyAcptSttnController.java,smehrdAplyAcptSttnService
/src/main/java/com/wti/admin/smehrd/bizMng/ctrl/SmehrdAplyAcptSttnController.java,SmehrdAplyAcptSttnController.java,smehrdProcService
/src/main/java/com/wti/admin/smehrd/bizMng/ctrl/SmehrdAplyInfoController.java,SmehrdAplyInfoController.java,smehrdAplyInfoService
/src/main/java/com/wti/admin/smehrd/bizMng/ctrl/SmehrdAplyInfoController.java,SmehrdAplyInfoController.java,smehrdProcService
/src/main/java/com/wti/admin/smehrd/bizMng/ctrl/SmehrdAplyInfoController.java,SmehrdAplyInfoController.java,smehrdReqInfoService
/src/main/java/com/wti/admin/smehrd/bizMng/ctrl/SmehrdAplyInfoController.java,SmehrdAplyInfoController.java,smsService
/src/main/java/com/wti/admin/smehrd/bizMng/ctrl/SmehrdAplyInfoController.java,SmehrdAplyInfoController.java,emailService
/src/main/java/com/wti/admin/smehrd/bizMng/ctrl/SmehrdAplyValidMngController.java,SmehrdAplyValidMngController.java,smehrdAplyValidMngService
/src/main/java/com/wti/admin/smehrd/bizMng/ctrl/SmehrdAplyValidMngController.java,SmehrdAplyValidMngController.java,smehrdProcService
/src/main/java/com/wti/admin/smehrd/eqpmn/ctrl/SmehrdEqpmnMngController.java,SmehrdEqpmnMngController.java,smehrdEqpmnMngService
/src/main/java/com/wti/admin/smehrd/statSttn/ctrl/SmehrdPrgrSttnController.java,SmehrdPrgrSttnController.java,smehrdPrgrSttnService
/src/main/java/com/wti/admin/smehrd/statSttn/ctrl/SmehrdRawExcelController.java,SmehrdRawExcelController.java,smehrdRawExcelService
/src/main/java/com/wti/admin/spclhs/bizAply/ctrl/SpclhsAccnSrvyRegController.java,SpclhsAccnSrvyRegController.java,spclhsAccnSrvyRegService
/src/main/java/com/wti/admin/spclhs/bizAply/ctrl/SpclhsBizAplyInfoController.java,SpclhsBizAplyInfoController.java,spclhsBizAplyInfoService
/src/main/java/com/wti/admin/spclhs/bizAply/ctrl/SpclhsSelEvalRegController.java,SpclhsSelEvalRegController.java,spclhsSelEvalRegService
/src/main/java/com/wti/admin/spclhs/bizMng/ctrl/DeadlineMngController.java,DeadlineMngController.java,deadlineMngService
/src/main/java/com/wti/admin/spclhs/bizMng/ctrl/EduCrsDevController.java,EduCrsDevController.java,EduCrsDevService
/src/main/java/com/wti/admin/spclhs/bizMng/ctrl/JobCstmClsAdmRegInfoController.java,JobCstmClsAdmRegInfoController.java,JobCstmClsAdmRegInfoService
/src/main/java/com/wti/admin/spclhs/bizMng/ctrl/JobCstmClsAdmSttnController.java,JobCstmClsAdmSttnController.java,JobCstmClsAdmSttnService
/src/main/java/com/wti/admin/spclhs/bizMng/ctrl/JobCstmClsAdmSttnController.java,JobCstmClsAdmSttnController.java,lgnHistMngInqrService
/src/main/java/com/wti/admin/spclhs/bizMng/ctrl/SpclhsBizcsExclMngInfoController.java,SpclhsBizcsExclMngInfoController.java,spclhsBizcsExclMngInfoService
/src/main/java/com/wti/admin/spclhs/bizMng/ctrl/SpclhsOtcmEvalRegController.java,SpclhsOtcmEvalRegController.java,spclhsOtcmEvalRegService
/src/main/java/com/wti/admin/spclhs/bizMng/ctrl/TeamPrjMngController.java,TeamPrjMngController.java,teamPrjMngService
/src/main/java/com/wti/admin/spclhs/statSttn/ctrl/CrrSttnController.java,CrrSttnController.java,CrrSttnService
/src/main/java/com/wti/admin/spclhs/statSttn/ctrl/OtcmIndxSttnController.java,OtcmIndxSttnController.java,OtcmIndxSttnService
/src/main/java/com/wti/admin/spclhs/statSttn/ctrl/SpclhsMnpwTrnnController.java,SpclhsMnpwTrnnController.java,SpclhsMnpwTrnnService
/src/main/java/com/wti/admin/spclhs/statSttn/ctrl/SpclhsOtcmIndxController.java,SpclhsOtcmIndxController.java,SpclhsOtcmIndxService
/src/main/java/com/wti/admin/survey/surveyMng/ctrl/SurveyMngController.java,SurveyMngController.java,surveyMngService
/src/main/java/com/wti/admin/survey/surveyStats/ctrl/SurveyStatsController.java,SurveyStatsController.java,surveyStatsService
/src/main/java/com/wti/admin/sysMng/cmnMng/ctrl/AcnnAcntMngSttnController.java,AcnnAcntMngSttnController.java,AcnnAcntMngSttnService
/src/main/java/com/wti/admin/sysMng/cmnMng/ctrl/AcnnAcntRegController.java,AcnnAcntRegController.java,AcnnAcntRegService
/src/main/java/com/wti/admin/sysMng/cmnMng/ctrl/CmnCdMngSttnController.java,CmnCdMngSttnController.java,CmnCdMngSttnService
/src/main/java/com/wti/admin/sysMng/cmnMng/ctrl/DbCdMngSttnController.java,DbCdMngSttnController.java,DbCdMngSttnService
/src/main/java/com/wti/admin/sysMng/cmnMng/ctrl/EvalIndxMngSttnController.java,EvalIndxMngSttnController.java,EvalIndxMngSttnService
/src/main/java/com/wti/admin/sysMng/cmnMng/ctrl/EvalIndxRegController.java,EvalIndxRegController.java,EvalIndxRegService
/src/main/java/com/wti/admin/sysMng/cmnMng/ctrl/EvalLnrqMngSttnController.java,EvalLnrqMngSttnController.java,EvalLnrqMngSttnService
/src/main/java/com/wti/admin/sysMng/cmnMng/ctrl/EvalLnrqRegController.java,EvalLnrqRegController.java,EvalLnrqRegService
/src/main/java/com/wti/admin/sysMng/cmnMng/ctrl/EvalLnrqRegDtlController.java,EvalLnrqRegDtlController.java,EvalLnrqRegDtlService
/src/main/java/com/wti/admin/sysMng/cmnMng/ctrl/HpSchlMngController.java,HpSchlMngController.java,HpSchlMngService
/src/main/java/com/wti/admin/sysMng/cmnMng/ctrl/OtcmIndxMngSttnController.java,OtcmIndxMngSttnController.java,OtcmIndxMngSttnService
/src/main/java/com/wti/admin/sysMng/cmnMng/ctrl/OtcmIndxRegController.java,OtcmIndxRegController.java,OtcmIndxRegService
/src/main/java/com/wti/admin/sysMng/cmnMng/ctrl/TmplatMngController.java,TmplatMngController.java,tmplatMngService
/src/main/java/com/wti/admin/sysMng/cmpgMng/ctrl/QustMngRegController.java,QustMngRegController.java,qustMngRegService
/src/main/java/com/wti/admin/sysMng/cmpgMng/ctrl/QustMngRegController.java,QustMngRegController.java,qustMngRegSaveProcService
/src/main/java/com/wti/admin/sysMng/cmpgMng/ctrl/QustMngSttnController.java,QustMngSttnController.java,qustMngSttnService
/src/main/java/com/wti/admin/sysMng/logMng/ctrl/LgnHistMngInqrController.java,LgnHistMngInqrController.java,lgnHistMngInqrService
/src/main/java/com/wti/admin/sysMng/menuMng/ctrl/MenuMngController.java,MenuMngController.java,menuMngService
/src/main/java/com/wti/admin/sysMng/ptlMng/ctrl/AlrmPageInqrController.java,AlrmPageInqrController.java,alrmPageInqrService
/src/main/java/com/wti/admin/sysMng/ptlMng/ctrl/AlrmPageWrtnController.java,AlrmPageWrtnController.java,alrmPageWrtnService
/src/main/java/com/wti/admin/sysMng/ptlMng/ctrl/AlrmTmplInqrController.java,AlrmTmplInqrController.java,alrmTmplInqrService
/src/main/java/com/wti/admin/sysMng/ptlMng/ctrl/AlrmTmplWrtnController.java,AlrmTmplWrtnController.java,alrmTmplWrtnService
/src/main/java/com/wti/admin/sysMng/ptlMng/ctrl/BnrImgMngController.java,BnrImgMngController.java,bnrImgMngService
/src/main/java/com/wti/admin/sysMng/ptlMng/ctrl/BnrPageController.java,BnrPageController.java,bnrPageService
/src/main/java/com/wti/admin/sysMng/ptlMng/ctrl/CnvncSurveyController.java,CnvncSurveyController.java,cnvncSurveyService
/src/main/java/com/wti/admin/sysMng/ptlMng/ctrl/CrltSiteInqrController.java,CrltSiteInqrController.java,crltSiteInqrService
/src/main/java/com/wti/admin/sysMng/ptlMng/ctrl/CrltSiteWrtnController.java,CrltSiteWrtnController.java,crltSiteWrtnService
/src/main/java/com/wti/admin/sysMng/ptlMng/ctrl/IndvInfoColtCsntWrtnController.java,IndvInfoColtCsntWrtnController.java,indvInfoColtCsntWrtnService
/src/main/java/com/wti/admin/sysMng/ptlMng/ctrl/MainPageSetInqrController.java,MainPageSetInqrController.java,MainPageSetInqrService
/src/main/java/com/wti/admin/sysMng/ptlMng/ctrl/PopupPageInqrController.java,PopupPageInqrController.java,popupPageInqrService
/src/main/java/com/wti/admin/sysMng/ptlMng/ctrl/PopupPageWrtnController.java,PopupPageWrtnController.java,popupPageWrtnService
/src/main/java/com/wti/admin/sysMng/ptlMng/ctrl/PopupZoneInqrController.java,PopupZoneInqrController.java,popupZoneInqrService
/src/main/java/com/wti/admin/sysMng/ptlMng/ctrl/PopupZoneWrtnController.java,PopupZoneWrtnController.java,popupZoneWrtnService
/src/main/java/com/wti/admin/sysMng/svcRqst/ctrl/MenuFileMngController.java,MenuFileMngController.java,menuFileMngService
/src/main/java/com/wti/admin/sysMng/svcRqst/ctrl/SvcRqstController.java,SvcRqstController.java,SvcRqstService
/src/main/java/com/wti/admin/techo/bizAply/ctrl/TechoAccnSrvyRegController.java,TechoAccnSrvyRegController.java,techoAccnSrvyRegService
/src/main/java/com/wti/admin/techo/bizAply/ctrl/TechoBizAplyInfoController.java,TechoBizAplyInfoController.java,TechoBizAplyInfoService
/src/main/java/com/wti/admin/techo/bizAply/ctrl/TechoPopController.java,TechoPopController.java,techoPopService
/src/main/java/com/wti/admin/techo/bizAply/ctrl/TechoSelEvalRegController.java,TechoSelEvalRegController.java,techoSelEvalRegService
/src/main/java/com/wti/admin/techo/bizMng/ctrl/TechBdgtAplctMngController.java,TechBdgtAplctMngController.java,techBdgtAplctService
/src/main/java/com/wti/admin/techo/bizMng/ctrl/TechBdgtAplctMngController.java,TechBdgtAplctMngController.java,techBdgtAplctMngService
/src/main/java/com/wti/admin/techo/bizMng/ctrl/TechoBizArgmInfoController.java,TechoBizArgmInfoController.java,techoBizAgrmInfoService
/src/main/java/com/wti/admin/techo/bizMng/ctrl/TechoBizcsEctnMngInfoController.java,TechoBizcsEctnMngInfoController.java,techoBizcsEctnMngInfoService
/src/main/java/com/wti/admin/techo/bizMng/ctrl/TechoPrtcMngController.java,TechoPrtcMngController.java,TechoPrtcMngService
/src/main/java/com/wti/admin/techo/bizMng/ctrl/TechoRptdSbmtInfoController.java,TechoRptdSbmtInfoController.java,TechoRptdSbmtInfoService
/src/main/java/com/wti/admin/techo/bizMng/ctrl/TechoStdnMngSchdlController.java,TechoStdnMngSchdlController.java,TechoStdnMngSchdlService
/src/main/java/com/wti/admin/techo/statSttn/ctrl/AgrmEnpStatController.java,AgrmEnpStatController.java,AgrmEnpStatService
/src/main/java/com/wti/admin/techo/statSttn/ctrl/BizcsStatController.java,BizcsStatController.java,BizcsStatService
/src/main/java/com/wti/admin/techo/statSttn/ctrl/StdnJobSttnController.java,StdnJobSttnController.java,StdnJobSttnService
/src/main/java/com/wti/admin/techo/statSttn/ctrl/StdnStatController.java,StdnStatController.java,StdnStatService
/src/main/java/com/wti/admin/techo/statSttn/ctrl/TechoAgreeOrgStatController.java,TechoAgreeOrgStatController.java,TechoAgreeOrgStatService
/src/main/java/com/wti/admin/techo/statSttn/ctrl/TechoDeptJoinSttnController.java,TechoDeptJoinSttnController.java,TechoDeptJoinSttnService
/src/main/java/com/wti/admin/techo/statSttn/ctrl/TechoEnpCtlgController.java,TechoEnpCtlgController.java,TechoEnpCtlgService
/src/main/java/com/wti/admin/techo/statSttn/ctrl/TechoMonthStdnStatController.java,TechoMonthStdnStatController.java,TechoMonthStdnStatService
/src/main/java/com/wti/admin/techo/statSttn/ctrl/TechoOneAndProjectsStatController.java,TechoOneAndProjectsStatController.java,TechoOneAndProjectsStatService
/src/main/java/com/wti/admin/techo/statSttn/ctrl/TechoStdnCtlgController.java,TechoStdnCtlgController.java,TechoStdnCtlgService
/src/main/java/com/wti/admin/techo/statSttn/ctrl/TechoStdnJoinDetlController.java,TechoStdnJoinDetlController.java,TechoStdnJoinDetlService
/src/main/java/com/wti/admin/techo/statSttn/ctrl/TechoStdnJoinSttnController.java,TechoStdnJoinSttnController.java,TechoStdnJoinSttnService
/src/main/java/com/wti/admin/techo/statSttn/ctrl/TechoWorkExpnsStatController.java,TechoWorkExpnsStatController.java,TechoWorkExpnsStatService
/src/main/java/com/wti/admin/techo/statSttn/ctrl/WorkExpnsBudgetController.java,WorkExpnsBudgetController.java,WorkExpnsBudgetService
/src/main/java/com/wti/cmn/ctrl/ComBizController.java,ComBizController.java,comBizService
/src/main/java/com/wti/cmn/ctrl/ComCodeController.java,ComCodeController.java,comCodeService
/src/main/java/com/wti/cmn/ctrl/FileDownLoadController.java,FileDownLoadController.java,fileDownloadService
/src/main/java/com/wti/cmn/ctrl/FileDownLoadController.java,FileDownLoadController.java,nasFileService
/src/main/java/com/wti/cmn/ctrl/FileDownLoadController.java,FileDownLoadController.java,lgnHistMngInqrService
/src/main/java/com/wti/cmn/ctrl/ImgUploadController.java,ImgUploadController.java,propertiesService
/src/main/java/com/wti/cmn/ctrl/ImgUploadController.java,ImgUploadController.java,imgUploadService
/src/main/java/com/wti/cmn/ctrl/ImgUploadController.java,ImgUploadController.java,nasFileService
/src/main/java/com/wti/cmn/ctrl/InsttController.java,InsttController.java,insttService
/src/main/java/com/wti/cmn/ctrl/LoginController.java,LoginController.java,loginService
/src/main/java/com/wti/cmn/ctrl/LoginController.java,LoginController.java,comBizService
/src/main/java/com/wti/cmn/ctrl/LoginController.java,LoginController.java,mbrJoinService
/src/main/java/com/wti/cmn/ctrl/LoginController.java,LoginController.java,smsService
/src/main/java/com/wti/cmn/ctrl/LoginController.java,LoginController.java,propertiesService
/src/main/java/com/wti/cmn/ctrl/MainController.java,MainController.java,mainService
/src/main/java/com/wti/cmn/ctrl/MberController.java,MberController.java,mberService
/src/main/java/com/wti/cmn/ctrl/MberController.java,MberController.java,mbrJoinService
/src/main/java/com/wti/cmn/ctrl/MberController.java,MberController.java,smsService
/src/main/java/com/wti/cmn/ctrl/MberController.java,MberController.java,propertiesService
/src/main/java/com/wti/cmn/ctrl/MenuController.java,MenuController.java,menuService
/src/main/java/com/wti/cmn/ctrl/PrvcPvsnAgreController.java,PrvcPvsnAgreController.java,loginService
/src/main/java/com/wti/cmn/ctrl/S3UploadController.java,S3UploadController.java,nasFileService
/src/main/java/com/wti/cmn/ctrl/SmesApiController.java,SmesApiController.java,smebscReqstSttusService
/src/main/java/com/wti/cmn/ctrl/SmesApiController.java,SmesApiController.java,smesApiService
/src/main/java/com/wti/cmn/ctrl/SurveyMobileController.java,SurveyMobileController.java,surveyMobileService
/src/main/java/com/wti/cmn/ctrl/UploadController.java,UploadController.java,uploadService
/src/main/java/com/wti/cmn/ctrl/WebSquareMainController.java,WebSquareMainController.java,loginService
/src/main/java/com/wti/usr/anns/ctrl/BizNoticeController.java,BizNoticeController.java,BizNoticeService
/src/main/java/com/wti/usr/anns/ctrl/NewsItemController.java,NewsItemController.java,NewsItemService
/src/main/java/com/wti/usr/anns/ctrl/NoticeController.java,NoticeController.java,NoticeService
/src/main/java/com/wti/usr/aply/bizDvr/ctrl/BudgetDvrSttnController.java,BudgetDvrSttnController.java,budgetDvrSttnService
/src/main/java/com/wti/usr/aply/bizofc/ctrl/BizofcAplyController.java,BizofcAplyController.java,bizofcAplyService
/src/main/java/com/wti/usr/aply/ctrl/BizAplyCltgController.java,BizAplyCltgController.java,bizAplyCltgService
/src/main/java/com/wti/usr/aply/ctrl/BizSelSttnController.java,BizSelSttnController.java,bizSelSttnService
/src/main/java/com/wti/usr/aply/ctrl/CndeptAplyController.java,CndeptAplyController.java,cndeptAplyService
/src/main/java/com/wti/usr/aply/ctrl/CndeptAplyController.java,CndeptAplyController.java,bizSelSttnService
/src/main/java/com/wti/usr/aply/ctrl/DfmnAplyController.java,DfmnAplyController.java,dfmnAplyService
/src/main/java/com/wti/usr/aply/ctrl/PrgmPrgrController.java,PrgmPrgrController.java,prgmPrgrService
/src/main/java/com/wti/usr/aply/ctrl/SmehrdEqpmnController.java,SmehrdEqpmnController.java,smehrdEqpmnService
/src/main/java/com/wti/usr/aply/ctrl/SpclhsAplyController.java,SpclhsAplyController.java,spclhsAplyService
/src/main/java/com/wti/usr/aply/ctrl/SpclhsInsttPoolController.java,SpclhsInsttPoolController.java,spclhsInsttPoolService
/src/main/java/com/wti/usr/aply/ctrl/SpclhsRsltIndxController.java,SpclhsRsltIndxController.java,spclhsRsltIndxService
/src/main/java/com/wti/usr/aply/ctrl/StdnMngController.java,StdnMngController.java,stdnMngService
/src/main/java/com/wti/usr/aply/ctrl/TrptCnttMngController.java,TrptCnttMngController.java,trptCnttMngService
/src/main/java/com/wti/usr/aply/edinsp/ctrl/EdinspAplyController.java,EdinspAplyController.java,edinspAplyService
/src/main/java/com/wti/usr/aply/edinsp/ctrl/EdinspAplyController.java,EdinspAplyController.java,techoAplyService
/src/main/java/com/wti/usr/aply/edinsp/ctrl/EdinspAplyController.java,EdinspAplyController.java,bizSelSttnService
/src/main/java/com/wti/usr/aply/h3g/ctrl/H3gReqBasInfoController.java,H3gReqBasInfoController.java,h3gReqBasInfoService
/src/main/java/com/wti/usr/aply/h3g/ctrl/H3gReqBasInfoController.java,H3gReqBasInfoController.java,h3gReqCompInfoService
/src/main/java/com/wti/usr/aply/h3g/ctrl/H3gReqBasInfoController.java,H3gReqBasInfoController.java,idtcagAplyInfoService
/src/main/java/com/wti/usr/aply/h3g/ctrl/H3gReqBasInfoController.java,H3gReqBasInfoController.java,selfTestActService
/src/main/java/com/wti/usr/aply/h3g/ctrl/H3gReqBasInfoController.java,H3gReqBasInfoController.java,fileDownloadService
/src/main/java/com/wti/usr/aply/h3g/ctrl/H3gReqCompInfoController.java,H3gReqCompInfoController.java,h3gReqCompInfoService
/src/main/java/com/wti/usr/aply/h3g/ctrl/H3gReqCompInfoController.java,H3gReqCompInfoController.java,h3gReqBasInfoService
/src/main/java/com/wti/usr/aply/h3g/ctrl/H3gReqInfoController.java,H3gReqInfoController.java,h3gReqInfoService
/src/main/java/com/wti/usr/aply/h3g/ctrl/H3gReqInfoController.java,H3gReqInfoController.java,h3gReqBasInfoService
/src/main/java/com/wti/usr/aply/h3g/ctrl/H3gReqListController.java,H3gReqListController.java,h3gReqListService
/src/main/java/com/wti/usr/aply/h3g/ctrl/H3gReqReqreNmprController.java,H3gReqReqreNmprController.java,h3gReqReqreNmprService
/src/main/java/com/wti/usr/aply/h3g/ctrl/H3gReqReqreNmprController.java,H3gReqReqreNmprController.java,h3gReqBasInfoService
/src/main/java/com/wti/usr/aply/h3g/ctrl/H3gReqSelfDignsAllotController.java,H3gReqSelfDignsAllotController.java,h3gReqSelfDignsAllotService
/src/main/java/com/wti/usr/aply/h3g/ctrl/SelfTestActController.java,SelfTestActController.java,selfTestActService
/src/main/java/com/wti/usr/aply/h3g/ctrl/SelfTestActNewController.java,SelfTestActNewController.java,selfTestActNewService
/src/main/java/com/wti/usr/aply/hssppl/ctrl/HsspplAplyMngController.java,HsspplAplyMngController.java,comBizService
/src/main/java/com/wti/usr/aply/hssppl/ctrl/HsspplAplyMngController.java,HsspplAplyMngController.java,hsspplAplyMngService
/src/main/java/com/wti/usr/aply/hssppl/ctrl/HsspplAplyMngController.java,HsspplAplyMngController.java,nasFileService
/src/main/java/com/wti/usr/aply/smebsc/ctrl/SmebscCnfrmnReqstController.java,SmebscCnfrmnReqstController.java,smebscCnfrmnReqstService
/src/main/java/com/wti/usr/aply/smebsc/ctrl/SmebscCnfrmnReqstController.java,SmebscCnfrmnReqstController.java,nasFileService
/src/main/java/com/wti/usr/aply/smebsc/ctrl/SmebscReqInfoController.java,SmebscReqInfoController.java,smebscReqInfoService
/src/main/java/com/wti/usr/aply/smebsc/ctrl/SmebscReqInfoController.java,SmebscReqInfoController.java,smebscProcService
/src/main/java/com/wti/usr/aply/smebsc/ctrl/SmebscReqListController.java,SmebscReqListController.java,smebscReqListService
/src/main/java/com/wti/usr/aply/smebsc/ctrl/SmebscReqstSttusController.java,SmebscReqstSttusController.java,smebscReqstSttusService
/src/main/java/com/wti/usr/aply/smebsc/ctrl/SmebscReqstSttusController.java,SmebscReqstSttusController.java,smebscReqstMngService
/src/main/java/com/wti/usr/aply/smebsc/ctrl/SmebscReqstSttusController.java,SmebscReqstSttusController.java,nasFileService
/src/main/java/com/wti/usr/aply/smehrd/ctrl/SmehrdReqInfoController.java,SmehrdReqInfoController.java,smehrdReqInfoService
/src/main/java/com/wti/usr/aply/smehrd/ctrl/SmehrdReqInfoController.java,SmehrdReqInfoController.java,smehrdProcService
/src/main/java/com/wti/usr/aply/smehrd/ctrl/SmehrdReqListController.java,SmehrdReqListController.java,smehrdReqListService
/src/main/java/com/wti/usr/aply/techo/ctrl/TechoAplyController.java,TechoAplyController.java,bizSelSttnService
/src/main/java/com/wti/usr/aply/techo/ctrl/TechoAplyController.java,TechoAplyController.java,techoAplyService
/src/main/java/com/wti/usr/aply/techo/ctrl/TechoAplyController.java,TechoAplyController.java,spclhsAplyService
/src/main/java/com/wti/usr/aply/wfsCntr/ctrl/WfsCnslSttnController.java,WfsCnslSttnController.java,wfsCnslSttnService
/src/main/java/com/wti/usr/aply/wfsCntr/ctrl/WfsJbofAplyController.java,WfsJbofAplyController.java,wfsAplyInfoService
/src/main/java/com/wti/usr/aply/wfsCntr/ctrl/WfsPrgrSttnController.java,WfsPrgrSttnController.java,wfsPrgrSttnService
/src/main/java/com/wti/usr/cmn/main/ctrl/IntgSrchController.java,IntgSrchController.java,IntgSrchService
/src/main/java/com/wti/usr/cmn/mnl/ctrl/CmnMnlMngController.java,CmnMnlMngController.java,cmnMnlMngService
/src/main/java/com/wti/usr/cmn/proc/pr0311/ctrl/PR0311UserProcController.java,PR0311UserProcController.java,pr0311NewSaveTranProcService
/src/main/java/com/wti/usr/cmn/proc/pr0311/ctrl/PR0311UserProcController.java,PR0311UserProcController.java,pr0311WritingSaveTranProcService
/src/main/java/com/wti/usr/cmn/proc/pr0311/ctrl/PR0311UserProcController.java,PR0311UserProcController.java,pr0311WritingDeleteTranProcService
/src/main/java/com/wti/usr/cmn/proc/pr0311/ctrl/PR0311UserProcController.java,PR0311UserProcController.java,pr0311WritingWritefinishTranProcService
/src/main/java/com/wti/usr/cmn/proc/pr0311/ctrl/PR0311UserProcController.java,PR0311UserProcController.java,pr0311RceptCancelTranProcService
/src/main/java/com/wti/usr/cmn/proc/pr0311/ctrl/PR0311UserProcController.java,PR0311UserProcController.java,pr0311ReturnRewriteTranProcService
/src/main/java/com/wti/usr/cndept/ctrl/CndeptBdgtAplctUserController.java,CndeptBdgtAplctUserController.java,budgetDvrSttnService
/src/main/java/com/wti/usr/cndept/ctrl/CndeptBdgtAplctUserController.java,CndeptBdgtAplctUserController.java,cndeptBdgtAplctUserService
/src/main/java/com/wti/usr/cndept/ctrl/CndeptStdnMngUserController.java,CndeptStdnMngUserController.java,cndeptStdnMngUserService
/src/main/java/com/wti/usr/info/ctrl/DscrsDvlPmController.java,DscrsDvlPmController.java,dscrsDvlPmService
/src/main/java/com/wti/usr/info/ctrl/EduProgramController.java,EduProgramController.java,EduProgramService
/src/main/java/com/wti/usr/info/ctrl/PlusInfoController.java,PlusInfoController.java,PlusInfoService
/src/main/java/com/wti/usr/info/ctrl/PlusInfoController.java,PlusInfoController.java,PlusInfoDtlService
/src/main/java/com/wti/usr/info/ctrl/PlusInfoController.java,PlusInfoController.java,EduProgramService
/src/main/java/com/wti/usr/info/ctrl/RuleNFormsController.java,RuleNFormsController.java,RuleNFormsService
/src/main/java/com/wti/usr/info/ctrl/RuleNFormsController.java,RuleNFormsController.java,RuleNFormsDtlService
/src/main/java/com/wti/usr/info/ctrl/RuleNFormsController.java,RuleNFormsController.java,EduProgramService
/src/main/java/com/wti/usr/info/ctrl/SchInfoController.java,SchInfoController.java,SchInfoService
/src/main/java/com/wti/usr/info/ctrl/SchInfoController.java,SchInfoController.java,SchInfoDtlService
/src/main/java/com/wti/usr/info/ctrl/SpCaseController.java,SpCaseController.java,SpCaseService
/src/main/java/com/wti/usr/mbr/ctrl/IntrrtSttmntController.java,IntrrtSttmntController.java,IntrrtSttmntService
/src/main/java/com/wti/usr/mbr/ctrl/ProfMngmtController.java,ProfMngmtController.java,ProfMngmtService
/src/main/java/com/wti/usr/mbr/ctrl/ProfMngmtController.java,ProfMngmtController.java,BizNoticeService
/src/main/java/com/wti/usr/prtc/ctrl/FAQController.java,FAQController.java,FAQService
/src/main/java/com/wti/usr/prtc/ctrl/OoQstnController.java,OoQstnController.java,OoQstnService
/src/main/java/com/wti/usr/prtc/ctrl/PrtcCnfrDocController.java,PrtcCnfrDocController.java,PrtcCnfrDocService
/src/main/java/com/wti/usr/prtc/ctrl/QnAController.java,QnAController.java,QnAService
/src/main/java/com/wti/usr/tech/ctrl/TechBdgtAplctController.java,TechBdgtAplctController.java,techBdgtAplctService
/src/main/java/com/wti/usr/tech/ctrl/TechStdnUserController.java,TechStdnUserController.java,techStdnUserService
/src/main/java/egovframework/com/cmm/web/EgovComIndexController.java,EgovComIndexController.java,egovMessageSource
/src/main/java/egovframework/com/cmm/web/EgovComUtlController.java,EgovComUtlController.java,propertiesService
/src/main/java/egovframework/com/cmm/web/EgovFileDownloadController.java,EgovFileDownloadController.java,EgovFileMngService
/src/main/java/egovframework/com/cmm/web/EgovFileMngController.java,EgovFileMngController.java,EgovFileMngService
/src/main/java/egovframework/com/cmm/web/EgovImageProcessController.java,EgovImageProcessController.java,EgovFileMngService
/src/main/java/egovframework/com/sym/ccm/cca/web/EgovCcmCmmnCodeManageController.java,EgovCcmCmmnCodeManageController.java,CmmnCodeManageService
/src/main/java/egovframework/com/sym/ccm/cca/web/EgovCcmCmmnCodeManageController.java,EgovCcmCmmnCodeManageController.java,CmmnClCodeManageService
/src/main/java/egovframework/com/sym/ccm/cca/web/EgovCcmCmmnCodeManageController.java,EgovCcmCmmnCodeManageController.java,propertiesService
/src/main/java/egovframework/com/sym/ccm/ccc/web/EgovCcmCmmnClCodeManageController.java,EgovCcmCmmnClCodeManageController.java,CmmnClCodeManageService
/src/main/java/egovframework/com/sym/ccm/ccc/web/EgovCcmCmmnClCodeManageController.java,EgovCcmCmmnClCodeManageController.java,propertiesService
/src/main/java/egovframework/com/sym/ccm/cde/web/EgovCcmCmmnDetailCodeManageController.java,EgovCcmCmmnDetailCodeManageController.java,CmmnDetailCodeManageService
/src/main/java/egovframework/com/sym/ccm/cde/web/EgovCcmCmmnDetailCodeManageController.java,EgovCcmCmmnDetailCodeManageController.java,CmmnClCodeManageService
/src/main/java/egovframework/com/sym/ccm/cde/web/EgovCcmCmmnDetailCodeManageController.java,EgovCcmCmmnDetailCodeManageController.java,CmmnCodeManageService
/src/main/java/egovframework/com/sym/ccm/cde/web/EgovCcmCmmnDetailCodeManageController.java,EgovCcmCmmnDetailCodeManageController.java,propertiesService
/src/main/java/egovframework/com/uat/uap/web/EgovLoginPolicyController.java,EgovLoginPolicyController.java,egovMessageSource
/src/main/java/egovframework/com/uat/uap/web/EgovLoginPolicyController.java,EgovLoginPolicyController.java,egovLoginPolicyService
/src/main/java/egovframework/com/utl/pao/web/EgovErncslController.java,EgovErncslController.java,PrntngOutpt
/src/main/java/egovframework/com/utl/pao/web/EgovErncslController.java,EgovErncslController.java,propertiesService
