serviceImpl_url,serviceImpl_file,resource_name
/src/main/java/com/wti/admin/bizDvr/service/BudgetDvrRqstSttnServiceImpl.java,BudgetDvrRqstSttnServiceImpl.java,budgetDvrRqstSttnDAO
/src/main/java/com/wti/admin/bizMng/dbMng/service/BudgetDvrServiceImpl.java,BudgetDvrServiceImpl.java,budgetDvrDAO
/src/main/java/com/wti/admin/bizMng/dbMng/service/BudgetDvrServiceImpl.java,BudgetDvrServiceImpl.java,comBizDAO
/src/main/java/com/wti/admin/bizMng/dbMng/service/JoinStdnExcelRegServiceImpl.java,JoinStdnExcelRegServiceImpl.java,JoinStdnExcelRegDAO
/src/main/java/com/wti/admin/bizMng/dbMng/service/StdnRegExcelRegInfoServiceImpl.java,StdnRegExcelRegInfoServiceImpl.java,stdnRegExcelRegInfoDAO
/src/main/java/com/wti/admin/bizMng/histMng/service/HistInqrServiceImpl.java,HistInqrServiceImpl.java,histInqrDAO
/src/main/java/com/wti/admin/bizMng/histMng/service/HistMngExcelRegServiceImpl.java,HistMngExcelRegServiceImpl.java,HistMngExcelRegDAO
/src/main/java/com/wti/admin/bizMng/histMng/service/HistMngExcelRegServiceImpl.java,HistMngExcelRegServiceImpl.java,txManager
/src/main/java/com/wti/admin/bizMng/histMng/service/HistMngServiceImpl.java,HistMngServiceImpl.java,HistMngDAO
/src/main/java/com/wti/admin/bizMng/histMng/service/HistMngWhlServiceImpl.java,HistMngWhlServiceImpl.java,HistMngWhlDAO
/src/main/java/com/wti/admin/bizMng/hmpyLinkMng/service/HmpyLinkMngWhlExcelRegServiceImpl.java,HmpyLinkMngWhlExcelRegServiceImpl.java,HmpyLinkMngWhlExcelRegDAO
/src/main/java/com/wti/admin/bizMng/hmpyLinkMng/service/HmpyLinkMngWhlServiceImpl.java,HmpyLinkMngWhlServiceImpl.java,HmpyLinkMngWhlDAO
/src/main/java/com/wti/admin/bizMng/mbrSttn/service/MbrAdminRoleDetlServiceImpl.java,MbrAdminRoleDetlServiceImpl.java,MbrAdminRoleDetlDAO
/src/main/java/com/wti/admin/bizMng/mbrSttn/service/MbrAdminRoleServiceImpl.java,MbrAdminRoleServiceImpl.java,MbrAdminRoleDAO
/src/main/java/com/wti/admin/bizMng/mbrSttn/service/MbrCtlgServiceImpl.java,MbrCtlgServiceImpl.java,mbrCtlgDAO
/src/main/java/com/wti/admin/bizMng/mbrSttn/service/MbrDetlServiceImpl.java,MbrDetlServiceImpl.java,MbrDetlDAO
/src/main/java/com/wti/admin/bizMng/mbrSttn/service/MbrItmzServiceImpl.java,MbrItmzServiceImpl.java,mbrItmzDAO
/src/main/java/com/wti/admin/bizMng/ntthMng/service/IntrrtSttmntInfoServiceImpl.java,IntrrtSttmntInfoServiceImpl.java,intrrtSttmntInfoDAO
/src/main/java/com/wti/admin/bizMng/ntthMng/service/SchNwsInfoServiceImpl.java,SchNwsInfoServiceImpl.java,schNwsInfoDAO
/src/main/java/com/wti/admin/bizMng/ntthMng/service/SchNwsInfoServiceImpl.java,SchNwsInfoServiceImpl.java,comBizDAO
/src/main/java/com/wti/admin/bizMng/ntthMng/service/SchNwsMngServiceImpl.java,SchNwsMngServiceImpl.java,schNwsMngDAO
/src/main/java/com/wti/admin/bizMng/poolMng/service/JoinEnpAplyInfoServiceImpl.java,JoinEnpAplyInfoServiceImpl.java,JoinEnpAplyInfoDAO
/src/main/java/com/wti/admin/bizMng/poolMng/service/JoinEnpPoolSttnServiceImpl.java,JoinEnpPoolSttnServiceImpl.java,JoinEnpPoolSttnDAO
/src/main/java/com/wti/admin/bizMng/poolMng/service/SpctrAplyInfoServiceImpl.java,SpctrAplyInfoServiceImpl.java,spctrAplyInfoDAO
/src/main/java/com/wti/admin/bizMng/poolMng/service/SpctrPoolSttnServiceImpl.java,SpctrPoolSttnServiceImpl.java,spctrPoolSttnDAO
/src/main/java/com/wti/admin/bizMng/reg/service/BizNotcRegServiceImpl.java,BizNotcRegServiceImpl.java,bizNotcRegDAO
/src/main/java/com/wti/admin/bizMng/reg/service/BizNotcRegServiceImpl.java,BizNotcRegServiceImpl.java,comBizDAO
/src/main/java/com/wti/admin/bizMng/reg/service/BizNotcSttnServiceImpl.java,BizNotcSttnServiceImpl.java,bizNotcSttnDAO
/src/main/java/com/wti/admin/bizMng/reg/service/BizRegInfoServiceImpl.java,BizRegInfoServiceImpl.java,bizRegInfoDAO
/src/main/java/com/wti/admin/bizMng/reg/service/BizRegInfoServiceImpl.java,BizRegInfoServiceImpl.java,comBizDAO
/src/main/java/com/wti/admin/bizMng/reg/service/BizRegInfoServiceImpl.java,BizRegInfoServiceImpl.java,nasFileService
/src/main/java/com/wti/admin/bizMng/reg/service/BizRegInfoServiceImpl.java,BizRegInfoServiceImpl.java,propertiesService
/src/main/java/com/wti/admin/bizMng/reg/service/BizSttnServiceImpl.java,BizSttnServiceImpl.java,bizSttnDAO
/src/main/java/com/wti/admin/bizMng/sttn/service/BsbyAplySttnServiceImpl.java,BsbyAplySttnServiceImpl.java,bsbyAplySttnDAO
/src/main/java/com/wti/admin/bizMng/sttn/service/BsbySprtSttnServiceImpl.java,BsbySprtSttnServiceImpl.java,bsbySprtSttnDAO
/src/main/java/com/wti/admin/bizMng/wfsCntr/service/WfsAplyInfoServiceImpl.java,WfsAplyInfoServiceImpl.java,wfsAplyInfoDAO
/src/main/java/com/wti/admin/bizMng/wfsCntr/service/WfsCnslSttnServiceImpl.java,WfsCnslSttnServiceImpl.java,wfsAdmCnslSttnDAO
/src/main/java/com/wti/admin/bizofc/service/BizofcMngServiceImpl.java,BizofcMngServiceImpl.java,bizofcMngDAO
/src/main/java/com/wti/admin/bizofc/service/BizofcMngServiceImpl.java,BizofcMngServiceImpl.java,fileDownloadService
/src/main/java/com/wti/admin/cmn/bizAply/service/AccnSrvySttnServiceImpl.java,AccnSrvySttnServiceImpl.java,AccnSrvySttnDAO
/src/main/java/com/wti/admin/cmn/bizAply/service/AplyAcptSttnServiceImpl.java,AplyAcptSttnServiceImpl.java,aplyAcptSttnDAO
/src/main/java/com/wti/admin/cmn/bizAply/service/AplyAcptSttnServiceImpl.java,AplyAcptSttnServiceImpl.java,fileDownloadService
/src/main/java/com/wti/admin/cmn/bizAply/service/SelEvalSttnServiceImpl.java,SelEvalSttnServiceImpl.java,SelEvalSttnDAO
/src/main/java/com/wti/admin/cmn/bizMng/service/BizAgrmSttnServiceImpl.java,BizAgrmSttnServiceImpl.java,BizAgrmSttnDAO
/src/main/java/com/wti/admin/cmn/bizMng/service/BizBscsSttnServiceImpl.java,BizBscsSttnServiceImpl.java,BizBscsSttnDAO
/src/main/java/com/wti/admin/cmn/bizMng/service/DfmnAplyInfoServiceImpl.java,DfmnAplyInfoServiceImpl.java,DfmnAplyInfoDAO
/src/main/java/com/wti/admin/cmn/bizMng/service/DfmnAplyInfoServiceImpl.java,DfmnAplyInfoServiceImpl.java,comBizDAO
/src/main/java/com/wti/admin/cmn/bizMng/service/DfmnAplyRegServiceImpl.java,DfmnAplyRegServiceImpl.java,DfmnAplyRegDAO
/src/main/java/com/wti/admin/cmn/bizMng/service/DfmnAplyRegServiceImpl.java,DfmnAplyRegServiceImpl.java,comBizDAO
/src/main/java/com/wti/admin/cmn/bizMng/service/DfmnAplySttnServiceImpl.java,DfmnAplySttnServiceImpl.java,DfmnAplySttnDAO
/src/main/java/com/wti/admin/cmn/bizMng/service/OtcmEvalSttnServiceImpl.java,OtcmEvalSttnServiceImpl.java,otcmEvalSttnDAO
/src/main/java/com/wti/admin/cmn/pop/service/ChrgrChcServiceImpl.java,ChrgrChcServiceImpl.java,chrgrChcDAO
/src/main/java/com/wti/admin/cmn/pop/service/ExcelFileUpldServiceImpl.java,ExcelFileUpldServiceImpl.java,excelFileUpldDAO
/src/main/java/com/wti/admin/cmn/pop/service/MbrInqrServiceImpl.java,MbrInqrServiceImpl.java,MbrInqrDAO
/src/main/java/com/wti/admin/cmn/pop/service/RlorgChcServiceImpl.java,RlorgChcServiceImpl.java,rlorgChcDAO
/src/main/java/com/wti/admin/cmn/pop/service/SchInfoListServiceImpl.java,SchInfoListServiceImpl.java,schInfoListDAO
/src/main/java/com/wti/admin/cndept/bdgtAplct/service/CndeptBdgtAplctMngServiceImpl.java,CndeptBdgtAplctMngServiceImpl.java,cndeptBdgtAplctUserDAO
/src/main/java/com/wti/admin/cndept/bdgtAplct/service/CndeptBdgtAplctMngServiceImpl.java,CndeptBdgtAplctMngServiceImpl.java,cndeptBdgtAplctMngDAO
/src/main/java/com/wti/admin/cndept/bizAply/service/CndeptAccnSrvyRegServiceImpl.java,CndeptAccnSrvyRegServiceImpl.java,cndeptAccnSrvyRegDAO
/src/main/java/com/wti/admin/cndept/bizAply/service/CndeptAccnSrvyRegServiceImpl.java,CndeptAccnSrvyRegServiceImpl.java,spclhsAccnSrvyRegDAO
/src/main/java/com/wti/admin/cndept/bizAply/service/CndeptAccnSrvyRegServiceImpl.java,CndeptAccnSrvyRegServiceImpl.java,comBizDAO
/src/main/java/com/wti/admin/cndept/bizAply/service/CndeptBizAplyInfoServiceImpl.java,CndeptBizAplyInfoServiceImpl.java,cndeptBizAplyInfoDAO
/src/main/java/com/wti/admin/cndept/bizAply/service/CndeptBizAplyInfoServiceImpl.java,CndeptBizAplyInfoServiceImpl.java,comBizDAO
/src/main/java/com/wti/admin/cndept/bizAply/service/CndeptSelEvalRegServiceImpl.java,CndeptSelEvalRegServiceImpl.java,cndeptAccnSrvyRegDAO
/src/main/java/com/wti/admin/cndept/bizAply/service/CndeptSelEvalRegServiceImpl.java,CndeptSelEvalRegServiceImpl.java,spclhsSelEvalRegDAO
/src/main/java/com/wti/admin/cndept/bizAply/service/CndeptSelEvalRegServiceImpl.java,CndeptSelEvalRegServiceImpl.java,comBizDAO
/src/main/java/com/wti/admin/cndept/bizMng/service/CndeptBizAgrmInfoServiceImpl.java,CndeptBizAgrmInfoServiceImpl.java,cndeptAccnSrvyRegDAO
/src/main/java/com/wti/admin/cndept/bizMng/service/CndeptBizAgrmInfoServiceImpl.java,CndeptBizAgrmInfoServiceImpl.java,cndeptBizAgrmInfoDAO
/src/main/java/com/wti/admin/cndept/bizMng/service/CndeptBizAgrmInfoServiceImpl.java,CndeptBizAgrmInfoServiceImpl.java,comBizDAO
/src/main/java/com/wti/admin/cndept/bizMng/service/CndeptBizcsEctnMngInfoServiceImpl.java,CndeptBizcsEctnMngInfoServiceImpl.java,cndeptBizcsEctnMngInfoDAO
/src/main/java/com/wti/admin/cndept/bizMng/service/CndeptBizcsExclMngInfoServiceImpl.java,CndeptBizcsExclMngInfoServiceImpl.java,cndeptBizcsExclMngInfoDAO
/src/main/java/com/wti/admin/cndept/bizMng/service/CndeptBizcsExclMngInfoServiceImpl.java,CndeptBizcsExclMngInfoServiceImpl.java,cndeptBizcsEctnMngInfoDAO
/src/main/java/com/wti/admin/cndept/bizMng/service/CndeptBizcsExclMngInfoServiceImpl.java,CndeptBizcsExclMngInfoServiceImpl.java,spclhsBizcsExclMngInfoDAO
/src/main/java/com/wti/admin/cndept/bizMng/service/CndeptBizcsExclMngInfoServiceImpl.java,CndeptBizcsExclMngInfoServiceImpl.java,comBizDAO
/src/main/java/com/wti/admin/cndept/bizMng/service/CndeptOtcmEvalRegServiceImpl.java,CndeptOtcmEvalRegServiceImpl.java,cndeptOtcmEvalRegDAO
/src/main/java/com/wti/admin/cndept/bizMng/service/CndeptOtcmEvalRegServiceImpl.java,CndeptOtcmEvalRegServiceImpl.java,spclhsOtcmEvalRegDAO
/src/main/java/com/wti/admin/cndept/bizMng/service/CndeptOtcmEvalRegServiceImpl.java,CndeptOtcmEvalRegServiceImpl.java,comBizDAO
/src/main/java/com/wti/admin/cndept/bizMng/service/CndeptTrptCnttInqrServiceImpl.java,CndeptTrptCnttInqrServiceImpl.java,cndeptTrptCnttInqrDAO
/src/main/java/com/wti/admin/cndept/bizMng/service/CndeptTrptCnttInqrServiceImpl.java,CndeptTrptCnttInqrServiceImpl.java,comBizDAO
/src/main/java/com/wti/admin/cndept/bizMng/service/CndeptTrptCnttSttnServiceImpl.java,CndeptTrptCnttSttnServiceImpl.java,CndeptTrptCnttSttnDAO
/src/main/java/com/wti/admin/cndept/gradAcqsStats/service/GradAcqsStatsServiceImpl.java,GradAcqsStatsServiceImpl.java,gradAcqsStatsDAO
/src/main/java/com/wti/admin/cndept/qlfcAcqsStats/service/QlfcAcqsStatsServiceImpl.java,QlfcAcqsStatsServiceImpl.java,qlfcAcqsStatsDAO
/src/main/java/com/wti/admin/cndept/schlMng/service/CndeptSchlMngServiceImpl.java,CndeptSchlMngServiceImpl.java,cndeptSchlMngDAO
/src/main/java/com/wti/admin/cndept/statSttn/service/MdwyTueOcrnSttnServiceImpl.java,MdwyTueOcrnSttnServiceImpl.java,MdwyTueOcrnSttnDAO
/src/main/java/com/wti/admin/cndept/statSttn/service/NewStdnRectSttnServiceImpl.java,NewStdnRectSttnServiceImpl.java,NewStdnRectSttnDAO
/src/main/java/com/wti/admin/cndept/statSttn/service/StdnCtlgServiceImpl.java,StdnCtlgServiceImpl.java,StdnCtlgDAO
/src/main/java/com/wti/admin/cndept/statSttn/service/StdnSttnServiceImpl.java,StdnSttnServiceImpl.java,StdnSttnDAO
/src/main/java/com/wti/admin/cndept/stdnMng/service/CndeptStdnMngServiceImpl.java,CndeptStdnMngServiceImpl.java,cndeptStdnMngDAO
/src/main/java/com/wti/admin/eict/bizAply/service/EictAccnSrvyRegServiceImpl.java,EictAccnSrvyRegServiceImpl.java,spclhsAccnSrvyRegDAO
/src/main/java/com/wti/admin/eict/bizAply/service/EictAccnSrvyRegServiceImpl.java,EictAccnSrvyRegServiceImpl.java,comBizDAO
/src/main/java/com/wti/admin/eict/bizAply/service/EictBizAplyInfoServiceImpl.java,EictBizAplyInfoServiceImpl.java,eictBizAplyInfoDAO
/src/main/java/com/wti/admin/eict/bizAply/service/EictJoinEnpPopServiceImpl.java,EictJoinEnpPopServiceImpl.java,eictJoinEnpPopDAO
/src/main/java/com/wti/admin/eict/bizAply/service/EictSelEvalRegServiceImpl.java,EictSelEvalRegServiceImpl.java,spclhsSelEvalRegDAO
/src/main/java/com/wti/admin/eict/bizAply/service/EictSelEvalRegServiceImpl.java,EictSelEvalRegServiceImpl.java,comBizDAO
/src/main/java/com/wti/admin/eict/bizMng/service/EictBizAgrmInfoServiceImpl.java,EictBizAgrmInfoServiceImpl.java,eictBizAgrmInfoDAO
/src/main/java/com/wti/admin/eict/bizMng/service/EictBizcsEctnMngInfoServiceImpl.java,EictBizcsEctnMngInfoServiceImpl.java,spclhsBizcsEctnMngInfoDAO
/src/main/java/com/wti/admin/eict/bizMng/service/EictBizcsEctnMngInfoServiceImpl.java,EictBizcsEctnMngInfoServiceImpl.java,eictBizcsEctnMngInfoDAO
/src/main/java/com/wti/admin/eict/statSttn/service/AcspPrctServiceImpl.java,AcspPrctServiceImpl.java,AcspPrctDAO
/src/main/java/com/wti/admin/eict/statSttn/service/BizcsServiceImpl.java,BizcsServiceImpl.java,BizcsDAO
/src/main/java/com/wti/admin/eict/statSttn/service/CstmEduServiceImpl.java,CstmEduServiceImpl.java,CstmEduDAO
/src/main/java/com/wti/admin/eict/statSttn/service/EictJobStdnStatServiceImpl.java,EictJobStdnStatServiceImpl.java,EictJobStdnStatDAO
/src/main/java/com/wti/admin/eict/statSttn/service/EictOneAndProjectsStatServiceImpl.java,EictOneAndProjectsStatServiceImpl.java,EictOneAndProjectsStatDAO
/src/main/java/com/wti/admin/eict/statSttn/service/EictPartStdnStatServiceImpl.java,EictPartStdnStatServiceImpl.java,EictPartStdnStatDAO
/src/main/java/com/wti/admin/eict/statSttn/service/EictWorkExpnsStatServiceImpl.java,EictWorkExpnsStatServiceImpl.java,EictWorkExpnsStatDAO
/src/main/java/com/wti/admin/eict/statSttn/service/JoinStdnServiceImpl.java,JoinStdnServiceImpl.java,JoinStdnDAO
/src/main/java/com/wti/admin/eict/statSttn/service/OneTeam_1PrjServiceImpl.java,OneTeam_1PrjServiceImpl.java,OneTeam_1PrjDAO
/src/main/java/com/wti/admin/hssppl/service/HsspplMngServiceImpl.java,HsspplMngServiceImpl.java,emailService
/src/main/java/com/wti/admin/hssppl/service/HsspplMngServiceImpl.java,HsspplMngServiceImpl.java,fileDownloadService
/src/main/java/com/wti/admin/hssppl/service/HsspplMngServiceImpl.java,HsspplMngServiceImpl.java,nasFileService
/src/main/java/com/wti/admin/hssppl/service/HsspplMngServiceImpl.java,HsspplMngServiceImpl.java,comBizDAO
/src/main/java/com/wti/admin/hssppl/service/HsspplMngServiceImpl.java,HsspplMngServiceImpl.java,hsspplMngDAO
/src/main/java/com/wti/admin/idtcag/bizMng/service/IdtcagAplyAcptSttnServiceImpl.java,IdtcagAplyAcptSttnServiceImpl.java,IdtcagAplyAcptSttnDAO
/src/main/java/com/wti/admin/idtcag/bizMng/service/IdtcagAplyInfo2015ServiceImpl.java,IdtcagAplyInfo2015ServiceImpl.java,h3gReqSelfDignsAllotDAO
/src/main/java/com/wti/admin/idtcag/bizMng/service/IdtcagAplyInfo2016ServiceImpl.java,IdtcagAplyInfo2016ServiceImpl.java,h3gReqSelfDignsAllotDAO
/src/main/java/com/wti/admin/idtcag/bizMng/service/IdtcagAplyInfoServiceImpl.java,IdtcagAplyInfoServiceImpl.java,idtcagAplyInfoDAO
/src/main/java/com/wti/admin/idtcag/bizMng/service/IdtcagAplyInfoServiceImpl.java,IdtcagAplyInfoServiceImpl.java,comBizDAO
/src/main/java/com/wti/admin/idtcag/bizMng/service/IdtcagAplyInfoServiceImpl.java,IdtcagAplyInfoServiceImpl.java,h3gReqInfoDAO
/src/main/java/com/wti/admin/idtcag/bizMng/service/IdtcagAplyInfoServiceImpl.java,IdtcagAplyInfoServiceImpl.java,h3gReqBasInfoDAO
/src/main/java/com/wti/admin/idtcag/bizMng/service/IdtcagAplyInfoServiceImpl.java,IdtcagAplyInfoServiceImpl.java,IdtcagOnlineEvidenceDAO
/src/main/java/com/wti/admin/idtcag/bizMng/service/IdtcagAplyInfoServiceImpl.java,IdtcagAplyInfoServiceImpl.java,idtcagProcDAO
/src/main/java/com/wti/admin/idtcag/bizMng/service/IdtcagAplyInfoServiceImpl.java,IdtcagAplyInfoServiceImpl.java,selfTestActNewDAO
/src/main/java/com/wti/admin/idtcag/bizMng/service/IdtcagAplyInfoServiceImpl.java,IdtcagAplyInfoServiceImpl.java,smsService
/src/main/java/com/wti/admin/idtcag/bizMng/service/IdtcagAppntEntsServiceImpl.java,IdtcagAppntEntsServiceImpl.java,IdtcagAppntEntsDAO
/src/main/java/com/wti/admin/idtcag/bizMng/service/IdtcagEmailServiceImpl.java,IdtcagEmailServiceImpl.java,idtcagEmailDAO
/src/main/java/com/wti/admin/idtcag/bizMng/service/IdtcagEmailServiceImpl.java,IdtcagEmailServiceImpl.java,comBizDAO
/src/main/java/com/wti/admin/idtcag/bizMng/service/IdtcagEmailServiceImpl.java,IdtcagEmailServiceImpl.java,propertiesService
/src/main/java/com/wti/admin/idtcag/bizMng/service/IdtcagMmaRcmnServiceImpl.java,IdtcagMmaRcmnServiceImpl.java,idtcagMmaRcmnDAO
/src/main/java/com/wti/admin/idtcag/bizMng/service/IdtcagMmaRcmnServiceImpl.java,IdtcagMmaRcmnServiceImpl.java,comBizDAO
/src/main/java/com/wti/admin/idtcag/bizMng/service/IdtcagOnlineEvidenceExcelRegServiceImpl.java,IdtcagOnlineEvidenceExcelRegServiceImpl.java,IdtcagOnlineEvidenceExcelRegDAO
/src/main/java/com/wti/admin/idtcag/bizMng/service/IdtcagOnlineEvidenceExcelRegServiceImpl.java,IdtcagOnlineEvidenceExcelRegServiceImpl.java,txManager
/src/main/java/com/wti/admin/idtcag/bizMng/service/IdtcagOnlineEvidenceServiceImpl.java,IdtcagOnlineEvidenceServiceImpl.java,IdtcagOnlineEvidenceDAO
/src/main/java/com/wti/admin/idtcag/bizMng/service/IdtcagPrcafsChargerPartServiceImpl.java,IdtcagPrcafsChargerPartServiceImpl.java,IdtcagPrcafsChargerPartDAO
/src/main/java/com/wti/admin/idtcag/bizMng/service/IdtcagProcServiceImpl.java,IdtcagProcServiceImpl.java,idtcagProcDAO
/src/main/java/com/wti/admin/idtcag/bizMng/service/IdtcagProcServiceImpl.java,IdtcagProcServiceImpl.java,idtcagAplyInfoDAO
/src/main/java/com/wti/admin/idtcag/bizMng/service/IdtcagProcServiceImpl.java,IdtcagProcServiceImpl.java,comBizDAO
/src/main/java/com/wti/admin/idtcag/bizMng/service/IdtcagProcServiceImpl.java,IdtcagProcServiceImpl.java,h3gReqBasInfoService
/src/main/java/com/wti/admin/idtcag/bizMng/service/IdtcagPrtcpntServiceImpl.java,IdtcagPrtcpntServiceImpl.java,idtcagPrtcpntDAO
/src/main/java/com/wti/admin/idtcag/bizMng/service/IdtcagQlfcRvwSttnServiceImpl.java,IdtcagQlfcRvwSttnServiceImpl.java,IdtcagQlfcRvwSttnDAO
/src/main/java/com/wti/admin/idtcag/bizMng/service/QnAidtcagAdmServiceImpl.java,QnAidtcagAdmServiceImpl.java,QnAidtcagAdmDAO
/src/main/java/com/wti/admin/idtcag/bizMng/service/QnAidtcagAdmServiceImpl.java,QnAidtcagAdmServiceImpl.java,nasFileService
/src/main/java/com/wti/admin/idtcag/statSttn/service/AcptlAcptSttnServiceImpl.java,AcptlAcptSttnServiceImpl.java,AcptlAcptSttnDAO
/src/main/java/com/wti/admin/idtcag/statSttn/service/AplyTypeAcptSttnServiceImpl.java,AplyTypeAcptSttnServiceImpl.java,AplyTypeAcptSttnDAO
/src/main/java/com/wti/admin/idtcag/statSttn/service/FldAcptSttnServiceImpl.java,FldAcptSttnServiceImpl.java,FldAcptSttnDAO
/src/main/java/com/wti/admin/idtcag/statSttn/service/IdtcagDocServiceImpl.java,IdtcagDocServiceImpl.java,idtcagDocDAO
/src/main/java/com/wti/admin/idtcag/statSttn/service/IdtcagEvalDtlSttnServiceImpl.java,IdtcagEvalDtlSttnServiceImpl.java,idtcagEvalDtlSttnDAO
/src/main/java/com/wti/admin/idtcag/statSttn/service/IdtcagEvalDtlSttnServiceImpl.java,IdtcagEvalDtlSttnServiceImpl.java,txManager
/src/main/java/com/wti/admin/idtcag/statSttn/service/IdtcagEvalIndSttnServiceImpl.java,IdtcagEvalIndSttnServiceImpl.java,idtcagEvalIndSttnDAO
/src/main/java/com/wti/admin/idtcag/statSttn/service/IdtcagEvalIndSttnServiceImpl.java,IdtcagEvalIndSttnServiceImpl.java,txManager
/src/main/java/com/wti/admin/idtcag/statSttn/service/IdtcagEvalSetSttnServiceImpl.java,IdtcagEvalSetSttnServiceImpl.java,idtcagEvalSetSttnDAO
/src/main/java/com/wti/admin/idtcag/statSttn/service/IdtcagEvalSetSttnServiceImpl.java,IdtcagEvalSetSttnServiceImpl.java,txManager
/src/main/java/com/wti/admin/idtcag/statSttn/service/PrgrSttnServiceImpl.java,PrgrSttnServiceImpl.java,PrgrSttnDAO
/src/main/java/com/wti/admin/idtcag/statSttn/service/PrgrSttnServiceImpl.java,PrgrSttnServiceImpl.java,smsService
/src/main/java/com/wti/admin/idtcag/statSttn/service/WhlWchServiceImpl.java,WhlWchServiceImpl.java,WhlWchDAO
/src/main/java/com/wti/admin/jbrm/bizMng/service/BizRoomRegProcServiceImpl.java,BizRoomRegProcServiceImpl.java,bizRoomRegDAO
/src/main/java/com/wti/admin/jbrm/bizMng/service/BizRoomRegServiceImpl.java,BizRoomRegServiceImpl.java,bizRoomRegDAO
/src/main/java/com/wti/admin/jbrm/bizMng/service/BizRoomRegServiceImpl.java,BizRoomRegServiceImpl.java,comBizDAO
/src/main/java/com/wti/admin/jbrm/bizMng/service/BizRoomRegServiceImpl.java,BizRoomRegServiceImpl.java,bizRoomRegProcService
/src/main/java/com/wti/admin/mnlMng/service/MnlMngServiceImpl.java,MnlMngServiceImpl.java,mnlMngDAO
/src/main/java/com/wti/admin/rcgntn/bizMnt/service/BizMntServiceImpl.java,BizMntServiceImpl.java,txManager
/src/main/java/com/wti/admin/rcgntn/bizMnt/service/BizMntServiceImpl.java,BizMntServiceImpl.java,bizMntDAO
/src/main/java/com/wti/admin/rcgntn/bizMnt/service/BizMntServiceImpl.java,BizMntServiceImpl.java,propertiesService
/src/main/java/com/wti/admin/rcgntn/bizMnt/service/BizMntServiceImpl.java,BizMntServiceImpl.java,comBizDAO
/src/main/java/com/wti/admin/rcgntn/dataMnt/service/DataMntServiceImpl.java,DataMntServiceImpl.java,bizMntDAO
/src/main/java/com/wti/admin/rcgntn/dataMnt/service/DataMntServiceImpl.java,DataMntServiceImpl.java,dataMntDAO
/src/main/java/com/wti/admin/rcgntn/dataMnt/service/DataMntServiceImpl.java,DataMntServiceImpl.java,propertiesService
/src/main/java/com/wti/admin/rcgntn/dataStats/service/DataStatsServiceImpl.java,DataStatsServiceImpl.java,dataStatsDAO
/src/main/java/com/wti/admin/smebsc/bizMng/service/SmebscBizAplyServiceImpl.java,SmebscBizAplyServiceImpl.java,smebscBizAplyDAO
/src/main/java/com/wti/admin/smebsc/bizMng/service/SmebscBizEvalDtlSttnServiceImpl.java,SmebscBizEvalDtlSttnServiceImpl.java,smebscBizEvalDtlSttnDAO
/src/main/java/com/wti/admin/smebsc/bizMng/service/SmebscBizEvalDtlSttnServiceImpl.java,SmebscBizEvalDtlSttnServiceImpl.java,txManager
/src/main/java/com/wti/admin/smebsc/bizMng/service/SmebscBizEvalIndSttnServiceImpl.java,SmebscBizEvalIndSttnServiceImpl.java,smebscBizEvalIndSttnDAO
/src/main/java/com/wti/admin/smebsc/bizMng/service/SmebscBizEvalIndSttnServiceImpl.java,SmebscBizEvalIndSttnServiceImpl.java,txManager
/src/main/java/com/wti/admin/smebsc/bizMng/service/SmebscBizEvalSttnServiceImpl.java,SmebscBizEvalSttnServiceImpl.java,smebscBizEvalSttnDAO
/src/main/java/com/wti/admin/smebsc/bizMng/service/SmebscBizEvalSttnServiceImpl.java,SmebscBizEvalSttnServiceImpl.java,txManager
/src/main/java/com/wti/admin/smebsc/bizMng/service/SmebscCnfrmnMngServiceImpl.java,SmebscCnfrmnMngServiceImpl.java,smebscCnfrmnMngDAO
/src/main/java/com/wti/admin/smebsc/bizMng/service/SmebscDataRegServiceImpl.java,SmebscDataRegServiceImpl.java,smebscDataRegDAO
/src/main/java/com/wti/admin/smebsc/bizMng/service/SmebscDataRegServiceImpl.java,SmebscDataRegServiceImpl.java,smebscReqstSttusDAO
/src/main/java/com/wti/admin/smebsc/bizMng/service/SmebscDataRegServiceImpl.java,SmebscDataRegServiceImpl.java,smebscReqstMngDAO
/src/main/java/com/wti/admin/smebsc/bizMng/service/SmebscProcServiceImpl.java,SmebscProcServiceImpl.java,smebscProcDAO
/src/main/java/com/wti/admin/smebsc/bizMng/service/SmebscProcServiceImpl.java,SmebscProcServiceImpl.java,comBizDAO
/src/main/java/com/wti/admin/smebsc/bizMng/service/SmebscReqstMngServiceImpl.java,SmebscReqstMngServiceImpl.java,smebscReqstMngDAO
/src/main/java/com/wti/admin/smehrd/bizMng/service/SmehrdAplyAcptSttnServiceImpl.java,SmehrdAplyAcptSttnServiceImpl.java,smehrdAplyInfoDAO
/src/main/java/com/wti/admin/smehrd/bizMng/service/SmehrdAplyAcptSttnServiceImpl.java,SmehrdAplyAcptSttnServiceImpl.java,smehrdAplyAcptSttnDAO
/src/main/java/com/wti/admin/smehrd/bizMng/service/SmehrdAplyInfoServiceImpl.java,SmehrdAplyInfoServiceImpl.java,smehrdAplyInfoDAO
/src/main/java/com/wti/admin/smehrd/bizMng/service/SmehrdAplyValidMngServiceImpl.java,SmehrdAplyValidMngServiceImpl.java,smehrdAplyValidMngDAO
/src/main/java/com/wti/admin/smehrd/bizMng/service/SmehrdProcServiceImpl.java,SmehrdProcServiceImpl.java,smehrdProcDAO
/src/main/java/com/wti/admin/smehrd/bizMng/service/SmehrdProcServiceImpl.java,SmehrdProcServiceImpl.java,smehrdAplyInfoDAO
/src/main/java/com/wti/admin/smehrd/bizMng/service/SmehrdProcServiceImpl.java,SmehrdProcServiceImpl.java,comBizDAO
/src/main/java/com/wti/admin/smehrd/eqpmn/service/SmehrdEqpmnMngServiceImpl.java,SmehrdEqpmnMngServiceImpl.java,smehrdEqpmnMngDAO
/src/main/java/com/wti/admin/smehrd/statSttn/service/SmehrdPrgrSttnServiceImpl.java,SmehrdPrgrSttnServiceImpl.java,smehrdPrgrSttnDAO
/src/main/java/com/wti/admin/smehrd/statSttn/service/SmehrdRawExcelServiceImpl.java,SmehrdRawExcelServiceImpl.java,smehrdRawExcelDAO
/src/main/java/com/wti/admin/spclhs/bizAply/service/SpclhsAccnSrvyRegServiceImpl.java,SpclhsAccnSrvyRegServiceImpl.java,spclhsAccnSrvyRegDAO
/src/main/java/com/wti/admin/spclhs/bizAply/service/SpclhsAccnSrvyRegServiceImpl.java,SpclhsAccnSrvyRegServiceImpl.java,spclhsBizAplyInfoDAO
/src/main/java/com/wti/admin/spclhs/bizAply/service/SpclhsAccnSrvyRegServiceImpl.java,SpclhsAccnSrvyRegServiceImpl.java,comBizDAO
/src/main/java/com/wti/admin/spclhs/bizAply/service/SpclhsBizAplyInfoServiceImpl.java,SpclhsBizAplyInfoServiceImpl.java,nasFileService
/src/main/java/com/wti/admin/spclhs/bizAply/service/SpclhsBizAplyInfoServiceImpl.java,SpclhsBizAplyInfoServiceImpl.java,spclhsBizAplyInfoDAO
/src/main/java/com/wti/admin/spclhs/bizAply/service/SpclhsBizAplyInfoServiceImpl.java,SpclhsBizAplyInfoServiceImpl.java,comBizDAO
/src/main/java/com/wti/admin/spclhs/bizAply/service/SpclhsBizAplyInfoServiceImpl.java,SpclhsBizAplyInfoServiceImpl.java,propertiesService
/src/main/java/com/wti/admin/spclhs/bizAply/service/SpclhsSelEvalRegServiceImpl.java,SpclhsSelEvalRegServiceImpl.java,spclhsSelEvalRegDAO
/src/main/java/com/wti/admin/spclhs/bizAply/service/SpclhsSelEvalRegServiceImpl.java,SpclhsSelEvalRegServiceImpl.java,spclhsBizAplyInfoDAO
/src/main/java/com/wti/admin/spclhs/bizAply/service/SpclhsSelEvalRegServiceImpl.java,SpclhsSelEvalRegServiceImpl.java,comBizDAO
/src/main/java/com/wti/admin/spclhs/bizMng/service/DeadlineMngServiceImpl.java,DeadlineMngServiceImpl.java,deadlineMngDAO
/src/main/java/com/wti/admin/spclhs/bizMng/service/EduCrsDevServiceImpl.java,EduCrsDevServiceImpl.java,EduCrsDevDAO
/src/main/java/com/wti/admin/spclhs/bizMng/service/EduCrsDevServiceImpl.java,EduCrsDevServiceImpl.java,comBizDAO
/src/main/java/com/wti/admin/spclhs/bizMng/service/JobCstmClsAdmRegInfoServiceImpl.java,JobCstmClsAdmRegInfoServiceImpl.java,JobCstmClsAdmRegInfoDAO
/src/main/java/com/wti/admin/spclhs/bizMng/service/JobCstmClsAdmRegInfoServiceImpl.java,JobCstmClsAdmRegInfoServiceImpl.java,comBizDAO
/src/main/java/com/wti/admin/spclhs/bizMng/service/JobCstmClsAdmSttnServiceImpl.java,JobCstmClsAdmSttnServiceImpl.java,JobCstmClsAdmSttnDAO
/src/main/java/com/wti/admin/spclhs/bizMng/service/SpclhsBizcsExclMngInfoServiceImpl.java,SpclhsBizcsExclMngInfoServiceImpl.java,cndeptBizcsExclMngInfoDAO
/src/main/java/com/wti/admin/spclhs/bizMng/service/SpclhsBizcsExclMngInfoServiceImpl.java,SpclhsBizcsExclMngInfoServiceImpl.java,spclhsBizcsExclMngInfoDAO
/src/main/java/com/wti/admin/spclhs/bizMng/service/SpclhsBizcsExclMngInfoServiceImpl.java,SpclhsBizcsExclMngInfoServiceImpl.java,comBizDAO
/src/main/java/com/wti/admin/spclhs/bizMng/service/SpclhsJobCstmClsAdmRegInfoServiceImpl.java,SpclhsJobCstmClsAdmRegInfoServiceImpl.java,spclhsJobCstmClsAdmRegInfoDAO
/src/main/java/com/wti/admin/spclhs/bizMng/service/SpclhsOtcmEvalRegServiceImpl.java,SpclhsOtcmEvalRegServiceImpl.java,spclhsOtcmEvalRegDAO
/src/main/java/com/wti/admin/spclhs/bizMng/service/SpclhsOtcmEvalRegServiceImpl.java,SpclhsOtcmEvalRegServiceImpl.java,comBizDAO
/src/main/java/com/wti/admin/spclhs/bizMng/service/TeamPrjMngServiceImpl.java,TeamPrjMngServiceImpl.java,teamPrjMngDAO
/src/main/java/com/wti/admin/spclhs/statSttn/service/CrrSttnServiceImpl.java,CrrSttnServiceImpl.java,CrrSttnDAO
/src/main/java/com/wti/admin/spclhs/statSttn/service/OtcmIndxSttnServiceImpl.java,OtcmIndxSttnServiceImpl.java,OtcmIndxSttnDAO
/src/main/java/com/wti/admin/spclhs/statSttn/service/SpclhsMnpwTrnnServiceImpl.java,SpclhsMnpwTrnnServiceImpl.java,SpclhsMnpwTrnnDAO
/src/main/java/com/wti/admin/spclhs/statSttn/service/SpclhsOtcmIndxServiceImpl.java,SpclhsOtcmIndxServiceImpl.java,SpclhsOtcmIndxDAO
/src/main/java/com/wti/admin/survey/surveyMng/service/SurveyMngServiceImpl.java,SurveyMngServiceImpl.java,surveyMngDAO
/src/main/java/com/wti/admin/survey/surveyMng/service/SurveyMngServiceImpl.java,SurveyMngServiceImpl.java,txManager
/src/main/java/com/wti/admin/survey/surveyStats/service/SurveyStatsServiceImpl.java,SurveyStatsServiceImpl.java,surveyStatsDAO
/src/main/java/com/wti/admin/survey/surveyStats/service/SurveyStatsServiceImpl.java,SurveyStatsServiceImpl.java,txManager
/src/main/java/com/wti/admin/sysMng/cmnMng/service/AcnnAcntMngSttnServiceImpl.java,AcnnAcntMngSttnServiceImpl.java,AcnnAcntMngSttnDAO
/src/main/java/com/wti/admin/sysMng/cmnMng/service/AcnnAcntRegServiceImpl.java,AcnnAcntRegServiceImpl.java,AcnnAcntRegDAO
/src/main/java/com/wti/admin/sysMng/cmnMng/service/CmnCdMngSttnServiceImpl.java,CmnCdMngSttnServiceImpl.java,CmnCdMngSttnDAO
/src/main/java/com/wti/admin/sysMng/cmnMng/service/DbCdMngSttnServiceImpl.java,DbCdMngSttnServiceImpl.java,DbCdMngSttnDAO
/src/main/java/com/wti/admin/sysMng/cmnMng/service/EvalIndxMngSttnServiceImpl.java,EvalIndxMngSttnServiceImpl.java,EvalIndxMngSttnDAO
/src/main/java/com/wti/admin/sysMng/cmnMng/service/EvalIndxRegServiceImpl.java,EvalIndxRegServiceImpl.java,EvalIndxRegDAO
/src/main/java/com/wti/admin/sysMng/cmnMng/service/EvalLnrqMngSttnServiceImpl.java,EvalLnrqMngSttnServiceImpl.java,EvalLnrqMngSttnDAO
/src/main/java/com/wti/admin/sysMng/cmnMng/service/EvalLnrqRegDtlServiceImpl.java,EvalLnrqRegDtlServiceImpl.java,EvalLnrqRegDtlDAO
/src/main/java/com/wti/admin/sysMng/cmnMng/service/EvalLnrqRegServiceImpl.java,EvalLnrqRegServiceImpl.java,EvalLnrqRegDAO
/src/main/java/com/wti/admin/sysMng/cmnMng/service/HpSchlMngServiceImpl.java,HpSchlMngServiceImpl.java,HpSchlMngDAO
/src/main/java/com/wti/admin/sysMng/cmnMng/service/OtcmIndxMngSttnServiceImpl.java,OtcmIndxMngSttnServiceImpl.java,OtcmIndxMngSttnDAO
/src/main/java/com/wti/admin/sysMng/cmnMng/service/OtcmIndxRegServiceImpl.java,OtcmIndxRegServiceImpl.java,OtcmIndxRegDAO
/src/main/java/com/wti/admin/sysMng/cmnMng/service/TmplatMngServiceImpl.java,TmplatMngServiceImpl.java,tmplatMngDAO
/src/main/java/com/wti/admin/sysMng/cmpgMng/service/QustMngRegServiceImpl.java,QustMngRegServiceImpl.java,qustMngRegDAO
/src/main/java/com/wti/admin/sysMng/cmpgMng/service/QustMngSttnServiceImpl.java,QustMngSttnServiceImpl.java,qustMngSttnDAO
/src/main/java/com/wti/admin/sysMng/logMng/service/LgnHistMngInqrServiceImpl.java,LgnHistMngInqrServiceImpl.java,lgnHistMngInqrDAO
/src/main/java/com/wti/admin/sysMng/logMng/service/LgnHistMngInqrServiceImpl.java,LgnHistMngInqrServiceImpl.java,menuMngDAO
/src/main/java/com/wti/admin/sysMng/menuMng/service/MenuMngServiceImpl.java,MenuMngServiceImpl.java,propertiesService
/src/main/java/com/wti/admin/sysMng/menuMng/service/MenuMngServiceImpl.java,MenuMngServiceImpl.java,menuMngDAO
/src/main/java/com/wti/admin/sysMng/ptlMng/service/AlrmPageInqrServiceImpl.java,AlrmPageInqrServiceImpl.java,alrmPageInqrDAO
/src/main/java/com/wti/admin/sysMng/ptlMng/service/AlrmPageWrtnServiceImpl.java,AlrmPageWrtnServiceImpl.java,alrmPageWrtnDAO
/src/main/java/com/wti/admin/sysMng/ptlMng/service/AlrmTmplInqrServiceImpl.java,AlrmTmplInqrServiceImpl.java,alrmTmplInqrDAO
/src/main/java/com/wti/admin/sysMng/ptlMng/service/AlrmTmplWrtnServiceImpl.java,AlrmTmplWrtnServiceImpl.java,alrmTmplWrtnDAO
/src/main/java/com/wti/admin/sysMng/ptlMng/service/AlrmTmplWrtnServiceImpl.java,AlrmTmplWrtnServiceImpl.java,propertiesService
/src/main/java/com/wti/admin/sysMng/ptlMng/service/BnrImgMngServiceImpl.java,BnrImgMngServiceImpl.java,bnrImgMngDAO
/src/main/java/com/wti/admin/sysMng/ptlMng/service/BnrPageServiceImpl.java,BnrPageServiceImpl.java,bnrPageDAO
/src/main/java/com/wti/admin/sysMng/ptlMng/service/CnvncSurveyServiceImpl.java,CnvncSurveyServiceImpl.java,cnvncSurveyDAO
/src/main/java/com/wti/admin/sysMng/ptlMng/service/CrltSiteInqrServiceImpl.java,CrltSiteInqrServiceImpl.java,crltSiteInqrDAO
/src/main/java/com/wti/admin/sysMng/ptlMng/service/CrltSiteWrtnServiceImpl.java,CrltSiteWrtnServiceImpl.java,crltSiteWrtnDAO
/src/main/java/com/wti/admin/sysMng/ptlMng/service/CrltSiteWrtnServiceImpl.java,CrltSiteWrtnServiceImpl.java,propertiesService
/src/main/java/com/wti/admin/sysMng/ptlMng/service/IndvInfoColtCsntWrtnServiceImpl.java,IndvInfoColtCsntWrtnServiceImpl.java,indvInfoColtCsntWrtnDAO
/src/main/java/com/wti/admin/sysMng/ptlMng/service/MainPageSetInqrServiceImpl.java,MainPageSetInqrServiceImpl.java,MainPageSetInqrDAO
/src/main/java/com/wti/admin/sysMng/ptlMng/service/MainPageSetInqrServiceImpl.java,MainPageSetInqrServiceImpl.java,emailService
/src/main/java/com/wti/admin/sysMng/ptlMng/service/PopupPageInqrServiceImpl.java,PopupPageInqrServiceImpl.java,popupPageInqrDAO
/src/main/java/com/wti/admin/sysMng/ptlMng/service/PopupPageWrtnServiceImpl.java,PopupPageWrtnServiceImpl.java,popupPageWrtnDAO
/src/main/java/com/wti/admin/sysMng/ptlMng/service/PopupPageWrtnServiceImpl.java,PopupPageWrtnServiceImpl.java,propertiesService
/src/main/java/com/wti/admin/sysMng/ptlMng/service/PopupZoneInqrServiceImpl.java,PopupZoneInqrServiceImpl.java,popupZoneInqrDAO
/src/main/java/com/wti/admin/sysMng/ptlMng/service/PopupZoneWrtnServiceImpl.java,PopupZoneWrtnServiceImpl.java,popupZoneWrtnDAO
/src/main/java/com/wti/admin/sysMng/ptlMng/service/PopupZoneWrtnServiceImpl.java,PopupZoneWrtnServiceImpl.java,propertiesService
/src/main/java/com/wti/admin/sysMng/svcRqst/service/MenuFileMngServiceImpl.java,MenuFileMngServiceImpl.java,menuFileMngDAO
/src/main/java/com/wti/admin/sysMng/svcRqst/service/SvcRqstServiceImpl.java,SvcRqstServiceImpl.java,SvcRqstDAO
/src/main/java/com/wti/admin/sysMng/svcRqst/service/SvcRqstServiceImpl.java,SvcRqstServiceImpl.java,fileUploadService
/src/main/java/com/wti/admin/sysMng/svcRqst/service/SvcRqstServiceImpl.java,SvcRqstServiceImpl.java,nasFileService
/src/main/java/com/wti/admin/techo/bizAply/service/TechoAccnSrvyRegServiceImpl.java,TechoAccnSrvyRegServiceImpl.java,spclhsAccnSrvyRegDAO
/src/main/java/com/wti/admin/techo/bizAply/service/TechoAccnSrvyRegServiceImpl.java,TechoAccnSrvyRegServiceImpl.java,comBizDAO
/src/main/java/com/wti/admin/techo/bizAply/service/TechoBizAplyInfoServiceImpl.java,TechoBizAplyInfoServiceImpl.java,TechoBizAplyInfoDAO
/src/main/java/com/wti/admin/techo/bizAply/service/TechoBizAplyInfoServiceImpl.java,TechoBizAplyInfoServiceImpl.java,nasFileService
/src/main/java/com/wti/admin/techo/bizAply/service/TechoBizAplyInfoServiceImpl.java,TechoBizAplyInfoServiceImpl.java,propertiesService
/src/main/java/com/wti/admin/techo/bizAply/service/TechoPopServiceImpl.java,TechoPopServiceImpl.java,techoPopDAO
/src/main/java/com/wti/admin/techo/bizAply/service/TechoPopServiceImpl.java,TechoPopServiceImpl.java,comBizDAO
/src/main/java/com/wti/admin/techo/bizAply/service/TechoSelEvalRegServiceImpl.java,TechoSelEvalRegServiceImpl.java,spclhsSelEvalRegDAO
/src/main/java/com/wti/admin/techo/bizAply/service/TechoSelEvalRegServiceImpl.java,TechoSelEvalRegServiceImpl.java,comBizDAO
/src/main/java/com/wti/admin/techo/bizMng/service/TechBdgtAplctMngServiceImpl.java,TechBdgtAplctMngServiceImpl.java,techBdgtAplctMngDAO
/src/main/java/com/wti/admin/techo/bizMng/service/TechBdgtAplctMngServiceImpl.java,TechBdgtAplctMngServiceImpl.java,techBdgtAplctMngService
/src/main/java/com/wti/admin/techo/bizMng/service/TechoBizAgrmInfoServiceImpl.java,TechoBizAgrmInfoServiceImpl.java,eictBizAgrmInfoDAO
/src/main/java/com/wti/admin/techo/bizMng/service/TechoBizAgrmInfoServiceImpl.java,TechoBizAgrmInfoServiceImpl.java,techoBizAgrmInfoDAO
/src/main/java/com/wti/admin/techo/bizMng/service/TechoBizcsEctnMngInfoServiceImpl.java,TechoBizcsEctnMngInfoServiceImpl.java,spclhsBizcsEctnMngInfoDAO
/src/main/java/com/wti/admin/techo/bizMng/service/TechoBizcsEctnMngInfoServiceImpl.java,TechoBizcsEctnMngInfoServiceImpl.java,techoBizcsEctnMngInfoDAO
/src/main/java/com/wti/admin/techo/bizMng/service/TechoPrtcMngServiceImpl.java,TechoPrtcMngServiceImpl.java,TechoPrtcMngDAO
/src/main/java/com/wti/admin/techo/bizMng/service/TechoRptdSbmtInfoServiceImpl.java,TechoRptdSbmtInfoServiceImpl.java,TechoRptdSbmtInfoDAO
/src/main/java/com/wti/admin/techo/bizMng/service/TechoRptdSbmtInfoServiceImpl.java,TechoRptdSbmtInfoServiceImpl.java,comBizDAO
/src/main/java/com/wti/admin/techo/bizMng/service/TechoStdnMngSchdlServiceImpl.java,TechoStdnMngSchdlServiceImpl.java,TechoStdnMngSchdlDAO
/src/main/java/com/wti/admin/techo/statSttn/service/AgrmEnpStatServiceImpl.java,AgrmEnpStatServiceImpl.java,AgrmEnpStatDAO
/src/main/java/com/wti/admin/techo/statSttn/service/BizcsStatServiceImpl.java,BizcsStatServiceImpl.java,BizcsStatDAO
/src/main/java/com/wti/admin/techo/statSttn/service/StdnJobSttnServiceImpl.java,StdnJobSttnServiceImpl.java,StdnJobSttnDAO
/src/main/java/com/wti/admin/techo/statSttn/service/StdnStatServiceImpl.java,StdnStatServiceImpl.java,StdnStatDAO
/src/main/java/com/wti/admin/techo/statSttn/service/TechoAgreeOrgStatServiceImpl.java,TechoAgreeOrgStatServiceImpl.java,TechoAgreeOrgStatDAO
/src/main/java/com/wti/admin/techo/statSttn/service/TechoDeptJoinSttnServiceImpl.java,TechoDeptJoinSttnServiceImpl.java,TechoDeptJoinSttnDAO
/src/main/java/com/wti/admin/techo/statSttn/service/TechoEnpCtlgServiceImpl.java,TechoEnpCtlgServiceImpl.java,TechoEnpCtlgDAO
/src/main/java/com/wti/admin/techo/statSttn/service/TechoMonthStdnStatServiceImpl.java,TechoMonthStdnStatServiceImpl.java,TechoMonthStdnStatDAO
/src/main/java/com/wti/admin/techo/statSttn/service/TechoOneAndProjectsStatServiceImpl.java,TechoOneAndProjectsStatServiceImpl.java,TechoOneAndProjectsStatDAO
/src/main/java/com/wti/admin/techo/statSttn/service/TechoStdnCtlgServiceImpl.java,TechoStdnCtlgServiceImpl.java,TechoStdnCtlgDAO
/src/main/java/com/wti/admin/techo/statSttn/service/TechoStdnJoinDetlServiceImpl.java,TechoStdnJoinDetlServiceImpl.java,TechoStdnJoinDetlDAO
/src/main/java/com/wti/admin/techo/statSttn/service/TechoStdnJoinDetlServiceImpl.java,TechoStdnJoinDetlServiceImpl.java,techStdnUserDAO
/src/main/java/com/wti/admin/techo/statSttn/service/TechoStdnJoinSttnServiceImpl.java,TechoStdnJoinSttnServiceImpl.java,TechoStdnJoinSttnDAO
/src/main/java/com/wti/admin/techo/statSttn/service/TechoWorkExpnsStatServiceImpl.java,TechoWorkExpnsStatServiceImpl.java,TechoWorkExpnsStatDAO
/src/main/java/com/wti/admin/techo/statSttn/service/WorkExpnsBudgetServiceImpl.java,WorkExpnsBudgetServiceImpl.java,WorkExpnsBudgetDAO
/src/main/java/com/wti/cmn/service/ComBizServiceImpl.java,ComBizServiceImpl.java,comBizDAO
/src/main/java/com/wti/cmn/service/ComCodeServiceImpl.java,ComCodeServiceImpl.java,comCodeDAO
/src/main/java/com/wti/cmn/service/EmailServiceImpl.java,EmailServiceImpl.java,emailDAO
/src/main/java/com/wti/cmn/service/EmailServiceImpl.java,EmailServiceImpl.java,comBizDAO
/src/main/java/com/wti/cmn/service/EmailServiceImpl.java,EmailServiceImpl.java,propertiesService
/src/main/java/com/wti/cmn/service/FileDownloadServiceImpl.java,FileDownloadServiceImpl.java,fileDownloadDAO
/src/main/java/com/wti/cmn/service/FileUploadServiceImpl.java,FileUploadServiceImpl.java,nasFileService
/src/main/java/com/wti/cmn/service/FileUploadServiceImpl.java,FileUploadServiceImpl.java,fileUploadDAO
/src/main/java/com/wti/cmn/service/ImgUploadServiceImpl.java,ImgUploadServiceImpl.java,propertiesService
/src/main/java/com/wti/cmn/service/InsttServiceImpl.java,InsttServiceImpl.java,insttDAO
/src/main/java/com/wti/cmn/service/LoginServiceImpl.java,LoginServiceImpl.java,loginDAO
/src/main/java/com/wti/cmn/service/LoginServiceImpl.java,LoginServiceImpl.java,propertiesService
/src/main/java/com/wti/cmn/service/MainServiceImpl.java,MainServiceImpl.java,mainDAO
/src/main/java/com/wti/cmn/service/MberServiceImpl.java,MberServiceImpl.java,mberDAO
/src/main/java/com/wti/cmn/service/MbrJoinServiceImpl.java,MbrJoinServiceImpl.java,mbrJoinDAO
/src/main/java/com/wti/cmn/service/MbrJoinServiceImpl.java,MbrJoinServiceImpl.java,emailService
/src/main/java/com/wti/cmn/service/MenuServiceImpl.java,MenuServiceImpl.java,menuDAO
/src/main/java/com/wti/cmn/service/PrvcPvsnAgreServiceImpl.java,PrvcPvsnAgreServiceImpl.java,prvcPvsnAgreDAO
/src/main/java/com/wti/cmn/service/SchdPrcSttnServiceImpl.java,SchdPrcSttnServiceImpl.java,schdPrcSttnDAO
/src/main/java/com/wti/cmn/service/SmesApiServiceImpl.java,SmesApiServiceImpl.java,smesApiDAO
/src/main/java/com/wti/cmn/service/SmesApiServiceImpl.java,SmesApiServiceImpl.java,propertiesService
/src/main/java/com/wti/cmn/service/SurveyMobileServiceImpl.java,SurveyMobileServiceImpl.java,surveyMobileDAO
/src/main/java/com/wti/cmn/service/SurveyMobileServiceImpl.java,SurveyMobileServiceImpl.java,surveyMngDAO
/src/main/java/com/wti/cmn/service/UploadServiceImpl.java,UploadServiceImpl.java,uploadDAO
/src/main/java/com/wti/cmn/service/UploadServiceImpl.java,UploadServiceImpl.java,propertiesService
/src/main/java/com/wti/cmn/service/UploadServiceImpl.java,UploadServiceImpl.java,nasFileService
/src/main/java/com/wti/usr/anns/service/BizNoticeServiceImpl.java,BizNoticeServiceImpl.java,BizNoticeDAO
/src/main/java/com/wti/usr/anns/service/BizNoticeServiceImpl.java,BizNoticeServiceImpl.java,bizSelSttnService
/src/main/java/com/wti/usr/anns/service/NewsItemServiceImpl.java,NewsItemServiceImpl.java,NewsItemDAO
/src/main/java/com/wti/usr/anns/service/NewsItemServiceImpl.java,NewsItemServiceImpl.java,bizSelSttnService
/src/main/java/com/wti/usr/anns/service/NoticeServiceImpl.java,NoticeServiceImpl.java,NoticeDAO
/src/main/java/com/wti/usr/anns/service/NoticeServiceImpl.java,NoticeServiceImpl.java,bizSelSttnService
/src/main/java/com/wti/usr/aply/bizDvr/service/BudgetDvrSttnServiceImpl.java,BudgetDvrSttnServiceImpl.java,budgetDvrSttnDAO
/src/main/java/com/wti/usr/aply/bizofc/service/BizofcAplyServiceImpl.java,BizofcAplyServiceImpl.java,bizofcAplyDAO
/src/main/java/com/wti/usr/aply/edinsp/service/EdinspAplyServiceImpl.java,EdinspAplyServiceImpl.java,bizSelSttnDAO
/src/main/java/com/wti/usr/aply/edinsp/service/EdinspAplyServiceImpl.java,EdinspAplyServiceImpl.java,edinspAplyDAO
/src/main/java/com/wti/usr/aply/edinsp/service/EdinspAplyServiceImpl.java,EdinspAplyServiceImpl.java,spclhsAplyDAO
/src/main/java/com/wti/usr/aply/edinsp/service/EdinspAplyServiceImpl.java,EdinspAplyServiceImpl.java,propertiesService
/src/main/java/com/wti/usr/aply/edinsp/service/EdinspAplyServiceImpl.java,EdinspAplyServiceImpl.java,emailService
/src/main/java/com/wti/usr/aply/edinsp/service/EdinspAplyServiceImpl.java,EdinspAplyServiceImpl.java,nasFileService
/src/main/java/com/wti/usr/aply/edinsp/service/EdinspAplyServiceImpl.java,EdinspAplyServiceImpl.java,bizAplyCltgDAO
/src/main/java/com/wti/usr/aply/edinsp/service/EdinspAplyServiceImpl.java,EdinspAplyServiceImpl.java,bizSelSttnService
/src/main/java/com/wti/usr/aply/edinsp/service/EdinspAplyServiceImpl.java,EdinspAplyServiceImpl.java,cndeptAplyDAO
/src/main/java/com/wti/usr/aply/h3g/service/H3gReqBasInfoServiceImpl.java,H3gReqBasInfoServiceImpl.java,h3gReqBasInfoDAO
/src/main/java/com/wti/usr/aply/h3g/service/H3gReqBasInfoServiceImpl.java,H3gReqBasInfoServiceImpl.java,bizAplyCltgDAO
/src/main/java/com/wti/usr/aply/h3g/service/H3gReqBasInfoServiceImpl.java,H3gReqBasInfoServiceImpl.java,h3gReqInfoDAO
/src/main/java/com/wti/usr/aply/h3g/service/H3gReqBasInfoServiceImpl.java,H3gReqBasInfoServiceImpl.java,h3gReqCompInfoDAO
/src/main/java/com/wti/usr/aply/h3g/service/H3gReqBasInfoServiceImpl.java,H3gReqBasInfoServiceImpl.java,h3gReqReqreNmprDAO
/src/main/java/com/wti/usr/aply/h3g/service/H3gReqCompInfoServiceImpl.java,H3gReqCompInfoServiceImpl.java,h3gReqCompInfoDAO
/src/main/java/com/wti/usr/aply/h3g/service/H3gReqCompInfoServiceImpl.java,H3gReqCompInfoServiceImpl.java,h3gReqBasInfoDAO
/src/main/java/com/wti/usr/aply/h3g/service/H3gReqCompInfoServiceImpl.java,H3gReqCompInfoServiceImpl.java,selfTestActNewDAO
/src/main/java/com/wti/usr/aply/h3g/service/H3gReqInfoServiceImpl.java,H3gReqInfoServiceImpl.java,h3gReqInfoDAO
/src/main/java/com/wti/usr/aply/h3g/service/H3gReqInfoServiceImpl.java,H3gReqInfoServiceImpl.java,h3gReqBasInfoDAO
/src/main/java/com/wti/usr/aply/h3g/service/H3gReqInfoServiceImpl.java,H3gReqInfoServiceImpl.java,bizAplyCltgDAO
/src/main/java/com/wti/usr/aply/h3g/service/H3gReqInfoServiceImpl.java,H3gReqInfoServiceImpl.java,comBizDAO
/src/main/java/com/wti/usr/aply/h3g/service/H3gReqListServiceImpl.java,H3gReqListServiceImpl.java,h3gReqListDAO
/src/main/java/com/wti/usr/aply/h3g/service/H3gReqReqreNmprServiceImpl.java,H3gReqReqreNmprServiceImpl.java,h3gReqReqreNmprDAO
/src/main/java/com/wti/usr/aply/h3g/service/H3gReqReqreNmprServiceImpl.java,H3gReqReqreNmprServiceImpl.java,h3gReqBasInfoDAO
/src/main/java/com/wti/usr/aply/h3g/service/H3gReqReqreNmprServiceImpl.java,H3gReqReqreNmprServiceImpl.java,spclhsInsttPoolDAO
/src/main/java/com/wti/usr/aply/h3g/service/H3gReqSelfDignsAllotServiceImpl.java,H3gReqSelfDignsAllotServiceImpl.java,h3gReqSelfDignsAllotDAO
/src/main/java/com/wti/usr/aply/h3g/service/SelfTestActNewServiceImpl.java,SelfTestActNewServiceImpl.java,selfTestActNewDAO
/src/main/java/com/wti/usr/aply/h3g/service/SelfTestActServiceImpl.java,SelfTestActServiceImpl.java,selfTestActDAO
/src/main/java/com/wti/usr/aply/hssppl/service/HsspplAplyMngServiceImpl.java,HsspplAplyMngServiceImpl.java,hsspplAplyMngDAO
/src/main/java/com/wti/usr/aply/hssppl/service/HsspplAplyMngServiceImpl.java,HsspplAplyMngServiceImpl.java,propertiesService
/src/main/java/com/wti/usr/aply/hssppl/service/HsspplAplyMngServiceImpl.java,HsspplAplyMngServiceImpl.java,uploadDAO
/src/main/java/com/wti/usr/aply/hssppl/service/HsspplAplyMngServiceImpl.java,HsspplAplyMngServiceImpl.java,comBizDAO
/src/main/java/com/wti/usr/aply/jbrm/service/BizAplyRoomDetlServiceImpl.java,BizAplyRoomDetlServiceImpl.java,bizAplyRoomDetlDAO
/src/main/java/com/wti/usr/aply/service/BizAplyCltgServiceImpl.java,BizAplyCltgServiceImpl.java,bizAplyCltgDAO
/src/main/java/com/wti/usr/aply/service/BizSelSttnServiceImpl.java,BizSelSttnServiceImpl.java,bizAplyCltgDAO
/src/main/java/com/wti/usr/aply/service/BizSelSttnServiceImpl.java,BizSelSttnServiceImpl.java,bizSelSttnDAO
/src/main/java/com/wti/usr/aply/service/BizSelSttnServiceImpl.java,BizSelSttnServiceImpl.java,cndeptAplyDAO
/src/main/java/com/wti/usr/aply/service/BizSelSttnServiceImpl.java,BizSelSttnServiceImpl.java,spclhsAplyDAO
/src/main/java/com/wti/usr/aply/service/BizSelSttnServiceImpl.java,BizSelSttnServiceImpl.java,techoAplyDAO
/src/main/java/com/wti/usr/aply/service/BizSelSttnServiceImpl.java,BizSelSttnServiceImpl.java,edinspAplyDAO
/src/main/java/com/wti/usr/aply/service/BizSelSttnServiceImpl.java,BizSelSttnServiceImpl.java,spclhsInsttPoolDAO
/src/main/java/com/wti/usr/aply/service/BizSelSttnServiceImpl.java,BizSelSttnServiceImpl.java,nasFileService
/src/main/java/com/wti/usr/aply/service/CndeptAplyServiceImpl.java,CndeptAplyServiceImpl.java,bizSelSttnDAO
/src/main/java/com/wti/usr/aply/service/CndeptAplyServiceImpl.java,CndeptAplyServiceImpl.java,cndeptAplyDAO
/src/main/java/com/wti/usr/aply/service/CndeptAplyServiceImpl.java,CndeptAplyServiceImpl.java,spclhsAplyDAO
/src/main/java/com/wti/usr/aply/service/CndeptAplyServiceImpl.java,CndeptAplyServiceImpl.java,bizAplyCltgDAO
/src/main/java/com/wti/usr/aply/service/CndeptAplyServiceImpl.java,CndeptAplyServiceImpl.java,emailService
/src/main/java/com/wti/usr/aply/service/DfmnAplyServiceImpl.java,DfmnAplyServiceImpl.java,dfmnAplyDAO
/src/main/java/com/wti/usr/aply/service/DfmnAplyServiceImpl.java,DfmnAplyServiceImpl.java,DfmnAplyRegDAO
/src/main/java/com/wti/usr/aply/service/DfmnAplyServiceImpl.java,DfmnAplyServiceImpl.java,comBizDAO
/src/main/java/com/wti/usr/aply/service/PrgmPrgrServiceImpl.java,PrgmPrgrServiceImpl.java,prgmPrgrDAO
/src/main/java/com/wti/usr/aply/service/PrgmPrgrServiceImpl.java,PrgmPrgrServiceImpl.java,bizSelSttnService
/src/main/java/com/wti/usr/aply/service/SmehrdEqpmnServiceImpl.java,SmehrdEqpmnServiceImpl.java,smehrdEqpmnDAO
/src/main/java/com/wti/usr/aply/service/SpclhsAplyServiceImpl.java,SpclhsAplyServiceImpl.java,bizSelSttnDAO
/src/main/java/com/wti/usr/aply/service/SpclhsAplyServiceImpl.java,SpclhsAplyServiceImpl.java,spclhsAplyDAO
/src/main/java/com/wti/usr/aply/service/SpclhsAplyServiceImpl.java,SpclhsAplyServiceImpl.java,bizAplyCltgDAO
/src/main/java/com/wti/usr/aply/service/SpclhsAplyServiceImpl.java,SpclhsAplyServiceImpl.java,emailService
/src/main/java/com/wti/usr/aply/service/SpclhsAplyServiceImpl.java,SpclhsAplyServiceImpl.java,spclhsInsttPoolDAO
/src/main/java/com/wti/usr/aply/service/SpclhsAplyServiceImpl.java,SpclhsAplyServiceImpl.java,propertiesService
/src/main/java/com/wti/usr/aply/service/SpclhsAplyServiceImpl.java,SpclhsAplyServiceImpl.java,nasFileService
/src/main/java/com/wti/usr/aply/service/SpclhsInsttPoolServiceImpl.java,SpclhsInsttPoolServiceImpl.java,nasFileService
/src/main/java/com/wti/usr/aply/service/SpclhsInsttPoolServiceImpl.java,SpclhsInsttPoolServiceImpl.java,spclhsInsttPoolDAO
/src/main/java/com/wti/usr/aply/service/SpclhsRsltIndxServiceImpl.java,SpclhsRsltIndxServiceImpl.java,spclhsRsltIndxDAO
/src/main/java/com/wti/usr/aply/service/StdnMngServiceImpl.java,StdnMngServiceImpl.java,stdnMngDAO
/src/main/java/com/wti/usr/aply/service/StdnMngServiceImpl.java,StdnMngServiceImpl.java,bizSelSttnService
/src/main/java/com/wti/usr/aply/service/TrptCnttMngServiceImpl.java,TrptCnttMngServiceImpl.java,trptCnttMngDAO
/src/main/java/com/wti/usr/aply/service/TrptCnttMngServiceImpl.java,TrptCnttMngServiceImpl.java,bizSelSttnService
/src/main/java/com/wti/usr/aply/smebsc/service/SmebscCnfrmnReqstServiceImpl.java,SmebscCnfrmnReqstServiceImpl.java,smebscCnfrmnReqstDAO
/src/main/java/com/wti/usr/aply/smebsc/service/SmebscCnfrmnReqstServiceImpl.java,SmebscCnfrmnReqstServiceImpl.java,comBizDAO
/src/main/java/com/wti/usr/aply/smebsc/service/SmebscReqInfoServiceImpl.java,SmebscReqInfoServiceImpl.java,smebscReqInfoDAO
/src/main/java/com/wti/usr/aply/smebsc/service/SmebscReqInfoServiceImpl.java,SmebscReqInfoServiceImpl.java,smebscProcDAO
/src/main/java/com/wti/usr/aply/smebsc/service/SmebscReqInfoServiceImpl.java,SmebscReqInfoServiceImpl.java,comBizDAO
/src/main/java/com/wti/usr/aply/smebsc/service/SmebscReqListServiceImpl.java,SmebscReqListServiceImpl.java,smebscReqListDAO
/src/main/java/com/wti/usr/aply/smebsc/service/SmebscReqstSttusServiceImpl.java,SmebscReqstSttusServiceImpl.java,smebscReqstSttusDAO
/src/main/java/com/wti/usr/aply/smebsc/service/SmebscReqstSttusServiceImpl.java,SmebscReqstSttusServiceImpl.java,comBizDAO
/src/main/java/com/wti/usr/aply/smehrd/service/SmehrdReqBasInfoServiceImpl.java,SmehrdReqBasInfoServiceImpl.java,smehrdReqBasInfoDAO
/src/main/java/com/wti/usr/aply/smehrd/service/SmehrdReqBasInfoServiceImpl.java,SmehrdReqBasInfoServiceImpl.java,smehrdProcDAO
/src/main/java/com/wti/usr/aply/smehrd/service/SmehrdReqCompInfoServiceImpl.java,SmehrdReqCompInfoServiceImpl.java,smehrdReqCompInfoDAO
/src/main/java/com/wti/usr/aply/smehrd/service/SmehrdReqCompInfoServiceImpl.java,SmehrdReqCompInfoServiceImpl.java,edinspAplyDAO
/src/main/java/com/wti/usr/aply/smehrd/service/SmehrdReqInfoServiceImpl.java,SmehrdReqInfoServiceImpl.java,smehrdReqInfoDAO
/src/main/java/com/wti/usr/aply/smehrd/service/SmehrdReqInfoServiceImpl.java,SmehrdReqInfoServiceImpl.java,smehrdProcDAO
/src/main/java/com/wti/usr/aply/smehrd/service/SmehrdReqInfoServiceImpl.java,SmehrdReqInfoServiceImpl.java,comBizDAO
/src/main/java/com/wti/usr/aply/smehrd/service/SmehrdReqListServiceImpl.java,SmehrdReqListServiceImpl.java,smehrdReqListDAO
/src/main/java/com/wti/usr/aply/techo/service/TechoAplyServiceImpl.java,TechoAplyServiceImpl.java,bizSelSttnService
/src/main/java/com/wti/usr/aply/techo/service/TechoAplyServiceImpl.java,TechoAplyServiceImpl.java,bizSelSttnDAO
/src/main/java/com/wti/usr/aply/techo/service/TechoAplyServiceImpl.java,TechoAplyServiceImpl.java,techoAplyDAO
/src/main/java/com/wti/usr/aply/techo/service/TechoAplyServiceImpl.java,TechoAplyServiceImpl.java,nasFileService
/src/main/java/com/wti/usr/aply/techo/service/TechoAplyServiceImpl.java,TechoAplyServiceImpl.java,propertiesService
/src/main/java/com/wti/usr/aply/wfsCntr/service/WfsCnslSttnServiceImpl.java,WfsCnslSttnServiceImpl.java,wfsCnslSttnDAO
/src/main/java/com/wti/usr/aply/wfsCntr/service/WfsCnslSttnServiceImpl.java,WfsCnslSttnServiceImpl.java,emailService
/src/main/java/com/wti/usr/aply/wfsCntr/service/WfsPrgrSttnServiceImpl.java,WfsPrgrSttnServiceImpl.java,wfsPrgrSttnDAO
/src/main/java/com/wti/usr/cmn/main/service/IntgSrchServiceImpl.java,IntgSrchServiceImpl.java,IntgSrchDAO
/src/main/java/com/wti/usr/cmn/mnl/service/CmnMnlMngServiceImpl.java,CmnMnlMngServiceImpl.java,cmnMnlMngDAO
/src/main/java/com/wti/usr/cndept/service/CndeptBdgtAplctUserServiceImpl.java,CndeptBdgtAplctUserServiceImpl.java,cndeptBdgtAplctUserDAO
/src/main/java/com/wti/usr/cndept/service/CndeptStdnMngUserServiceImpl.java,CndeptStdnMngUserServiceImpl.java,cndeptStdnMngUserDAO
/src/main/java/com/wti/usr/info/service/DscrsDvlPmServiceImpl.java,DscrsDvlPmServiceImpl.java,dscrsDvlPmDAO
/src/main/java/com/wti/usr/info/service/EduProgramServiceImpl.java,EduProgramServiceImpl.java,EduProgramDAO
/src/main/java/com/wti/usr/info/service/EduProgramServiceImpl.java,EduProgramServiceImpl.java,bizSelSttnService
/src/main/java/com/wti/usr/info/service/PlusInfoDtlServiceImpl.java,PlusInfoDtlServiceImpl.java,PlusInfoDAO
/src/main/java/com/wti/usr/info/service/PlusInfoServiceImpl.java,PlusInfoServiceImpl.java,PlusInfoDAO
/src/main/java/com/wti/usr/info/service/PlusInfoServiceImpl.java,PlusInfoServiceImpl.java,bizSelSttnService
/src/main/java/com/wti/usr/info/service/RuleNFormsDtlServiceImpl.java,RuleNFormsDtlServiceImpl.java,RuleNFormsDAO
/src/main/java/com/wti/usr/info/service/RuleNFormsServiceImpl.java,RuleNFormsServiceImpl.java,RuleNFormsDAO
/src/main/java/com/wti/usr/info/service/RuleNFormsServiceImpl.java,RuleNFormsServiceImpl.java,bizSelSttnService
/src/main/java/com/wti/usr/info/service/SchInfoDtlServiceImpl.java,SchInfoDtlServiceImpl.java,SchInfoDAO
/src/main/java/com/wti/usr/info/service/SchInfoServiceImpl.java,SchInfoServiceImpl.java,SchInfoDAO
/src/main/java/com/wti/usr/info/service/SchInfoServiceImpl.java,SchInfoServiceImpl.java,propertiesService
/src/main/java/com/wti/usr/info/service/SchInfoServiceImpl.java,SchInfoServiceImpl.java,bizSelSttnService
/src/main/java/com/wti/usr/info/service/SpCaseServiceImpl.java,SpCaseServiceImpl.java,SpCaseDAO
/src/main/java/com/wti/usr/info/service/SpCaseServiceImpl.java,SpCaseServiceImpl.java,bizSelSttnService
/src/main/java/com/wti/usr/mbr/service/IntrrtSttmntServiceImpl.java,IntrrtSttmntServiceImpl.java,IntrrtSttmntDAO
/src/main/java/com/wti/usr/mbr/service/IntrrtSttmntServiceImpl.java,IntrrtSttmntServiceImpl.java,emailService
/src/main/java/com/wti/usr/mbr/service/ProfMngmtServiceImpl.java,ProfMngmtServiceImpl.java,ProfMngmtDAO
/src/main/java/com/wti/usr/prtc/service/FAQServiceImpl.java,FAQServiceImpl.java,FAQDAO
/src/main/java/com/wti/usr/prtc/service/OoQstnServiceImpl.java,OoQstnServiceImpl.java,OoQstnDAO
/src/main/java/com/wti/usr/prtc/service/PrtcCnfrDocServiceImpl.java,PrtcCnfrDocServiceImpl.java,PrtcCnfrDocDAO
/src/main/java/com/wti/usr/prtc/service/PrtcCnfrDocServiceImpl.java,PrtcCnfrDocServiceImpl.java,bizSelSttnService
/src/main/java/com/wti/usr/prtc/service/QnAServiceImpl.java,QnAServiceImpl.java,QnADAO
/src/main/java/com/wti/usr/tech/service/TechBdgtAplctServiceImpl.java,TechBdgtAplctServiceImpl.java,budgetDvrSttnDAO
/src/main/java/com/wti/usr/tech/service/TechBdgtAplctServiceImpl.java,TechBdgtAplctServiceImpl.java,techBdgtAplctDAO
/src/main/java/com/wti/usr/tech/service/TechStdnUserServiceImpl.java,TechStdnUserServiceImpl.java,techStdnUserDAO
/src/main/java/egovframework/com/cmm/service/impl/EgovCmmUseServiceImpl.java,EgovCmmUseServiceImpl.java,cmmUseDAO
/src/main/java/egovframework/com/cmm/service/impl/EgovFileMngServiceImpl.java,EgovFileMngServiceImpl.java,FileManageDAO
/src/main/java/egovframework/com/sym/ccm/cca/service/impl/EgovCcmCmmnCodeManageServiceImpl.java,EgovCcmCmmnCodeManageServiceImpl.java,CmmnCodeManageDAO
/src/main/java/egovframework/com/sym/ccm/ccc/service/impl/EgovCcmCmmnClCodeManageServiceImpl.java,EgovCcmCmmnClCodeManageServiceImpl.java,CmmnClCodeManageDAO
/src/main/java/egovframework/com/sym/ccm/cde/service/impl/EgovCcmCmmnDetailCodeManageServiceImpl.java,EgovCcmCmmnDetailCodeManageServiceImpl.java,CmmnDetailCodeManageDAO
/src/main/java/egovframework/com/uat/uap/service/impl/EgovLoginPolicyServiceImpl.java,EgovLoginPolicyServiceImpl.java,loginPolicyDAO
