serviceImpl_url,serviceImpl_file,implements_name
/src/main/java/com/wti/admin/bizDvr/service/BudgetDvrRqstSttnServiceImpl.java,BudgetDvrRqstSttnServiceImpl.java,BudgetDvrRqstSttnService
/src/main/java/com/wti/admin/bizMng/dbMng/service/BudgetDvrServiceImpl.java,BudgetDvrServiceImpl.java,BudgetDvrService
/src/main/java/com/wti/admin/bizMng/dbMng/service/JoinStdnExcelRegServiceImpl.java,JoinStdnExcelRegServiceImpl.java,JoinStdnExcelRegService
/src/main/java/com/wti/admin/bizMng/dbMng/service/StdnRegExcelRegInfoServiceImpl.java,StdnRegExcelRegInfoServiceImpl.java,StdnRegExcelRegInfoService
/src/main/java/com/wti/admin/bizMng/histMng/service/HistInqrServiceImpl.java,HistInqrServiceImpl.java,HistInqrService
/src/main/java/com/wti/admin/bizMng/histMng/service/HistMngExcelRegServiceImpl.java,HistMngExcelRegServiceImpl.java,HistMngExcelRegService
/src/main/java/com/wti/admin/bizMng/histMng/service/HistMngServiceImpl.java,HistMngServiceImpl.java,HistMngService
/src/main/java/com/wti/admin/bizMng/histMng/service/HistMngWhlServiceImpl.java,HistMngWhlServiceImpl.java,HistMngWhlService
/src/main/java/com/wti/admin/bizMng/hmpyLinkMng/service/HmpyLinkMngWhlExcelRegServiceImpl.java,HmpyLinkMngWhlExcelRegServiceImpl.java,HmpyLinkMngWhlExcelRegService
/src/main/java/com/wti/admin/bizMng/hmpyLinkMng/service/HmpyLinkMngWhlServiceImpl.java,HmpyLinkMngWhlServiceImpl.java,HmpyLinkMngWhlService
/src/main/java/com/wti/admin/bizMng/mbrSttn/service/MbrAdminRoleDetlServiceImpl.java,MbrAdminRoleDetlServiceImpl.java,MbrAdminRoleDetlService
/src/main/java/com/wti/admin/bizMng/mbrSttn/service/MbrAdminRoleServiceImpl.java,MbrAdminRoleServiceImpl.java,ListPageService
/src/main/java/com/wti/admin/bizMng/mbrSttn/service/MbrCtlgServiceImpl.java,MbrCtlgServiceImpl.java,ListPageService
/src/main/java/com/wti/admin/bizMng/mbrSttn/service/MbrDetlServiceImpl.java,MbrDetlServiceImpl.java,MbrDetlService
/src/main/java/com/wti/admin/bizMng/mbrSttn/service/MbrItmzServiceImpl.java,MbrItmzServiceImpl.java,ListPageService
/src/main/java/com/wti/admin/bizMng/ntthMng/service/IntrrtSttmntInfoServiceImpl.java,IntrrtSttmntInfoServiceImpl.java,IntrrtSttmntInfoService
/src/main/java/com/wti/admin/bizMng/ntthMng/service/SchNwsInfoServiceImpl.java,SchNwsInfoServiceImpl.java,GetService
/src/main/java/com/wti/admin/bizMng/ntthMng/service/SchNwsMngServiceImpl.java,SchNwsMngServiceImpl.java,ListPageService
/src/main/java/com/wti/admin/bizMng/poolMng/service/JoinEnpAplyInfoServiceImpl.java,JoinEnpAplyInfoServiceImpl.java,JoinEnpAplyInfoService
/src/main/java/com/wti/admin/bizMng/poolMng/service/JoinEnpPoolSttnServiceImpl.java,JoinEnpPoolSttnServiceImpl.java,JoinEnpPoolSttnService
/src/main/java/com/wti/admin/bizMng/poolMng/service/SpctrAplyInfoServiceImpl.java,SpctrAplyInfoServiceImpl.java,SpctrAplyInfoService
/src/main/java/com/wti/admin/bizMng/poolMng/service/SpctrPoolSttnServiceImpl.java,SpctrPoolSttnServiceImpl.java,SpctrPoolSttnService
/src/main/java/com/wti/admin/bizMng/reg/service/BizNotcRegServiceImpl.java,BizNotcRegServiceImpl.java,GetService
/src/main/java/com/wti/admin/bizMng/reg/service/BizNotcSttnServiceImpl.java,BizNotcSttnServiceImpl.java,ListPageService
/src/main/java/com/wti/admin/bizMng/reg/service/BizRegInfoServiceImpl.java,BizRegInfoServiceImpl.java,BizRegInfoService
/src/main/java/com/wti/admin/bizMng/reg/service/BizSttnServiceImpl.java,BizSttnServiceImpl.java,ListService
/src/main/java/com/wti/admin/bizMng/sttn/service/BsbyAplySttnServiceImpl.java,BsbyAplySttnServiceImpl.java,ListPageService
/src/main/java/com/wti/admin/bizMng/sttn/service/BsbySprtSttnServiceImpl.java,BsbySprtSttnServiceImpl.java,ListPageService
/src/main/java/com/wti/admin/bizofc/service/BizofcMngServiceImpl.java,BizofcMngServiceImpl.java,BizofcMngService
/src/main/java/com/wti/admin/cmn/bizAply/service/AccnSrvySttnServiceImpl.java,AccnSrvySttnServiceImpl.java,AccnSrvySttnService
/src/main/java/com/wti/admin/cmn/bizAply/service/AplyAcptSttnServiceImpl.java,AplyAcptSttnServiceImpl.java,AplyAcptSttnService
/src/main/java/com/wti/admin/cmn/bizAply/service/SelEvalSttnServiceImpl.java,SelEvalSttnServiceImpl.java,SelEvalSttnService
/src/main/java/com/wti/admin/cmn/bizMng/service/BizAgrmSttnServiceImpl.java,BizAgrmSttnServiceImpl.java,BizAgrmSttnService
/src/main/java/com/wti/admin/cmn/bizMng/service/BizBscsSttnServiceImpl.java,BizBscsSttnServiceImpl.java,BizBscsSttnService
/src/main/java/com/wti/admin/cmn/bizMng/service/DfmnAplyInfoServiceImpl.java,DfmnAplyInfoServiceImpl.java,DfmnAplyInfoService
/src/main/java/com/wti/admin/cmn/bizMng/service/DfmnAplyRegServiceImpl.java,DfmnAplyRegServiceImpl.java,DfmnAplyRegService
/src/main/java/com/wti/admin/cmn/bizMng/service/DfmnAplySttnServiceImpl.java,DfmnAplySttnServiceImpl.java,DfmnAplySttnService
/src/main/java/com/wti/admin/cmn/bizMng/service/OtcmEvalSttnServiceImpl.java,OtcmEvalSttnServiceImpl.java,ListPageService
/src/main/java/com/wti/admin/cmn/pop/service/ChrgrChcServiceImpl.java,ChrgrChcServiceImpl.java,ListPageService
/src/main/java/com/wti/admin/cmn/pop/service/ExcelFileUpldServiceImpl.java,ExcelFileUpldServiceImpl.java,ExcelFileUpldService
/src/main/java/com/wti/admin/cmn/pop/service/MbrInqrServiceImpl.java,MbrInqrServiceImpl.java,MbrInqrService
/src/main/java/com/wti/admin/cmn/pop/service/RlorgChcServiceImpl.java,RlorgChcServiceImpl.java,ListPageService
/src/main/java/com/wti/admin/cmn/pop/service/SchInfoListServiceImpl.java,SchInfoListServiceImpl.java,ListPageService
/src/main/java/com/wti/admin/cndept/bdgtAplct/service/CndeptBdgtAplctMngServiceImpl.java,CndeptBdgtAplctMngServiceImpl.java,CndeptBdgtAplctMngService
/src/main/java/com/wti/admin/cndept/bizAply/service/CndeptAccnSrvyRegServiceImpl.java,CndeptAccnSrvyRegServiceImpl.java,GetService
/src/main/java/com/wti/admin/cndept/bizAply/service/CndeptBizAplyInfoServiceImpl.java,CndeptBizAplyInfoServiceImpl.java,GetService
/src/main/java/com/wti/admin/cndept/bizAply/service/CndeptSelEvalRegServiceImpl.java,CndeptSelEvalRegServiceImpl.java,GetService
/src/main/java/com/wti/admin/cndept/bizMng/service/CndeptBizAgrmInfoServiceImpl.java,CndeptBizAgrmInfoServiceImpl.java,CndeptBizAgrmInfoService
/src/main/java/com/wti/admin/cndept/bizMng/service/CndeptBizcsEctnMngInfoServiceImpl.java,CndeptBizcsEctnMngInfoServiceImpl.java,CndeptBizcsEctnMngInfoService
/src/main/java/com/wti/admin/cndept/bizMng/service/CndeptBizcsExclMngInfoServiceImpl.java,CndeptBizcsExclMngInfoServiceImpl.java,CndeptBizcsExclMngInfoService
/src/main/java/com/wti/admin/cndept/bizMng/service/CndeptOtcmEvalRegServiceImpl.java,CndeptOtcmEvalRegServiceImpl.java,GetService
/src/main/java/com/wti/admin/cndept/bizMng/service/CndeptTrptCnttInqrServiceImpl.java,CndeptTrptCnttInqrServiceImpl.java,GetService
/src/main/java/com/wti/admin/cndept/bizMng/service/CndeptTrptCnttSttnServiceImpl.java,CndeptTrptCnttSttnServiceImpl.java,CndeptTrptCnttSttnService
/src/main/java/com/wti/admin/cndept/gradAcqsStats/service/GradAcqsStatsServiceImpl.java,GradAcqsStatsServiceImpl.java,GradAcqsStatsService
/src/main/java/com/wti/admin/cndept/qlfcAcqsStats/service/QlfcAcqsStatsServiceImpl.java,QlfcAcqsStatsServiceImpl.java,QlfcAcqsStatsService
/src/main/java/com/wti/admin/cndept/schlMng/service/CndeptSchlMngServiceImpl.java,CndeptSchlMngServiceImpl.java,CndeptSchlMngService
/src/main/java/com/wti/admin/cndept/statSttn/service/MdwyTueOcrnSttnServiceImpl.java,MdwyTueOcrnSttnServiceImpl.java,MdwyTueOcrnSttnService
/src/main/java/com/wti/admin/cndept/statSttn/service/NewStdnRectSttnServiceImpl.java,NewStdnRectSttnServiceImpl.java,NewStdnRectSttnService
/src/main/java/com/wti/admin/cndept/statSttn/service/StdnCtlgServiceImpl.java,StdnCtlgServiceImpl.java,StdnCtlgService
/src/main/java/com/wti/admin/cndept/statSttn/service/StdnSttnServiceImpl.java,StdnSttnServiceImpl.java,StdnSttnService
/src/main/java/com/wti/admin/cndept/stdnMng/service/CndeptStdnMngServiceImpl.java,CndeptStdnMngServiceImpl.java,CndeptStdnMngService
/src/main/java/com/wti/admin/eict/bizAply/service/EictAccnSrvyRegServiceImpl.java,EictAccnSrvyRegServiceImpl.java,GetService
/src/main/java/com/wti/admin/eict/bizAply/service/EictBizAplyInfoServiceImpl.java,EictBizAplyInfoServiceImpl.java,EictBizAplyInfoService
/src/main/java/com/wti/admin/eict/bizAply/service/EictJoinEnpPopServiceImpl.java,EictJoinEnpPopServiceImpl.java,GetService
/src/main/java/com/wti/admin/eict/bizAply/service/EictSelEvalRegServiceImpl.java,EictSelEvalRegServiceImpl.java,GetService
/src/main/java/com/wti/admin/eict/bizMng/service/EictBizAgrmInfoServiceImpl.java,EictBizAgrmInfoServiceImpl.java,EictBizAgrmInfoService
/src/main/java/com/wti/admin/eict/bizMng/service/EictBizcsEctnMngInfoServiceImpl.java,EictBizcsEctnMngInfoServiceImpl.java,EictBizcsEctnMngInfoService
/src/main/java/com/wti/admin/eict/statSttn/service/AcspPrctServiceImpl.java,AcspPrctServiceImpl.java,AcspPrctService
/src/main/java/com/wti/admin/eict/statSttn/service/BizcsServiceImpl.java,BizcsServiceImpl.java,BizcsService
/src/main/java/com/wti/admin/eict/statSttn/service/CstmEduServiceImpl.java,CstmEduServiceImpl.java,CstmEduService
/src/main/java/com/wti/admin/eict/statSttn/service/EictJobStdnStatServiceImpl.java,EictJobStdnStatServiceImpl.java,EictJobStdnStatService
/src/main/java/com/wti/admin/eict/statSttn/service/EictOneAndProjectsStatServiceImpl.java,EictOneAndProjectsStatServiceImpl.java,EictOneAndProjectsStatService
/src/main/java/com/wti/admin/eict/statSttn/service/EictPartStdnStatServiceImpl.java,EictPartStdnStatServiceImpl.java,EictPartStdnStatService
/src/main/java/com/wti/admin/eict/statSttn/service/EictWorkExpnsStatServiceImpl.java,EictWorkExpnsStatServiceImpl.java,EictWorkExpnsStatService
/src/main/java/com/wti/admin/eict/statSttn/service/JoinStdnServiceImpl.java,JoinStdnServiceImpl.java,JoinStdnService
/src/main/java/com/wti/admin/eict/statSttn/service/OneTeam_1PrjServiceImpl.java,OneTeam_1PrjServiceImpl.java,OneTeam_1PrjService
/src/main/java/com/wti/admin/hssppl/service/HsspplMngServiceImpl.java,HsspplMngServiceImpl.java,HsspplMngService
/src/main/java/com/wti/admin/idtcag/bizMng/service/IdtcagAplyAcptSttnServiceImpl.java,IdtcagAplyAcptSttnServiceImpl.java,IdtcagAplyAcptSttnService
/src/main/java/com/wti/admin/idtcag/bizMng/service/IdtcagAplyInfo2015ServiceImpl.java,IdtcagAplyInfo2015ServiceImpl.java,IdtcagAplyInfoService
/src/main/java/com/wti/admin/idtcag/bizMng/service/IdtcagAplyInfo2016ServiceImpl.java,IdtcagAplyInfo2016ServiceImpl.java,IdtcagAplyInfoService
/src/main/java/com/wti/admin/idtcag/bizMng/service/IdtcagAplyInfoServiceImpl.java,IdtcagAplyInfoServiceImpl.java,IdtcagAplyInfoService
/src/main/java/com/wti/admin/idtcag/bizMng/service/IdtcagAppntEntsServiceImpl.java,IdtcagAppntEntsServiceImpl.java,IdtcagAppntEntsService
/src/main/java/com/wti/admin/idtcag/bizMng/service/IdtcagEmailServiceImpl.java,IdtcagEmailServiceImpl.java,IdtcagEmailService
/src/main/java/com/wti/admin/idtcag/bizMng/service/IdtcagMmaRcmnServiceImpl.java,IdtcagMmaRcmnServiceImpl.java,IdtcagMmaRcmnService
/src/main/java/com/wti/admin/idtcag/bizMng/service/IdtcagOnlineEvidenceExcelRegServiceImpl.java,IdtcagOnlineEvidenceExcelRegServiceImpl.java,IdtcagOnlineEvidenceExcelRegService
/src/main/java/com/wti/admin/idtcag/bizMng/service/IdtcagOnlineEvidenceServiceImpl.java,IdtcagOnlineEvidenceServiceImpl.java,IdtcagOnlineEvidenceService
/src/main/java/com/wti/admin/idtcag/bizMng/service/IdtcagPrcafsChargerPartServiceImpl.java,IdtcagPrcafsChargerPartServiceImpl.java,IdtcagPrcafsChargerPartService
/src/main/java/com/wti/admin/idtcag/bizMng/service/IdtcagProcServiceImpl.java,IdtcagProcServiceImpl.java,IdtcagProcService
/src/main/java/com/wti/admin/idtcag/bizMng/service/IdtcagPrtcpntServiceImpl.java,IdtcagPrtcpntServiceImpl.java,IdtcagPrtcpntService
/src/main/java/com/wti/admin/idtcag/bizMng/service/IdtcagQlfcRvwSttnServiceImpl.java,IdtcagQlfcRvwSttnServiceImpl.java,IdtcagQlfcRvwSttnService
/src/main/java/com/wti/admin/idtcag/bizMng/service/QnAidtcagAdmServiceImpl.java,QnAidtcagAdmServiceImpl.java,QnAidtcagAdmService
/src/main/java/com/wti/admin/idtcag/statSttn/service/AcptlAcptSttnServiceImpl.java,AcptlAcptSttnServiceImpl.java,AcptlAcptSttnService
/src/main/java/com/wti/admin/idtcag/statSttn/service/AplyTypeAcptSttnServiceImpl.java,AplyTypeAcptSttnServiceImpl.java,AplyTypeAcptSttnService
/src/main/java/com/wti/admin/idtcag/statSttn/service/FldAcptSttnServiceImpl.java,FldAcptSttnServiceImpl.java,FldAcptSttnService
/src/main/java/com/wti/admin/idtcag/statSttn/service/IdtcagDocServiceImpl.java,IdtcagDocServiceImpl.java,IdtcagDocService
/src/main/java/com/wti/admin/idtcag/statSttn/service/IdtcagEvalDtlSttnServiceImpl.java,IdtcagEvalDtlSttnServiceImpl.java,IdtcagEvalDtlSttnService
/src/main/java/com/wti/admin/idtcag/statSttn/service/IdtcagEvalIndSttnServiceImpl.java,IdtcagEvalIndSttnServiceImpl.java,IdtcagEvalIndSttnService
/src/main/java/com/wti/admin/idtcag/statSttn/service/IdtcagEvalSetSttnServiceImpl.java,IdtcagEvalSetSttnServiceImpl.java,IdtcagEvalSetSttnService
/src/main/java/com/wti/admin/idtcag/statSttn/service/PrgrSttnServiceImpl.java,PrgrSttnServiceImpl.java,PrgrSttnService
/src/main/java/com/wti/admin/idtcag/statSttn/service/WhlWchServiceImpl.java,WhlWchServiceImpl.java,WhlWchService
/src/main/java/com/wti/admin/jbrm/bizMng/service/BizRoomRegProcServiceImpl.java,BizRoomRegProcServiceImpl.java,BizRoomRegProcService
/src/main/java/com/wti/admin/jbrm/bizMng/service/BizRoomRegServiceImpl.java,BizRoomRegServiceImpl.java,BizRoomRegService
/src/main/java/com/wti/admin/mnlMng/service/MnlMngServiceImpl.java,MnlMngServiceImpl.java,MnlMngService
/src/main/java/com/wti/admin/rcgntn/bizMnt/service/BizMntServiceImpl.java,BizMntServiceImpl.java,BizMntService
/src/main/java/com/wti/admin/rcgntn/dataMnt/service/DataMntServiceImpl.java,DataMntServiceImpl.java,DataMntService
/src/main/java/com/wti/admin/rcgntn/dataStats/service/DataStatsServiceImpl.java,DataStatsServiceImpl.java,DataStatsService
/src/main/java/com/wti/admin/smebsc/bizMng/service/SmebscBizAplyServiceImpl.java,SmebscBizAplyServiceImpl.java,SmebscBizAplyService
/src/main/java/com/wti/admin/smebsc/bizMng/service/SmebscBizEvalDtlSttnServiceImpl.java,SmebscBizEvalDtlSttnServiceImpl.java,SmebscBizEvalDtlSttnService
/src/main/java/com/wti/admin/smebsc/bizMng/service/SmebscBizEvalIndSttnServiceImpl.java,SmebscBizEvalIndSttnServiceImpl.java,SmebscBizEvalIndSttnService
/src/main/java/com/wti/admin/smebsc/bizMng/service/SmebscBizEvalSttnServiceImpl.java,SmebscBizEvalSttnServiceImpl.java,SmebscBizEvalSttnService
/src/main/java/com/wti/admin/smebsc/bizMng/service/SmebscCnfrmnMngServiceImpl.java,SmebscCnfrmnMngServiceImpl.java,SmebscCnfrmnMngService
/src/main/java/com/wti/admin/smebsc/bizMng/service/SmebscDataRegServiceImpl.java,SmebscDataRegServiceImpl.java,SmebscDataRegService
/src/main/java/com/wti/admin/smebsc/bizMng/service/SmebscProcServiceImpl.java,SmebscProcServiceImpl.java,SmebscProcService
/src/main/java/com/wti/admin/smebsc/bizMng/service/SmebscReqstMngServiceImpl.java,SmebscReqstMngServiceImpl.java,SmebscReqstMngService
/src/main/java/com/wti/admin/smehrd/bizMng/service/SmehrdAplyAcptSttnServiceImpl.java,SmehrdAplyAcptSttnServiceImpl.java,SmehrdAplyAcptSttnService
/src/main/java/com/wti/admin/smehrd/bizMng/service/SmehrdAplyInfoServiceImpl.java,SmehrdAplyInfoServiceImpl.java,SmehrdAplyInfoService
/src/main/java/com/wti/admin/smehrd/bizMng/service/SmehrdAplyValidMngServiceImpl.java,SmehrdAplyValidMngServiceImpl.java,SmehrdAplyValidMngService
/src/main/java/com/wti/admin/smehrd/bizMng/service/SmehrdProcServiceImpl.java,SmehrdProcServiceImpl.java,SmehrdProcService
/src/main/java/com/wti/admin/smehrd/eqpmn/service/SmehrdEqpmnMngServiceImpl.java,SmehrdEqpmnMngServiceImpl.java,SmehrdEqpmnMngService
/src/main/java/com/wti/admin/smehrd/statSttn/service/SmehrdPrgrSttnServiceImpl.java,SmehrdPrgrSttnServiceImpl.java,SmehrdPrgrSttnService
/src/main/java/com/wti/admin/smehrd/statSttn/service/SmehrdRawExcelServiceImpl.java,SmehrdRawExcelServiceImpl.java,SmehrdRawExcelService
/src/main/java/com/wti/admin/spclhs/bizAply/service/SpclhsAccnSrvyRegServiceImpl.java,SpclhsAccnSrvyRegServiceImpl.java,GetService
/src/main/java/com/wti/admin/spclhs/bizAply/service/SpclhsBizAplyInfoServiceImpl.java,SpclhsBizAplyInfoServiceImpl.java,SpclhsBizAplyInfoService
/src/main/java/com/wti/admin/spclhs/bizAply/service/SpclhsSelEvalRegServiceImpl.java,SpclhsSelEvalRegServiceImpl.java,GetService
/src/main/java/com/wti/admin/spclhs/bizMng/service/DeadlineMngServiceImpl.java,DeadlineMngServiceImpl.java,DeadlineMngService
/src/main/java/com/wti/admin/spclhs/bizMng/service/EduCrsDevServiceImpl.java,EduCrsDevServiceImpl.java,EduCrsDevService
/src/main/java/com/wti/admin/spclhs/bizMng/service/JobCstmClsAdmRegInfoServiceImpl.java,JobCstmClsAdmRegInfoServiceImpl.java,JobCstmClsAdmRegInfoService
/src/main/java/com/wti/admin/spclhs/bizMng/service/JobCstmClsAdmSttnServiceImpl.java,JobCstmClsAdmSttnServiceImpl.java,JobCstmClsAdmSttnService
/src/main/java/com/wti/admin/spclhs/bizMng/service/SpclhsBizcsExclMngInfoServiceImpl.java,SpclhsBizcsExclMngInfoServiceImpl.java,SpclhsBizcsExclMngInfoService
/src/main/java/com/wti/admin/spclhs/bizMng/service/SpclhsJobCstmClsAdmRegInfoServiceImpl.java,SpclhsJobCstmClsAdmRegInfoServiceImpl.java,SpclhsJobCstmClsAdmRegInfoService
/src/main/java/com/wti/admin/spclhs/bizMng/service/SpclhsOtcmEvalRegServiceImpl.java,SpclhsOtcmEvalRegServiceImpl.java,GetService
/src/main/java/com/wti/admin/spclhs/bizMng/service/TeamPrjMngServiceImpl.java,TeamPrjMngServiceImpl.java,TeamPrjMngService
/src/main/java/com/wti/admin/spclhs/statSttn/service/CrrSttnServiceImpl.java,CrrSttnServiceImpl.java,CrrSttnService
/src/main/java/com/wti/admin/spclhs/statSttn/service/OtcmIndxSttnServiceImpl.java,OtcmIndxSttnServiceImpl.java,OtcmIndxSttnService
/src/main/java/com/wti/admin/spclhs/statSttn/service/SpclhsMnpwTrnnServiceImpl.java,SpclhsMnpwTrnnServiceImpl.java,SpclhsMnpwTrnnService
/src/main/java/com/wti/admin/spclhs/statSttn/service/SpclhsOtcmIndxServiceImpl.java,SpclhsOtcmIndxServiceImpl.java,SpclhsOtcmIndxService
/src/main/java/com/wti/admin/survey/surveyMng/service/SurveyMngServiceImpl.java,SurveyMngServiceImpl.java,SurveyMngService
/src/main/java/com/wti/admin/survey/surveyStats/service/SurveyStatsServiceImpl.java,SurveyStatsServiceImpl.java,SurveyStatsService
/src/main/java/com/wti/admin/sysMng/cmnMng/service/AcnnAcntMngSttnServiceImpl.java,AcnnAcntMngSttnServiceImpl.java,AcnnAcntMngSttnService
/src/main/java/com/wti/admin/sysMng/cmnMng/service/AcnnAcntRegServiceImpl.java,AcnnAcntRegServiceImpl.java,AcnnAcntRegService
/src/main/java/com/wti/admin/sysMng/cmnMng/service/CmnCdMngSttnServiceImpl.java,CmnCdMngSttnServiceImpl.java,CmnCdMngSttnService
/src/main/java/com/wti/admin/sysMng/cmnMng/service/DbCdMngSttnServiceImpl.java,DbCdMngSttnServiceImpl.java,DbCdMngSttnService
/src/main/java/com/wti/admin/sysMng/cmnMng/service/EvalIndxMngSttnServiceImpl.java,EvalIndxMngSttnServiceImpl.java,EvalIndxMngSttnService
/src/main/java/com/wti/admin/sysMng/cmnMng/service/EvalIndxRegServiceImpl.java,EvalIndxRegServiceImpl.java,EvalIndxRegService
/src/main/java/com/wti/admin/sysMng/cmnMng/service/EvalLnrqMngSttnServiceImpl.java,EvalLnrqMngSttnServiceImpl.java,EvalLnrqMngSttnService
/src/main/java/com/wti/admin/sysMng/cmnMng/service/EvalLnrqRegDtlServiceImpl.java,EvalLnrqRegDtlServiceImpl.java,EvalLnrqRegDtlService
/src/main/java/com/wti/admin/sysMng/cmnMng/service/EvalLnrqRegServiceImpl.java,EvalLnrqRegServiceImpl.java,EvalLnrqRegService
/src/main/java/com/wti/admin/sysMng/cmnMng/service/HpSchlMngServiceImpl.java,HpSchlMngServiceImpl.java,HpSchlMngService
/src/main/java/com/wti/admin/sysMng/cmnMng/service/OtcmIndxMngSttnServiceImpl.java,OtcmIndxMngSttnServiceImpl.java,OtcmIndxMngSttnService
/src/main/java/com/wti/admin/sysMng/cmnMng/service/OtcmIndxRegServiceImpl.java,OtcmIndxRegServiceImpl.java,OtcmIndxRegService
/src/main/java/com/wti/admin/sysMng/cmnMng/service/TmplatMngServiceImpl.java,TmplatMngServiceImpl.java,TmplatMngService
/src/main/java/com/wti/admin/sysMng/cmpgMng/service/QustMngRegServiceImpl.java,QustMngRegServiceImpl.java,QustMngRegService
/src/main/java/com/wti/admin/sysMng/cmpgMng/service/QustMngSttnServiceImpl.java,QustMngSttnServiceImpl.java,ListPageService
/src/main/java/com/wti/admin/sysMng/logMng/service/LgnHistMngInqrServiceImpl.java,LgnHistMngInqrServiceImpl.java,LgnHistMngInqrService
/src/main/java/com/wti/admin/sysMng/menuMng/service/MenuMngServiceImpl.java,MenuMngServiceImpl.java,MenuMngService
/src/main/java/com/wti/admin/sysMng/ptlMng/service/AlrmPageInqrServiceImpl.java,AlrmPageInqrServiceImpl.java,ListPageService
/src/main/java/com/wti/admin/sysMng/ptlMng/service/AlrmPageWrtnServiceImpl.java,AlrmPageWrtnServiceImpl.java,AlrmPageWrtnService
/src/main/java/com/wti/admin/sysMng/ptlMng/service/AlrmTmplInqrServiceImpl.java,AlrmTmplInqrServiceImpl.java,ListPageService
/src/main/java/com/wti/admin/sysMng/ptlMng/service/AlrmTmplWrtnServiceImpl.java,AlrmTmplWrtnServiceImpl.java,AlrmTmplWrtnService
/src/main/java/com/wti/admin/sysMng/ptlMng/service/BnrImgMngServiceImpl.java,BnrImgMngServiceImpl.java,BnrImgMngService
/src/main/java/com/wti/admin/sysMng/ptlMng/service/BnrPageServiceImpl.java,BnrPageServiceImpl.java,BnrPageService
/src/main/java/com/wti/admin/sysMng/ptlMng/service/CnvncSurveyServiceImpl.java,CnvncSurveyServiceImpl.java,CnvncSurveyService
/src/main/java/com/wti/admin/sysMng/ptlMng/service/CrltSiteInqrServiceImpl.java,CrltSiteInqrServiceImpl.java,ListPageService
/src/main/java/com/wti/admin/sysMng/ptlMng/service/CrltSiteWrtnServiceImpl.java,CrltSiteWrtnServiceImpl.java,CrltSiteWrtnService
/src/main/java/com/wti/admin/sysMng/ptlMng/service/IndvInfoColtCsntWrtnServiceImpl.java,IndvInfoColtCsntWrtnServiceImpl.java,IndvInfoColtCsntWrtnService
/src/main/java/com/wti/admin/sysMng/ptlMng/service/MainPageSetInqrServiceImpl.java,MainPageSetInqrServiceImpl.java,MainPageSetInqrService
/src/main/java/com/wti/admin/sysMng/ptlMng/service/PopupPageInqrServiceImpl.java,PopupPageInqrServiceImpl.java,ListPageService
/src/main/java/com/wti/admin/sysMng/ptlMng/service/PopupPageWrtnServiceImpl.java,PopupPageWrtnServiceImpl.java,PopupPageWrtnService
/src/main/java/com/wti/admin/sysMng/ptlMng/service/PopupZoneInqrServiceImpl.java,PopupZoneInqrServiceImpl.java,ListPageService
/src/main/java/com/wti/admin/sysMng/ptlMng/service/PopupZoneWrtnServiceImpl.java,PopupZoneWrtnServiceImpl.java,PopupZoneWrtnService
/src/main/java/com/wti/admin/sysMng/svcRqst/service/MenuFileMngServiceImpl.java,MenuFileMngServiceImpl.java,MenuFileMngService
/src/main/java/com/wti/admin/sysMng/svcRqst/service/SvcRqstServiceImpl.java,SvcRqstServiceImpl.java,SvcRqstService
/src/main/java/com/wti/admin/techo/bizAply/service/TechoAccnSrvyRegServiceImpl.java,TechoAccnSrvyRegServiceImpl.java,GetService
/src/main/java/com/wti/admin/techo/bizAply/service/TechoBizAplyInfoServiceImpl.java,TechoBizAplyInfoServiceImpl.java,TechoBizAplyInfoService
/src/main/java/com/wti/admin/techo/bizAply/service/TechoPopServiceImpl.java,TechoPopServiceImpl.java,TechoPopService
/src/main/java/com/wti/admin/techo/bizAply/service/TechoSelEvalRegServiceImpl.java,TechoSelEvalRegServiceImpl.java,GetService
/src/main/java/com/wti/admin/techo/bizMng/service/TechBdgtAplctMngServiceImpl.java,TechBdgtAplctMngServiceImpl.java,TechBdgtAplctMngService
/src/main/java/com/wti/admin/techo/bizMng/service/TechoBizAgrmInfoServiceImpl.java,TechoBizAgrmInfoServiceImpl.java,TechoBizAgrmInfoService
/src/main/java/com/wti/admin/techo/bizMng/service/TechoBizcsEctnMngInfoServiceImpl.java,TechoBizcsEctnMngInfoServiceImpl.java,TechoBizcsEctnMngInfoService
/src/main/java/com/wti/admin/techo/bizMng/service/TechoPrtcMngServiceImpl.java,TechoPrtcMngServiceImpl.java,TechoPrtcMngService
/src/main/java/com/wti/admin/techo/bizMng/service/TechoRptdSbmtInfoServiceImpl.java,TechoRptdSbmtInfoServiceImpl.java,TechoRptdSbmtInfoService
/src/main/java/com/wti/admin/techo/bizMng/service/TechoStdnMngSchdlServiceImpl.java,TechoStdnMngSchdlServiceImpl.java,TechoStdnMngSchdlService
/src/main/java/com/wti/admin/techo/statSttn/service/AgrmEnpStatServiceImpl.java,AgrmEnpStatServiceImpl.java,AgrmEnpStatService
/src/main/java/com/wti/admin/techo/statSttn/service/BizcsStatServiceImpl.java,BizcsStatServiceImpl.java,BizcsStatService
/src/main/java/com/wti/admin/techo/statSttn/service/StdnJobSttnServiceImpl.java,StdnJobSttnServiceImpl.java,StdnJobSttnService
/src/main/java/com/wti/admin/techo/statSttn/service/StdnStatServiceImpl.java,StdnStatServiceImpl.java,StdnStatService
/src/main/java/com/wti/admin/techo/statSttn/service/TechoAgreeOrgStatServiceImpl.java,TechoAgreeOrgStatServiceImpl.java,TechoAgreeOrgStatService
/src/main/java/com/wti/admin/techo/statSttn/service/TechoDeptJoinSttnServiceImpl.java,TechoDeptJoinSttnServiceImpl.java,TechoDeptJoinSttnService
/src/main/java/com/wti/admin/techo/statSttn/service/TechoEnpCtlgServiceImpl.java,TechoEnpCtlgServiceImpl.java,TechoEnpCtlgService
/src/main/java/com/wti/admin/techo/statSttn/service/TechoMonthStdnStatServiceImpl.java,TechoMonthStdnStatServiceImpl.java,TechoMonthStdnStatService
/src/main/java/com/wti/admin/techo/statSttn/service/TechoOneAndProjectsStatServiceImpl.java,TechoOneAndProjectsStatServiceImpl.java,TechoOneAndProjectsStatService
/src/main/java/com/wti/admin/techo/statSttn/service/TechoStdnCtlgServiceImpl.java,TechoStdnCtlgServiceImpl.java,TechoStdnCtlgService
/src/main/java/com/wti/admin/techo/statSttn/service/TechoStdnJoinDetlServiceImpl.java,TechoStdnJoinDetlServiceImpl.java,TechoStdnJoinDetlService
/src/main/java/com/wti/admin/techo/statSttn/service/TechoStdnJoinSttnServiceImpl.java,TechoStdnJoinSttnServiceImpl.java,TechoStdnJoinSttnService
/src/main/java/com/wti/admin/techo/statSttn/service/TechoWorkExpnsStatServiceImpl.java,TechoWorkExpnsStatServiceImpl.java,TechoWorkExpnsStatService
/src/main/java/com/wti/admin/techo/statSttn/service/WorkExpnsBudgetServiceImpl.java,WorkExpnsBudgetServiceImpl.java,WorkExpnsBudgetService
/src/main/java/com/wti/cmn/service/ComBizServiceImpl.java,ComBizServiceImpl.java,ComBizService
/src/main/java/com/wti/cmn/service/ComCodeServiceImpl.java,ComCodeServiceImpl.java,ComCodeService
/src/main/java/com/wti/cmn/service/EmailServiceImpl.java,EmailServiceImpl.java,EmailService
/src/main/java/com/wti/cmn/service/FileDownloadServiceImpl.java,FileDownloadServiceImpl.java,FileDownloadService
/src/main/java/com/wti/cmn/service/FileUploadServiceImpl.java,FileUploadServiceImpl.java,FileUploadService
/src/main/java/com/wti/cmn/service/ImgUploadServiceImpl.java,ImgUploadServiceImpl.java,ImgUploadService
/src/main/java/com/wti/cmn/service/InsttServiceImpl.java,InsttServiceImpl.java,ListPageService
/src/main/java/com/wti/cmn/service/LoginServiceImpl.java,LoginServiceImpl.java,LoginService
/src/main/java/com/wti/cmn/service/MainServiceImpl.java,MainServiceImpl.java,MainService
/src/main/java/com/wti/cmn/service/MberServiceImpl.java,MberServiceImpl.java,ListPageService
/src/main/java/com/wti/cmn/service/MbrJoinServiceImpl.java,MbrJoinServiceImpl.java,MbrJoinService
/src/main/java/com/wti/cmn/service/MenuServiceImpl.java,MenuServiceImpl.java,MenuService
/src/main/java/com/wti/cmn/service/PrvcPvsnAgreServiceImpl.java,PrvcPvsnAgreServiceImpl.java,PrvcPvsnAgreService
/src/main/java/com/wti/cmn/service/SchdPrcSttnServiceImpl.java,SchdPrcSttnServiceImpl.java,SchdPrcSttnService
/src/main/java/com/wti/cmn/service/SmesApiServiceImpl.java,SmesApiServiceImpl.java,SmesApiService
/src/main/java/com/wti/cmn/service/smsServiceImpl.java,smsServiceImpl.java,smsService
/src/main/java/com/wti/cmn/service/SurveyMobileServiceImpl.java,SurveyMobileServiceImpl.java,SurveyMobileService
/src/main/java/com/wti/cmn/service/UploadServiceImpl.java,UploadServiceImpl.java,UploadService
/src/main/java/com/wti/usr/anns/service/BizNoticeServiceImpl.java,BizNoticeServiceImpl.java,BizNoticeService
/src/main/java/com/wti/usr/anns/service/NewsItemServiceImpl.java,NewsItemServiceImpl.java,NewsItemService
/src/main/java/com/wti/usr/anns/service/NoticeServiceImpl.java,NoticeServiceImpl.java,NoticeService
/src/main/java/com/wti/usr/aply/bizDvr/service/BudgetDvrSttnServiceImpl.java,BudgetDvrSttnServiceImpl.java,BudgetDvrSttnService
/src/main/java/com/wti/usr/aply/bizofc/service/BizofcAplyServiceImpl.java,BizofcAplyServiceImpl.java,BizofcAplyService
/src/main/java/com/wti/usr/aply/edinsp/service/EdinspAplyServiceImpl.java,EdinspAplyServiceImpl.java,EdinspAplyService
/src/main/java/com/wti/usr/aply/h3g/service/H3gReqBasInfoServiceImpl.java,H3gReqBasInfoServiceImpl.java,H3gReqBasInfoService
/src/main/java/com/wti/usr/aply/h3g/service/H3gReqCompInfoServiceImpl.java,H3gReqCompInfoServiceImpl.java,H3gReqCompInfoService
/src/main/java/com/wti/usr/aply/h3g/service/H3gReqInfoServiceImpl.java,H3gReqInfoServiceImpl.java,H3gReqInfoService
/src/main/java/com/wti/usr/aply/h3g/service/H3gReqListServiceImpl.java,H3gReqListServiceImpl.java,H3gReqListService
/src/main/java/com/wti/usr/aply/h3g/service/H3gReqReqreNmprServiceImpl.java,H3gReqReqreNmprServiceImpl.java,H3gReqReqreNmprService
/src/main/java/com/wti/usr/aply/h3g/service/H3gReqSelfDignsAllotServiceImpl.java,H3gReqSelfDignsAllotServiceImpl.java,H3gReqSelfDignsAllotService
/src/main/java/com/wti/usr/aply/h3g/service/SelfTestActNewServiceImpl.java,SelfTestActNewServiceImpl.java,SelfTestActNewService
/src/main/java/com/wti/usr/aply/hssppl/service/HsspplAplyMngServiceImpl.java,HsspplAplyMngServiceImpl.java,HsspplAplyMngService
/src/main/java/com/wti/usr/aply/jbrm/service/BizAplyRoomDetlServiceImpl.java,BizAplyRoomDetlServiceImpl.java,BizAplyRoomDetlService
/src/main/java/com/wti/usr/aply/service/BizAplyCltgServiceImpl.java,BizAplyCltgServiceImpl.java,BizAplyCltgService
/src/main/java/com/wti/usr/aply/service/BizSelSttnServiceImpl.java,BizSelSttnServiceImpl.java,BizSelSttnService
/src/main/java/com/wti/usr/aply/service/CndeptAplyServiceImpl.java,CndeptAplyServiceImpl.java,CndeptAplyService
/src/main/java/com/wti/usr/aply/service/DfmnAplyServiceImpl.java,DfmnAplyServiceImpl.java,DfmnAplyService
/src/main/java/com/wti/usr/aply/service/PrgmPrgrServiceImpl.java,PrgmPrgrServiceImpl.java,PrgmPrgrService
/src/main/java/com/wti/usr/aply/service/SmehrdEqpmnServiceImpl.java,SmehrdEqpmnServiceImpl.java,SmehrdEqpmnService
/src/main/java/com/wti/usr/aply/service/SpclhsAplyServiceImpl.java,SpclhsAplyServiceImpl.java,SpclhsAplyService
/src/main/java/com/wti/usr/aply/service/SpclhsInsttPoolServiceImpl.java,SpclhsInsttPoolServiceImpl.java,SpclhsInsttPoolService
/src/main/java/com/wti/usr/aply/service/SpclhsRsltIndxServiceImpl.java,SpclhsRsltIndxServiceImpl.java,SpclhsRsltIndxService
/src/main/java/com/wti/usr/aply/service/StdnMngServiceImpl.java,StdnMngServiceImpl.java,StdnMngService
/src/main/java/com/wti/usr/aply/service/TrptCnttMngServiceImpl.java,TrptCnttMngServiceImpl.java,TrptCnttMngService
/src/main/java/com/wti/usr/aply/smebsc/service/SmebscCnfrmnReqstServiceImpl.java,SmebscCnfrmnReqstServiceImpl.java,SmebscCnfrmnReqstService
/src/main/java/com/wti/usr/aply/smebsc/service/SmebscReqListServiceImpl.java,SmebscReqListServiceImpl.java,SmebscReqListService
/src/main/java/com/wti/usr/aply/smebsc/service/SmebscReqstSttusServiceImpl.java,SmebscReqstSttusServiceImpl.java,SmebscReqstSttusService
/src/main/java/com/wti/usr/aply/smehrd/service/SmehrdReqBasInfoServiceImpl.java,SmehrdReqBasInfoServiceImpl.java,SmehrdReqBasInfoService
/src/main/java/com/wti/usr/aply/smehrd/service/SmehrdReqCompInfoServiceImpl.java,SmehrdReqCompInfoServiceImpl.java,SmehrdReqCompInfoService
/src/main/java/com/wti/usr/aply/smehrd/service/SmehrdReqListServiceImpl.java,SmehrdReqListServiceImpl.java,SmehrdReqListService
/src/main/java/com/wti/usr/aply/techo/service/TechoAplyServiceImpl.java,TechoAplyServiceImpl.java,TechoAplyService
/src/main/java/com/wti/usr/cmn/main/service/IntgSrchServiceImpl.java,IntgSrchServiceImpl.java,IntgSrchService
/src/main/java/com/wti/usr/cmn/mnl/service/CmnMnlMngServiceImpl.java,CmnMnlMngServiceImpl.java,CmnMnlMngService
/src/main/java/com/wti/usr/cndept/service/CndeptBdgtAplctUserServiceImpl.java,CndeptBdgtAplctUserServiceImpl.java,CndeptBdgtAplctUserService
/src/main/java/com/wti/usr/cndept/service/CndeptStdnMngUserServiceImpl.java,CndeptStdnMngUserServiceImpl.java,CndeptStdnMngUserService
/src/main/java/com/wti/usr/info/service/DscrsDvlPmServiceImpl.java,DscrsDvlPmServiceImpl.java,DscrsDvlPmService
/src/main/java/com/wti/usr/info/service/EduProgramServiceImpl.java,EduProgramServiceImpl.java,EduProgramService
/src/main/java/com/wti/usr/info/service/PlusInfoDtlServiceImpl.java,PlusInfoDtlServiceImpl.java,PlusInfoDtlService
/src/main/java/com/wti/usr/info/service/PlusInfoServiceImpl.java,PlusInfoServiceImpl.java,PlusInfoService
/src/main/java/com/wti/usr/info/service/RuleNFormsDtlServiceImpl.java,RuleNFormsDtlServiceImpl.java,RuleNFormsDtlService
/src/main/java/com/wti/usr/info/service/RuleNFormsServiceImpl.java,RuleNFormsServiceImpl.java,RuleNFormsService
/src/main/java/com/wti/usr/info/service/SchInfoDtlServiceImpl.java,SchInfoDtlServiceImpl.java,SchInfoDtlService
/src/main/java/com/wti/usr/info/service/SchInfoServiceImpl.java,SchInfoServiceImpl.java,SchInfoService
/src/main/java/com/wti/usr/info/service/SpCaseServiceImpl.java,SpCaseServiceImpl.java,SpCaseService
/src/main/java/com/wti/usr/mbr/service/IntrrtSttmntServiceImpl.java,IntrrtSttmntServiceImpl.java,IntrrtSttmntService
/src/main/java/com/wti/usr/mbr/service/ProfMngmtServiceImpl.java,ProfMngmtServiceImpl.java,ProfMngmtService
/src/main/java/com/wti/usr/prtc/service/FAQServiceImpl.java,FAQServiceImpl.java,FAQService
/src/main/java/com/wti/usr/prtc/service/OoQstnServiceImpl.java,OoQstnServiceImpl.java,OoQstnService
/src/main/java/com/wti/usr/prtc/service/PrtcCnfrDocServiceImpl.java,PrtcCnfrDocServiceImpl.java,PrtcCnfrDocService
/src/main/java/com/wti/usr/prtc/service/QnAServiceImpl.java,QnAServiceImpl.java,QnAService
/src/main/java/com/wti/usr/tech/service/TechBdgtAplctServiceImpl.java,TechBdgtAplctServiceImpl.java,TechBdgtAplctService
/src/main/java/com/wti/usr/tech/service/TechStdnUserServiceImpl.java,TechStdnUserServiceImpl.java,TechStdnUserService
/src/main/java/egovframework/com/cmm/service/impl/EgovCmmUseServiceImpl.java,EgovCmmUseServiceImpl.java,EgovCmmUseService
/src/main/java/egovframework/com/cmm/service/impl/EgovFileMngServiceImpl.java,EgovFileMngServiceImpl.java,EgovFileMngService
/src/main/java/egovframework/com/cmm/service/impl/EgovUserDetailsSessionServiceImpl.java,EgovUserDetailsSessionServiceImpl.java,EgovUserDetailsService
/src/main/java/egovframework/com/sym/ccm/cca/service/impl/EgovCcmCmmnCodeManageServiceImpl.java,EgovCcmCmmnCodeManageServiceImpl.java,EgovCcmCmmnCodeManageService
/src/main/java/egovframework/com/sym/ccm/ccc/service/impl/EgovCcmCmmnClCodeManageServiceImpl.java,EgovCcmCmmnClCodeManageServiceImpl.java,EgovCcmCmmnClCodeManageService
/src/main/java/egovframework/com/sym/ccm/cde/service/impl/EgovCcmCmmnDetailCodeManageServiceImpl.java,EgovCcmCmmnDetailCodeManageServiceImpl.java,EgovCcmCmmnDetailCodeManageService
/src/main/java/egovframework/com/uat/uap/service/impl/EgovLoginPolicyServiceImpl.java,EgovLoginPolicyServiceImpl.java,EgovLoginPolicyService
