serviceImpl_url,serviceImpl_file,service_name
/src/main/java/com/wti/admin/bizDvr/service/BudgetDvrRqstSttnServiceImpl.java,BudgetDvrRqstSttnServiceImpl.java,budgetDvrRqstSttnService
/src/main/java/com/wti/admin/bizMng/dbMng/service/BudgetDvrServiceImpl.java,BudgetDvrServiceImpl.java,budgetDvrService
/src/main/java/com/wti/admin/bizMng/dbMng/service/JoinStdnExcelRegServiceImpl.java,JoinStdnExcelRegServiceImpl.java,JoinStdnExcelRegService
/src/main/java/com/wti/admin/bizMng/dbMng/service/StdnRegExcelRegInfoServiceImpl.java,StdnRegExcelRegInfoServiceImpl.java,stdnRegExcelRegInfoService
/src/main/java/com/wti/admin/bizMng/histMng/service/HistInqrServiceImpl.java,HistInqrServiceImpl.java,histInqrService
/src/main/java/com/wti/admin/bizMng/histMng/service/HistMngExcelRegServiceImpl.java,HistMngExcelRegServiceImpl.java,HistMngExcelRegService
/src/main/java/com/wti/admin/bizMng/histMng/service/HistMngServiceImpl.java,HistMngServiceImpl.java,HistMngService
/src/main/java/com/wti/admin/bizMng/histMng/service/HistMngWhlServiceImpl.java,HistMngWhlServiceImpl.java,HistMngWhlService
/src/main/java/com/wti/admin/bizMng/hmpyLinkMng/service/HmpyLinkMngWhlExcelRegServiceImpl.java,HmpyLinkMngWhlExcelRegServiceImpl.java,HmpyLinkMngWhlExcelRegService
/src/main/java/com/wti/admin/bizMng/hmpyLinkMng/service/HmpyLinkMngWhlServiceImpl.java,HmpyLinkMngWhlServiceImpl.java,HmpyLinkMngWhlService
/src/main/java/com/wti/admin/bizMng/mbrSttn/service/MbrAdminRoleDetlServiceImpl.java,MbrAdminRoleDetlServiceImpl.java,MbrAdminRoleDetlService
/src/main/java/com/wti/admin/bizMng/mbrSttn/service/MbrAdminRoleServiceImpl.java,MbrAdminRoleServiceImpl.java,MbrAdminRoleService
/src/main/java/com/wti/admin/bizMng/mbrSttn/service/MbrCtlgServiceImpl.java,MbrCtlgServiceImpl.java,mbrCtlgService
/src/main/java/com/wti/admin/bizMng/mbrSttn/service/MbrDetlServiceImpl.java,MbrDetlServiceImpl.java,MbrDetlService
/src/main/java/com/wti/admin/bizMng/mbrSttn/service/MbrItmzServiceImpl.java,MbrItmzServiceImpl.java,mbrItmzService
/src/main/java/com/wti/admin/bizMng/ntthMng/service/IntrrtSttmntInfoServiceImpl.java,IntrrtSttmntInfoServiceImpl.java,intrrtSttmntInfoService
/src/main/java/com/wti/admin/bizMng/ntthMng/service/SchNwsInfoServiceImpl.java,SchNwsInfoServiceImpl.java,schNwsInfoService
/src/main/java/com/wti/admin/bizMng/ntthMng/service/SchNwsMngServiceImpl.java,SchNwsMngServiceImpl.java,schNwsMngService
/src/main/java/com/wti/admin/bizMng/poolMng/service/JoinEnpAplyInfoServiceImpl.java,JoinEnpAplyInfoServiceImpl.java,JoinEnpAplyInfoService
/src/main/java/com/wti/admin/bizMng/poolMng/service/JoinEnpPoolSttnServiceImpl.java,JoinEnpPoolSttnServiceImpl.java,JoinEnpPoolSttnService
/src/main/java/com/wti/admin/bizMng/poolMng/service/SpctrAplyInfoServiceImpl.java,SpctrAplyInfoServiceImpl.java,spctrAplyInfoService
/src/main/java/com/wti/admin/bizMng/poolMng/service/SpctrPoolSttnServiceImpl.java,SpctrPoolSttnServiceImpl.java,spctrPoolSttnService
/src/main/java/com/wti/admin/bizMng/reg/service/BizNotcRegServiceImpl.java,BizNotcRegServiceImpl.java,bizNotcRegService
/src/main/java/com/wti/admin/bizMng/reg/service/BizNotcSttnServiceImpl.java,BizNotcSttnServiceImpl.java,bizNotcSttnService
/src/main/java/com/wti/admin/bizMng/reg/service/BizRegInfoServiceImpl.java,BizRegInfoServiceImpl.java,bizRegInfoService
/src/main/java/com/wti/admin/bizMng/reg/service/BizRegInfoTranProcServiceImpl.java,BizRegInfoTranProcServiceImpl.java,bizRegInfoTranProcService
/src/main/java/com/wti/admin/bizMng/reg/service/BizRegTranProcServiceImpl.java,BizRegTranProcServiceImpl.java,bizRegTranProcService
/src/main/java/com/wti/admin/bizMng/reg/service/BizSttnServiceImpl.java,BizSttnServiceImpl.java,bizSttnService
/src/main/java/com/wti/admin/bizMng/sttn/service/BsbyAplySttnServiceImpl.java,BsbyAplySttnServiceImpl.java,bsbyAplySttnService
/src/main/java/com/wti/admin/bizMng/sttn/service/BsbySprtSttnServiceImpl.java,BsbySprtSttnServiceImpl.java,bsbySprtSttnService
/src/main/java/com/wti/admin/bizMng/wfsCntr/service/WfsAplyInfoServiceImpl.java,WfsAplyInfoServiceImpl.java,wfsAplyInfoService
/src/main/java/com/wti/admin/bizMng/wfsCntr/service/WfsCnslSttnServiceImpl.java,WfsCnslSttnServiceImpl.java,wfsAdmCnslSttnService
/src/main/java/com/wti/admin/bizofc/service/BizofcMngServiceImpl.java,BizofcMngServiceImpl.java,bizofcMngService
/src/main/java/com/wti/admin/cmn/bizAply/service/AccnSrvySttnServiceImpl.java,AccnSrvySttnServiceImpl.java,AccnSrvySttnService
/src/main/java/com/wti/admin/cmn/bizAply/service/AplyAcptSttnServiceImpl.java,AplyAcptSttnServiceImpl.java,aplyAcptSttnService
/src/main/java/com/wti/admin/cmn/bizAply/service/SelEvalSttnServiceImpl.java,SelEvalSttnServiceImpl.java,SelEvalSttnService
/src/main/java/com/wti/admin/cmn/bizMng/service/BizAgrmSttnServiceImpl.java,BizAgrmSttnServiceImpl.java,BizAgrmSttnService
/src/main/java/com/wti/admin/cmn/bizMng/service/BizBscsSttnServiceImpl.java,BizBscsSttnServiceImpl.java,BizBscsSttnService
/src/main/java/com/wti/admin/cmn/bizMng/service/DfmnAplyInfoServiceImpl.java,DfmnAplyInfoServiceImpl.java,DfmnAplyInfoService
/src/main/java/com/wti/admin/cmn/bizMng/service/DfmnAplyRegServiceImpl.java,DfmnAplyRegServiceImpl.java,DfmnAplyRegService
/src/main/java/com/wti/admin/cmn/bizMng/service/DfmnAplySttnServiceImpl.java,DfmnAplySttnServiceImpl.java,DfmnAplySttnService
/src/main/java/com/wti/admin/cmn/bizMng/service/OtcmEvalSttnServiceImpl.java,OtcmEvalSttnServiceImpl.java,OtcmEvalSttnService
/src/main/java/com/wti/admin/cmn/pop/service/ChrgrChcServiceImpl.java,ChrgrChcServiceImpl.java,chrgrChcService
/src/main/java/com/wti/admin/cmn/pop/service/ExcelFileUpldServiceImpl.java,ExcelFileUpldServiceImpl.java,excelFileUpldService
/src/main/java/com/wti/admin/cmn/pop/service/MbrInqrServiceImpl.java,MbrInqrServiceImpl.java,MbrInqrService
/src/main/java/com/wti/admin/cmn/pop/service/RlorgChcServiceImpl.java,RlorgChcServiceImpl.java,rlorgChcService
/src/main/java/com/wti/admin/cmn/pop/service/SchInfoListServiceImpl.java,SchInfoListServiceImpl.java,schInfoListService
/src/main/java/com/wti/admin/cmn/proc/pr0111/service/PR0111ReceptAdtmModTranProcServiceImpl.java,PR0111ReceptAdtmModTranProcServiceImpl.java,pr0111ReceptAdtmModTranProcService
/src/main/java/com/wti/admin/cmn/proc/pr0111/service/PR0111ReceptReturnTranProcServiceImpl.java,PR0111ReceptReturnTranProcServiceImpl.java,pr0111ReceptReturnTranProcService
/src/main/java/com/wti/admin/cmn/proc/pr0111/service/PR0111ReturnCancelTranProcServiceImpl.java,PR0111ReturnCancelTranProcServiceImpl.java,pr0111ReturnCancelTranProcService
/src/main/java/com/wti/admin/cmn/proc/pr0111/service/PR0111ReturRewriteTranProcServiceImpl.java,PR0111ReturRewriteTranProcServiceImpl.java,pr0111ReturRewriteTranProcService
/src/main/java/com/wti/admin/cmn/proc/pr0121/service/PR0121QualfExmntCancelBatchProcServiceImpl.java,PR0121QualfExmntCancelBatchProcServiceImpl.java,pr0121QualfExmntCancelBatchProcService
/src/main/java/com/wti/admin/cmn/proc/pr0121/service/PR0121QualfTagetRceptBatchProcServiceImpl.java,PR0121QualfTagetRceptBatchProcServiceImpl.java,pr0121QualfTagetRceptBatchProcService
/src/main/java/com/wti/admin/cmn/proc/pr0121/service/PR0121QualfTagetRceptCancelBatchProcServiceImpl.java,PR0121QualfTagetRceptCancelBatchProcServiceImpl.java,pr0121QualfTagetRceptCancelBatchProcService
/src/main/java/com/wti/admin/cmn/proc/pr0121/service/PR0121QualfTagetReturnBatchProcServiceImpl.java,PR0121QualfTagetReturnBatchProcServiceImpl.java,pr0121RceptReturnBatchProcServie
/src/main/java/com/wti/admin/cmn/proc/pr0122/service/PR0122DocmntExmntOkBatchProcServiceImpl.java,PR0122DocmntExmntOkBatchProcServiceImpl.java,pr0122DocmntExmntOkBatchProcService
/src/main/java/com/wti/admin/cmn/proc/pr0122/service/PR0122DocmntExmntOkTranProcServiceImpl.java,PR0122DocmntExmntOkTranProcServiceImpl.java,pr0122DocmntExmntOkTranProcService
/src/main/java/com/wti/admin/cmn/proc/pr0122/service/PR0122DocmntExmntRceptCancelBatchProcServiceImpl.java,PR0122DocmntExmntRceptCancelBatchProcServiceImpl.java,pr0122DocmntExmntRceptCancelBatchProcService
/src/main/java/com/wti/admin/cmn/proc/pr0122/service/PR0122DocmntExmntRecptCancelTranProcServiceImpl.java,PR0122DocmntExmntRecptCancelTranProcServiceImpl.java,pr0122DocmntExmntRecptCancelTranProcService
/src/main/java/com/wti/admin/cmn/proc/pr0122/service/PR0122DocmntExmntSaveTranProcServiceImpl.java,PR0122DocmntExmntSaveTranProcServiceImpl.java,pr0122DocmntExmntSaveTranProcService
/src/main/java/com/wti/admin/cmn/proc/pr0123/service/PR0123QualfExmntCancelBatchProcServiceImpl.java,PR0123QualfExmntCancelBatchProcServiceImpl.java,pr0123QualfExmntCancelBatchProcService
/src/main/java/com/wti/admin/cmn/proc/pr0123/service/PR0123QualfExmntCancelTranProcServiceImpl.java,PR0123QualfExmntCancelTranProcServiceImpl.java,pr0123QualfExmntCancelTranProcService
/src/main/java/com/wti/admin/cmn/proc/pr0123/service/PR0123QualfExmntNoFitBatchProcServiceImpl.java,PR0123QualfExmntNoFitBatchProcServiceImpl.java,pr0123QualfExmntNoFitBatchProcService
/src/main/java/com/wti/admin/cmn/proc/pr0123/service/PR0123QualfExmntNoFitTranProcServiceImpl.java,PR0123QualfExmntNoFitTranProcServiceImpl.java,pr0123QualfExmntNoFitTranProcService
/src/main/java/com/wti/admin/cmn/proc/pr0123/service/PR0123QualfExmntOkTranProcServiceImpl.java,PR0123QualfExmntOkTranProcServiceImpl.java,pr0123QualfExmntOkTranProcService
/src/main/java/com/wti/admin/cmn/proc/pr0123/service/PR0123QualfExmntReturnTranProcServiceImpl.java,PR0123QualfExmntReturnTranProcServiceImpl.java,pr0123QualfExmntReturnTranProcService
/src/main/java/com/wti/admin/cmn/proc/pr0123/service/PR0123QualfExmntSaveTranProcServiceImpl.java,PR0123QualfExmntSaveTranProcServiceImpl.java,pr0123QualfExmntSaveTranProcService
/src/main/java/com/wti/admin/cmn/proc/pr0127/service/PR0127Presentn127ReturnTranProcServiceImpl.java,PR0127Presentn127ReturnTranProcServiceImpl.java,pr0127Presentn127ReturnTranProcService
/src/main/java/com/wti/admin/cmn/proc/pr0129/service/PR0129ComptCancelTranProcServiceImpl.java,PR0129ComptCancelTranProcServiceImpl.java,pr0129ComptCancelTranProcService
/src/main/java/com/wti/admin/cmn/proc/pr0129/service/PR0129PresentnReturnTranProcServiceImpl.java,PR0129PresentnReturnTranProcServiceImpl.java,pr0129PresentnReturnTranProcService
/src/main/java/com/wti/admin/cmn/proc/pr0129/service/PR0129ReturnCancelTranProcServiceImpl.java,PR0129ReturnCancelTranProcServiceImpl.java,pr0129ReturnCancelTranProcService
/src/main/java/com/wti/admin/cmn/proc/pr0211/service/PR0211ExmntReturnTranProcServiceImpl.java,PR0211ExmntReturnTranProcServiceImpl.java,pr0211ExmntReturnTranProcService
/src/main/java/com/wti/admin/cmn/proc/pr0214/service/PR0214ExmntReturnTranProcServiceImpl.java,PR0214ExmntReturnTranProcServiceImpl.java,pr0214ExmntReturnTranProcService
/src/main/java/com/wti/admin/cmn/proc/pr0214/service/PR0214ExmntSaveTranProcServiceImpl.java,PR0214ExmntSaveTranProcServiceImpl.java,pr0214ExmntSaveTranProcService
/src/main/java/com/wti/admin/cmn/proc/pr0214/service/PR0214LastComptCancelTranProcServiceImpl.java,PR0214LastComptCancelTranProcServiceImpl.java,pr0214LastComptCancelTranProcService
/src/main/java/com/wti/admin/cmn/proc/pr0214/service/PR0214ReturnCancelTranProcServiceImpl.java,PR0214ReturnCancelTranProcServiceImpl.java,pr0214ReturnCancelTranProcService
/src/main/java/com/wti/admin/cmn/proc/pr0220/service/PR0220ComptCancelTranProcServiceImpl.java,PR0220ComptCancelTranProcServiceImpl.java,pr0220ComptCancelTranProcService
/src/main/java/com/wti/admin/cmn/proc/pr0220/service/PR0220ExmntReturnTranProcServiceImpl.java,PR0220ExmntReturnTranProcServiceImpl.java,pr0220ExmntReturnTranProcService
/src/main/java/com/wti/admin/cmn/proc/pr0221/service/PR0221ComptCancelTranProcServiceImpl.java,PR0221ComptCancelTranProcServiceImpl.java,pr0221ComptCancelTranProcService
/src/main/java/com/wti/admin/cmn/proc/pr0221/service/PR0221ComptDeleteTranProcServiceImpl.java,PR0221ComptDeleteTranProcServiceImpl.java,pr0221ComptDeleteTranProcService
/src/main/java/com/wti/admin/cmn/proc/pr0221/service/PR0221NewComptTranProcServiceImpl.java,PR0221NewComptTranProcServiceImpl.java,pr0221NewComptTranProcService
/src/main/java/com/wti/admin/cmn/proc/pr0221/service/PR0221NewSaveTranProcServiceImpl.java,PR0221NewSaveTranProcServiceImpl.java,pr0221NewSaveTranProcService
/src/main/java/com/wti/admin/cmn/proc/pr0221/service/PR0221WritingComptTranProcServiceImpl.java,PR0221WritingComptTranProcServiceImpl.java,pr0221WritingComptTranProcService
/src/main/java/com/wti/admin/cmn/proc/pr0221/service/PR0221WritingDeleteTranProcServiceImpl.java,PR0221WritingDeleteTranProcServiceImpl.java,pr0221WritingDeleteTranProcService
/src/main/java/com/wti/admin/cmn/proc/pr0221/service/PR0221WritingSaveTranProcServiceImpl.java,PR0221WritingSaveTranProcServiceImpl.java,pr0221WritingSaveTranProcService
/src/main/java/com/wti/admin/cmn/proc/pr0223/service/PR0223ComptCancelTranProcServiceImpl.java,PR0223ComptCancelTranProcServiceImpl.java,pr0223ComptCancelTranProcService
/src/main/java/com/wti/admin/cmn/proc/pr0223/service/PR0223ComptDeleteTranProcServiceImpl.java,PR0223ComptDeleteTranProcServiceImpl.java,pr0223ComptDeleteTranProcService
/src/main/java/com/wti/admin/cmn/proc/pr0223/service/PR0223ComptLCancelTranProcServiceImpl.java,PR0223ComptLCancelTranProcServiceImpl.java,pr0223ComptLCancelTranProcService
/src/main/java/com/wti/admin/cmn/proc/pr0223/service/PR0223ComptLDeleteTranProcServiceImpl.java,PR0223ComptLDeleteTranProcServiceImpl.java,pr0223ComptLDeleteTranProcService
/src/main/java/com/wti/admin/cmn/proc/pr0223/service/PR0223ComptLExamComptTranProcServiceImpl.java,PR0223ComptLExamComptTranProcServiceImpl.java,pr0223ComptLExamComptTranProcService
/src/main/java/com/wti/admin/cmn/proc/pr0223/service/PR0223ComptLExamReturnTranProcServiceImpl.java,PR0223ComptLExamReturnTranProcServiceImpl.java,pr0223ComptLExamReturnTranProcService
/src/main/java/com/wti/admin/cmn/proc/pr0223/service/PR0223ComptLSaveTranProcServiceImpl.java,PR0223ComptLSaveTranProcServiceImpl.java,pr0223ComptLSaveTranProcService
/src/main/java/com/wti/admin/cmn/proc/pr0223/service/PR0223ExamComptTranProcServiceImpl.java,PR0223ExamComptTranProcServiceImpl.java,pr0223ExamComptTranProcService
/src/main/java/com/wti/admin/cmn/proc/pr0223/service/PR0223ExamDeleteTranProcServiceImpl.java,PR0223ExamDeleteTranProcServiceImpl.java,pr0223ExamDeleteTranProcService
/src/main/java/com/wti/admin/cmn/proc/pr0223/service/PR0223ExamLComptTranProcServiceImpl.java,PR0223ExamLComptTranProcServiceImpl.java,pr0223ExamLComptTranProcService
/src/main/java/com/wti/admin/cmn/proc/pr0223/service/PR0223ExamLDeleteTranProcServiceImpl.java,PR0223ExamLDeleteTranProcServiceImpl.java,pr223ExamLDeleteTranProcService
/src/main/java/com/wti/admin/cmn/proc/pr0223/service/PR0223ExamLReturnTranProcServiceImpl.java,PR0223ExamLReturnTranProcServiceImpl.java,pr0223ExamLReturnTranProcService
/src/main/java/com/wti/admin/cmn/proc/pr0223/service/PR0223ExamLSaveTranProcServiceImpl.java,PR0223ExamLSaveTranProcServiceImpl.java,pr0223ExamLSaveTranProcService
/src/main/java/com/wti/admin/cmn/proc/pr0223/service/PR0223ExamReturnTranProcServiceImpl.java,PR0223ExamReturnTranProcServiceImpl.java,pr0223ExamReturnTranProcService
/src/main/java/com/wti/admin/cmn/proc/pr0250/service/PR0250NewNoFitTranProcServiceImpl.java,PR0250NewNoFitTranProcServiceImpl.java,pr0250NewNoFitTranProcService
/src/main/java/com/wti/admin/cmn/proc/pr0250/service/PR0250NewOkTranProcServiceImpl.java,PR0250NewOkTranProcServiceImpl.java,pr0250NewOkTranProcService
/src/main/java/com/wti/admin/cmn/proc/pr0250/service/PR0250NewSaveTranProcServiceImpl.java,PR0250NewSaveTranProcServiceImpl.java,pr0250NewSaveTranProcService
/src/main/java/com/wti/admin/cmn/proc/pr0250/service/PR0250NoFit07CancelTranProcServiceImpl.java,PR0250NoFit07CancelTranProcServiceImpl.java,pr0250NoFit07CancelTranProcService
/src/main/java/com/wti/admin/cmn/proc/pr0250/service/PR0250ResultComptCancelTranProcServiceImpl.java,PR0250ResultComptCancelTranProcServiceImpl.java,pr0250ResultComptCancelTranProcService
/src/main/java/com/wti/admin/cmn/proc/pr0250/service/PR0250ResultExmntNoFitTranProcServiceImpl.java,PR0250ResultExmntNoFitTranProcServiceImpl.java,pr0250ResultExmntNoFitTranProcService
/src/main/java/com/wti/admin/cmn/proc/pr0250/service/PR0250ResultExmntOkTranProcServiceImpl.java,PR0250ResultExmntOkTranProcServiceImpl.java,pr0250ResultExmntOkTranProcService
/src/main/java/com/wti/admin/cmn/proc/pr0250/service/PR0250ResultExmntSaveTranProcServiceImpl.java,PR0250ResultExmntSaveTranProcServiceImpl.java,pr0250ResultExmntSaveTranProcService
/src/main/java/com/wti/admin/cmn/proc/pre101/service/PRE101ComptRewriteTranProcServiceImpl.java,PRE101ComptRewriteTranProcServiceImpl.java,pre101ComptRewriteTranProcService
/src/main/java/com/wti/admin/cmn/proc/pre101/service/PRE101NewSaveTranProcServiceImpl.java,PRE101NewSaveTranProcServiceImpl.java,pre101NewSaveTranProcService
/src/main/java/com/wti/admin/cmn/proc/pre101/service/PRE101WritingDeleteTranProcServiceImpl.java,PRE101WritingDeleteTranProcServiceImpl.java,pre101WritingDeleteTranProcService
/src/main/java/com/wti/admin/cmn/proc/pre101/service/PRE101WritingFinishTranProcServiceImpl.java,PRE101WritingFinishTranProcServiceImpl.java,pre101WritingFinishTranProcService
/src/main/java/com/wti/admin/cmn/proc/pre101/service/PRE101WritingSaveTranProcServiceImpl.java,PRE101WritingSaveTranProcServiceImpl.java,pre101WritingSaveTranProcService
/src/main/java/com/wti/admin/cmn/proc/pre151/service/PRE151ComptCancelBatchProcServiceImpl.java,PRE151ComptCancelBatchProcServiceImpl.java,pre151ComptCancelBatchProcService
/src/main/java/com/wti/admin/cmn/proc/pre151/service/PRE151ExmntAgreeBatchProcServiceImpl.java,PRE151ExmntAgreeBatchProcServiceImpl.java,pre151ExmntAgreeBatchProcService
/src/main/java/com/wti/admin/cmn/proc/pre151/service/PRE151ExmntRejectBatchProcServiceImpl.java,PRE151ExmntRejectBatchProcServiceImpl.java,pre151ExmntRejectBatchProcService
/src/main/java/com/wti/admin/cmn/proc/pre204/service/PRE204AgreeCancelBatchProcServiceImpl.java,PRE204AgreeCancelBatchProcServiceImpl.java,pre204AgreeCancelBatchProcService
/src/main/java/com/wti/admin/cmn/proc/pre204/service/PRE204ExmntAgreeBatchProcServiceImpl.java,PRE204ExmntAgreeBatchProcServiceImpl.java,pre204ExmntAgreeBatchProcService
/src/main/java/com/wti/admin/cmn/proc/pre204/service/PRE204ExmntAgreeCancelProcServiceImpl.java,PRE204ExmntAgreeCancelProcServiceImpl.java,pre204ExmntAgreeCancelProcService
/src/main/java/com/wti/admin/cmn/proc/pre204/service/PRE204ExmntRejectBatchProcServiceImpl.java,PRE204ExmntRejectBatchProcServiceImpl.java,pre204ExmntRejectBatchProcService
/src/main/java/com/wti/admin/cmn/proc/pre204/service/PRE204ExmntRejectTranProcServiceImpl.java,PRE204ExmntRejectTranProcServiceImpl.java,pre204ExmntRejectTranProcService
/src/main/java/com/wti/admin/cmn/proc/pre204/service/PRE204RejectCancelBatchProcServiceImpl.java,PRE204RejectCancelBatchProcServiceImpl.java,pre204RejectCancelBatchProcService
/src/main/java/com/wti/admin/cmn/proc/pre206/service/PRE206WritingAgreeBatchProcServiceImpl.java,PRE206WritingAgreeBatchProcServiceImpl.java,pre206WritingAgreeBatchProcService
/src/main/java/com/wti/admin/cmn/proc/pre206/service/PRE206WritingCancelBatchProcServiceImpl.java,PRE206WritingCancelBatchProcServiceImpl.java,pre206WritingCancelBatchProcService
/src/main/java/com/wti/admin/cndept/bdgtAplct/service/CndeptBdgtAplctMngServiceImpl.java,CndeptBdgtAplctMngServiceImpl.java,cndeptBdgtAplctMngService
/src/main/java/com/wti/admin/cndept/bizAply/service/CndeptAccnSrvyRegServiceImpl.java,CndeptAccnSrvyRegServiceImpl.java,cndeptAccnSrvyRegService
/src/main/java/com/wti/admin/cndept/bizAply/service/CndeptBizAplyInfoServiceImpl.java,CndeptBizAplyInfoServiceImpl.java,cndeptBizAplyInfoService
/src/main/java/com/wti/admin/cndept/bizAply/service/CndeptSelEvalRegServiceImpl.java,CndeptSelEvalRegServiceImpl.java,cndeptSelEvalRegService
/src/main/java/com/wti/admin/cndept/bizMng/service/CndeptBizAgrmInfoServiceImpl.java,CndeptBizAgrmInfoServiceImpl.java,cndeptBizAgrmInfoService
/src/main/java/com/wti/admin/cndept/bizMng/service/CndeptBizcsEctnMngInfoServiceImpl.java,CndeptBizcsEctnMngInfoServiceImpl.java,cndeptBizcsEctnMngInfoService
/src/main/java/com/wti/admin/cndept/bizMng/service/CndeptBizcsExclMngInfoServiceImpl.java,CndeptBizcsExclMngInfoServiceImpl.java,cndeptBizcsExclMngInfoService
/src/main/java/com/wti/admin/cndept/bizMng/service/CndeptOtcmEvalRegServiceImpl.java,CndeptOtcmEvalRegServiceImpl.java,cndeptOtcmEvalRegService
/src/main/java/com/wti/admin/cndept/bizMng/service/CndeptTrptCnttInqrServiceImpl.java,CndeptTrptCnttInqrServiceImpl.java,cndeptTrptCnttInqrService
/src/main/java/com/wti/admin/cndept/bizMng/service/CndeptTrptCnttSttnServiceImpl.java,CndeptTrptCnttSttnServiceImpl.java,CndeptTrptCnttSttnService
/src/main/java/com/wti/admin/cndept/gradAcqsStats/service/GradAcqsStatsServiceImpl.java,GradAcqsStatsServiceImpl.java,gradAcqsStatsService
/src/main/java/com/wti/admin/cndept/qlfcAcqsStats/service/QlfcAcqsStatsServiceImpl.java,QlfcAcqsStatsServiceImpl.java,qlfcAcqsStatsService
/src/main/java/com/wti/admin/cndept/schlMng/service/CndeptSchlMngServiceImpl.java,CndeptSchlMngServiceImpl.java,cndeptSchlMngService
/src/main/java/com/wti/admin/cndept/statSttn/service/MdwyTueOcrnSttnServiceImpl.java,MdwyTueOcrnSttnServiceImpl.java,MdwyTueOcrnSttnService
/src/main/java/com/wti/admin/cndept/statSttn/service/NewStdnRectSttnServiceImpl.java,NewStdnRectSttnServiceImpl.java,NewStdnRectSttnService
/src/main/java/com/wti/admin/cndept/statSttn/service/StdnCtlgServiceImpl.java,StdnCtlgServiceImpl.java,StdnCtlgService
/src/main/java/com/wti/admin/cndept/statSttn/service/StdnSttnServiceImpl.java,StdnSttnServiceImpl.java,StdnSttnService
/src/main/java/com/wti/admin/cndept/stdnMng/service/CndeptStdnMngServiceImpl.java,CndeptStdnMngServiceImpl.java,cndeptStdnMngService
/src/main/java/com/wti/admin/eict/bizAply/service/EictAccnSrvyRegServiceImpl.java,EictAccnSrvyRegServiceImpl.java,eictAccnSrvyRegService
/src/main/java/com/wti/admin/eict/bizAply/service/EictBizAplyInfoServiceImpl.java,EictBizAplyInfoServiceImpl.java,eictBizAplyInfoService
/src/main/java/com/wti/admin/eict/bizAply/service/EictJoinEnpPopServiceImpl.java,EictJoinEnpPopServiceImpl.java,eictJoinEnpPopService
/src/main/java/com/wti/admin/eict/bizAply/service/EictSelEvalRegServiceImpl.java,EictSelEvalRegServiceImpl.java,eictSelEvalRegService
/src/main/java/com/wti/admin/eict/bizMng/service/EictBizAgrmInfoServiceImpl.java,EictBizAgrmInfoServiceImpl.java,eictBizAgrmInfoService
/src/main/java/com/wti/admin/eict/bizMng/service/EictBizcsEctnMngInfoServiceImpl.java,EictBizcsEctnMngInfoServiceImpl.java,eictBizcsEctnMngInfoService
/src/main/java/com/wti/admin/eict/statSttn/service/AcspPrctServiceImpl.java,AcspPrctServiceImpl.java,AcspPrctService
/src/main/java/com/wti/admin/eict/statSttn/service/BizcsServiceImpl.java,BizcsServiceImpl.java,BizcsService
/src/main/java/com/wti/admin/eict/statSttn/service/CstmEduServiceImpl.java,CstmEduServiceImpl.java,CstmEduService
/src/main/java/com/wti/admin/eict/statSttn/service/EictJobStdnStatServiceImpl.java,EictJobStdnStatServiceImpl.java,EictJobStdnStatService
/src/main/java/com/wti/admin/eict/statSttn/service/EictOneAndProjectsStatServiceImpl.java,EictOneAndProjectsStatServiceImpl.java,EictOneAndProjectsStatService
/src/main/java/com/wti/admin/eict/statSttn/service/EictPartStdnStatServiceImpl.java,EictPartStdnStatServiceImpl.java,EictPartStdnStatService
/src/main/java/com/wti/admin/eict/statSttn/service/EictWorkExpnsStatServiceImpl.java,EictWorkExpnsStatServiceImpl.java,EictWorkExpnsStatService
/src/main/java/com/wti/admin/eict/statSttn/service/JoinStdnServiceImpl.java,JoinStdnServiceImpl.java,JoinStdnService
/src/main/java/com/wti/admin/eict/statSttn/service/OneTeam_1PrjServiceImpl.java,OneTeam_1PrjServiceImpl.java,OneTeam_1PrjService
/src/main/java/com/wti/admin/hssppl/service/HsspplMngServiceImpl.java,HsspplMngServiceImpl.java,hsspplMngService
/src/main/java/com/wti/admin/idtcag/bizMng/service/IdtcagAplyAcptSttnServiceImpl.java,IdtcagAplyAcptSttnServiceImpl.java,IdtcagAplyAcptSttnService
/src/main/java/com/wti/admin/idtcag/bizMng/service/IdtcagAplyInfo2015ServiceImpl.java,IdtcagAplyInfo2015ServiceImpl.java,idtcagAplyInfo2015Service
/src/main/java/com/wti/admin/idtcag/bizMng/service/IdtcagAplyInfo2016ServiceImpl.java,IdtcagAplyInfo2016ServiceImpl.java,idtcagAplyInfo2016Service
/src/main/java/com/wti/admin/idtcag/bizMng/service/IdtcagAplyInfoServiceImpl.java,IdtcagAplyInfoServiceImpl.java,idtcagAplyInfoService
/src/main/java/com/wti/admin/idtcag/bizMng/service/IdtcagAppntEntsServiceImpl.java,IdtcagAppntEntsServiceImpl.java,IdtcagAppntEntsService
/src/main/java/com/wti/admin/idtcag/bizMng/service/IdtcagEmailServiceImpl.java,IdtcagEmailServiceImpl.java,idtcagEmailService
/src/main/java/com/wti/admin/idtcag/bizMng/service/IdtcagMmaRcmnServiceImpl.java,IdtcagMmaRcmnServiceImpl.java,idtcagMmaRcmnService
/src/main/java/com/wti/admin/idtcag/bizMng/service/IdtcagOnlineEvidenceExcelRegServiceImpl.java,IdtcagOnlineEvidenceExcelRegServiceImpl.java,IdtcagOnlineEvidenceExcelRegService
/src/main/java/com/wti/admin/idtcag/bizMng/service/IdtcagOnlineEvidenceServiceImpl.java,IdtcagOnlineEvidenceServiceImpl.java,IdtcagOnlineEvidenceService
/src/main/java/com/wti/admin/idtcag/bizMng/service/IdtcagPrcafsChargerPartServiceImpl.java,IdtcagPrcafsChargerPartServiceImpl.java,idtcagPrcafsChargerPartService
/src/main/java/com/wti/admin/idtcag/bizMng/service/IdtcagProcServiceImpl.java,IdtcagProcServiceImpl.java,idtcagProcService
/src/main/java/com/wti/admin/idtcag/bizMng/service/IdtcagPrtcpntServiceImpl.java,IdtcagPrtcpntServiceImpl.java,idtcagPrtcpntService
/src/main/java/com/wti/admin/idtcag/bizMng/service/IdtcagQlfcRvwSttnServiceImpl.java,IdtcagQlfcRvwSttnServiceImpl.java,IdtcagQlfcRvwSttnService
/src/main/java/com/wti/admin/idtcag/bizMng/service/QnAidtcagAdmServiceImpl.java,QnAidtcagAdmServiceImpl.java,QnAidtcagAdmService
/src/main/java/com/wti/admin/idtcag/statSttn/service/AcptlAcptSttnServiceImpl.java,AcptlAcptSttnServiceImpl.java,AcptlAcptSttnService
/src/main/java/com/wti/admin/idtcag/statSttn/service/AplyTypeAcptSttnServiceImpl.java,AplyTypeAcptSttnServiceImpl.java,AplyTypeAcptSttnService
/src/main/java/com/wti/admin/idtcag/statSttn/service/FldAcptSttnServiceImpl.java,FldAcptSttnServiceImpl.java,FldAcptSttnService
/src/main/java/com/wti/admin/idtcag/statSttn/service/IdtcagDocServiceImpl.java,IdtcagDocServiceImpl.java,idtcagDocService
/src/main/java/com/wti/admin/idtcag/statSttn/service/IdtcagEvalDtlSttnServiceImpl.java,IdtcagEvalDtlSttnServiceImpl.java,idtcagEvalDtlSttnService
/src/main/java/com/wti/admin/idtcag/statSttn/service/IdtcagEvalIndSttnServiceImpl.java,IdtcagEvalIndSttnServiceImpl.java,idtcagEvalIndSttnService
/src/main/java/com/wti/admin/idtcag/statSttn/service/IdtcagEvalSetSttnServiceImpl.java,IdtcagEvalSetSttnServiceImpl.java,idtcagEvalSetSttnService
/src/main/java/com/wti/admin/idtcag/statSttn/service/PrgrSttnServiceImpl.java,PrgrSttnServiceImpl.java,PrgrSttnService
/src/main/java/com/wti/admin/idtcag/statSttn/service/WhlWchServiceImpl.java,WhlWchServiceImpl.java,WhlWchService
/src/main/java/com/wti/admin/jbrm/bizMng/service/BizRoomRegProcServiceImpl.java,BizRoomRegProcServiceImpl.java,bizRoomRegProcService
/src/main/java/com/wti/admin/jbrm/bizMng/service/BizRoomRegServiceImpl.java,BizRoomRegServiceImpl.java,bizRoomRegService
/src/main/java/com/wti/admin/mnlMng/service/MnlMngServiceImpl.java,MnlMngServiceImpl.java,mnlMngService
/src/main/java/com/wti/admin/rcgntn/bizMnt/service/BizMntServiceImpl.java,BizMntServiceImpl.java,bizMntService
/src/main/java/com/wti/admin/rcgntn/dataMnt/service/DataMntServiceImpl.java,DataMntServiceImpl.java,dataMntService
/src/main/java/com/wti/admin/rcgntn/dataStats/service/DataStatsServiceImpl.java,DataStatsServiceImpl.java,dataStatsService
/src/main/java/com/wti/admin/smebsc/bizMng/service/SmebscBizAplyServiceImpl.java,SmebscBizAplyServiceImpl.java,smebscBizAplyService
/src/main/java/com/wti/admin/smebsc/bizMng/service/SmebscBizEvalDtlSttnServiceImpl.java,SmebscBizEvalDtlSttnServiceImpl.java,smebscBizEvalDtlSttnService
/src/main/java/com/wti/admin/smebsc/bizMng/service/SmebscBizEvalIndSttnServiceImpl.java,SmebscBizEvalIndSttnServiceImpl.java,smebscBizEvalIndSttnService
/src/main/java/com/wti/admin/smebsc/bizMng/service/SmebscBizEvalSttnServiceImpl.java,SmebscBizEvalSttnServiceImpl.java,smebscBizEvalSttnService
/src/main/java/com/wti/admin/smebsc/bizMng/service/SmebscCnfrmnMngServiceImpl.java,SmebscCnfrmnMngServiceImpl.java,smebscCnfrmnMngService
/src/main/java/com/wti/admin/smebsc/bizMng/service/SmebscDataRegServiceImpl.java,SmebscDataRegServiceImpl.java,smebscDataRegService
/src/main/java/com/wti/admin/smebsc/bizMng/service/SmebscProcServiceImpl.java,SmebscProcServiceImpl.java,smebscProcService
/src/main/java/com/wti/admin/smebsc/bizMng/service/SmebscReqstMngServiceImpl.java,SmebscReqstMngServiceImpl.java,smebscReqstMngService
/src/main/java/com/wti/admin/smehrd/bizMng/service/SmehrdAplyAcptSttnServiceImpl.java,SmehrdAplyAcptSttnServiceImpl.java,smehrdAplyAcptSttnService
/src/main/java/com/wti/admin/smehrd/bizMng/service/SmehrdAplyInfoServiceImpl.java,SmehrdAplyInfoServiceImpl.java,smehrdAplyInfoService
/src/main/java/com/wti/admin/smehrd/bizMng/service/SmehrdAplyValidMngServiceImpl.java,SmehrdAplyValidMngServiceImpl.java,smehrdAplyValidMngService
/src/main/java/com/wti/admin/smehrd/bizMng/service/SmehrdProcServiceImpl.java,SmehrdProcServiceImpl.java,smehrdProcService
/src/main/java/com/wti/admin/smehrd/eqpmn/service/SmehrdEqpmnMngServiceImpl.java,SmehrdEqpmnMngServiceImpl.java,smehrdEqpmnMngService
/src/main/java/com/wti/admin/smehrd/statSttn/service/SmehrdPrgrSttnServiceImpl.java,SmehrdPrgrSttnServiceImpl.java,smehrdPrgrSttnService
/src/main/java/com/wti/admin/smehrd/statSttn/service/SmehrdRawExcelServiceImpl.java,SmehrdRawExcelServiceImpl.java,smehrdRawExcelService
/src/main/java/com/wti/admin/spclhs/bizAply/service/SpclhsAccnSrvyRegServiceImpl.java,SpclhsAccnSrvyRegServiceImpl.java,spclhsAccnSrvyRegService
/src/main/java/com/wti/admin/spclhs/bizAply/service/SpclhsBizAplyInfoServiceImpl.java,SpclhsBizAplyInfoServiceImpl.java,spclhsBizAplyInfoService
/src/main/java/com/wti/admin/spclhs/bizAply/service/SpclhsSelEvalRegServiceImpl.java,SpclhsSelEvalRegServiceImpl.java,spclhsSelEvalRegService
/src/main/java/com/wti/admin/spclhs/bizMng/service/DeadlineMngServiceImpl.java,DeadlineMngServiceImpl.java,deadlineMngService
/src/main/java/com/wti/admin/spclhs/bizMng/service/EduCrsDevServiceImpl.java,EduCrsDevServiceImpl.java,EduCrsDevService
/src/main/java/com/wti/admin/spclhs/bizMng/service/JobCstmClsAdmRegInfoServiceImpl.java,JobCstmClsAdmRegInfoServiceImpl.java,JobCstmClsAdmRegInfoService
/src/main/java/com/wti/admin/spclhs/bizMng/service/JobCstmClsAdmSttnServiceImpl.java,JobCstmClsAdmSttnServiceImpl.java,JobCstmClsAdmSttnService
/src/main/java/com/wti/admin/spclhs/bizMng/service/SpclhsBizcsExclMngInfoServiceImpl.java,SpclhsBizcsExclMngInfoServiceImpl.java,spclhsBizcsExclMngInfoService
/src/main/java/com/wti/admin/spclhs/bizMng/service/SpclhsJobCstmClsAdmRegInfoServiceImpl.java,SpclhsJobCstmClsAdmRegInfoServiceImpl.java,spclhsJobCstmClsAdmRegInfoService
/src/main/java/com/wti/admin/spclhs/bizMng/service/SpclhsOtcmEvalRegServiceImpl.java,SpclhsOtcmEvalRegServiceImpl.java,spclhsOtcmEvalRegService
/src/main/java/com/wti/admin/spclhs/bizMng/service/TeamPrjMngServiceImpl.java,TeamPrjMngServiceImpl.java,teamPrjMngService
/src/main/java/com/wti/admin/spclhs/statSttn/service/CrrSttnServiceImpl.java,CrrSttnServiceImpl.java,CrrSttnService
/src/main/java/com/wti/admin/spclhs/statSttn/service/OtcmIndxSttnServiceImpl.java,OtcmIndxSttnServiceImpl.java,OtcmIndxSttnService
/src/main/java/com/wti/admin/spclhs/statSttn/service/SpclhsMnpwTrnnServiceImpl.java,SpclhsMnpwTrnnServiceImpl.java,SpclhsMnpwTrnnService
/src/main/java/com/wti/admin/spclhs/statSttn/service/SpclhsOtcmIndxServiceImpl.java,SpclhsOtcmIndxServiceImpl.java,SpclhsOtcmIndxService
/src/main/java/com/wti/admin/survey/surveyMng/service/SurveyMngServiceImpl.java,SurveyMngServiceImpl.java,surveyMngService
/src/main/java/com/wti/admin/survey/surveyStats/service/SurveyStatsServiceImpl.java,SurveyStatsServiceImpl.java,surveyStatsService
/src/main/java/com/wti/admin/sysMng/cmnMng/service/AcnnAcntMngSttnServiceImpl.java,AcnnAcntMngSttnServiceImpl.java,AcnnAcntMngSttnService
/src/main/java/com/wti/admin/sysMng/cmnMng/service/AcnnAcntRegServiceImpl.java,AcnnAcntRegServiceImpl.java,AcnnAcntRegService
/src/main/java/com/wti/admin/sysMng/cmnMng/service/CmnCdMngSttnServiceImpl.java,CmnCdMngSttnServiceImpl.java,CmnCdMngSttnService
/src/main/java/com/wti/admin/sysMng/cmnMng/service/DbCdMngSttnServiceImpl.java,DbCdMngSttnServiceImpl.java,DbCdMngSttnService
/src/main/java/com/wti/admin/sysMng/cmnMng/service/EvalIndxMngSttnServiceImpl.java,EvalIndxMngSttnServiceImpl.java,EvalIndxMngSttnService
/src/main/java/com/wti/admin/sysMng/cmnMng/service/EvalIndxRegServiceImpl.java,EvalIndxRegServiceImpl.java,EvalIndxRegService
/src/main/java/com/wti/admin/sysMng/cmnMng/service/EvalLnrqMngSttnServiceImpl.java,EvalLnrqMngSttnServiceImpl.java,EvalLnrqMngSttnService
/src/main/java/com/wti/admin/sysMng/cmnMng/service/EvalLnrqRegDtlServiceImpl.java,EvalLnrqRegDtlServiceImpl.java,EvalLnrqRegDtlService
/src/main/java/com/wti/admin/sysMng/cmnMng/service/EvalLnrqRegServiceImpl.java,EvalLnrqRegServiceImpl.java,EvalLnrqRegService
/src/main/java/com/wti/admin/sysMng/cmnMng/service/HpSchlMngServiceImpl.java,HpSchlMngServiceImpl.java,HpSchlMngService
/src/main/java/com/wti/admin/sysMng/cmnMng/service/OtcmIndxMngSttnServiceImpl.java,OtcmIndxMngSttnServiceImpl.java,OtcmIndxMngSttnService
/src/main/java/com/wti/admin/sysMng/cmnMng/service/OtcmIndxRegServiceImpl.java,OtcmIndxRegServiceImpl.java,OtcmIndxRegService
/src/main/java/com/wti/admin/sysMng/cmnMng/service/TmplatMngServiceImpl.java,TmplatMngServiceImpl.java,tmplatMngService
/src/main/java/com/wti/admin/sysMng/cmpgMng/service/QustMngRegSaveProcServiceImpl.java,QustMngRegSaveProcServiceImpl.java,qustMngRegSaveProcService
/src/main/java/com/wti/admin/sysMng/cmpgMng/service/QustMngRegServiceImpl.java,QustMngRegServiceImpl.java,qustMngRegService
/src/main/java/com/wti/admin/sysMng/cmpgMng/service/QustMngSttnServiceImpl.java,QustMngSttnServiceImpl.java,qustMngSttnService
/src/main/java/com/wti/admin/sysMng/logMng/service/LgnHistMngInqrServiceImpl.java,LgnHistMngInqrServiceImpl.java,lgnHistMngInqrService
/src/main/java/com/wti/admin/sysMng/menuMng/service/MenuMngServiceImpl.java,MenuMngServiceImpl.java,menuMngService
/src/main/java/com/wti/admin/sysMng/ptlMng/service/AlrmPageInqrServiceImpl.java,AlrmPageInqrServiceImpl.java,alrmPageInqrService
/src/main/java/com/wti/admin/sysMng/ptlMng/service/AlrmPageWrtnServiceImpl.java,AlrmPageWrtnServiceImpl.java,alrmPageWrtnService
/src/main/java/com/wti/admin/sysMng/ptlMng/service/AlrmTmplInqrServiceImpl.java,AlrmTmplInqrServiceImpl.java,alrmTmplInqrService
/src/main/java/com/wti/admin/sysMng/ptlMng/service/AlrmTmplWrtnServiceImpl.java,AlrmTmplWrtnServiceImpl.java,alrmTmplWrtnService
/src/main/java/com/wti/admin/sysMng/ptlMng/service/BnrImgMngServiceImpl.java,BnrImgMngServiceImpl.java,bnrImgMngService
/src/main/java/com/wti/admin/sysMng/ptlMng/service/BnrPageServiceImpl.java,BnrPageServiceImpl.java,bnrPageService
/src/main/java/com/wti/admin/sysMng/ptlMng/service/CnvncSurveyServiceImpl.java,CnvncSurveyServiceImpl.java,cnvncSurveyService
/src/main/java/com/wti/admin/sysMng/ptlMng/service/CrltSiteInqrServiceImpl.java,CrltSiteInqrServiceImpl.java,crltSiteInqrService
/src/main/java/com/wti/admin/sysMng/ptlMng/service/CrltSiteWrtnServiceImpl.java,CrltSiteWrtnServiceImpl.java,crltSiteWrtnService
/src/main/java/com/wti/admin/sysMng/ptlMng/service/IndvInfoColtCsntWrtnServiceImpl.java,IndvInfoColtCsntWrtnServiceImpl.java,indvInfoColtCsntWrtnService
/src/main/java/com/wti/admin/sysMng/ptlMng/service/MainPageSetInqrServiceImpl.java,MainPageSetInqrServiceImpl.java,MainPageSetInqrService
/src/main/java/com/wti/admin/sysMng/ptlMng/service/PopupPageInqrServiceImpl.java,PopupPageInqrServiceImpl.java,popupPageInqrService
/src/main/java/com/wti/admin/sysMng/ptlMng/service/PopupPageWrtnServiceImpl.java,PopupPageWrtnServiceImpl.java,popupPageWrtnService
/src/main/java/com/wti/admin/sysMng/ptlMng/service/PopupZoneInqrServiceImpl.java,PopupZoneInqrServiceImpl.java,popupZoneInqrService
/src/main/java/com/wti/admin/sysMng/ptlMng/service/PopupZoneWrtnServiceImpl.java,PopupZoneWrtnServiceImpl.java,popupZoneWrtnService
/src/main/java/com/wti/admin/sysMng/svcRqst/service/MenuFileMngServiceImpl.java,MenuFileMngServiceImpl.java,menuFileMngService
/src/main/java/com/wti/admin/sysMng/svcRqst/service/SvcRqstServiceImpl.java,SvcRqstServiceImpl.java,SvcRqstService
/src/main/java/com/wti/admin/techo/bizAply/service/TechoAccnSrvyRegServiceImpl.java,TechoAccnSrvyRegServiceImpl.java,techoAccnSrvyRegService
/src/main/java/com/wti/admin/techo/bizAply/service/TechoBizAplyInfoServiceImpl.java,TechoBizAplyInfoServiceImpl.java,TechoBizAplyInfoService
/src/main/java/com/wti/admin/techo/bizAply/service/TechoPopServiceImpl.java,TechoPopServiceImpl.java,techoPopService
/src/main/java/com/wti/admin/techo/bizAply/service/TechoSelEvalRegServiceImpl.java,TechoSelEvalRegServiceImpl.java,techoSelEvalRegService
/src/main/java/com/wti/admin/techo/bizMng/service/TechBdgtAplctMngServiceImpl.java,TechBdgtAplctMngServiceImpl.java,techBdgtAplctMngService
/src/main/java/com/wti/admin/techo/bizMng/service/TechoBizAgrmInfoServiceImpl.java,TechoBizAgrmInfoServiceImpl.java,techoBizAgrmInfoService
/src/main/java/com/wti/admin/techo/bizMng/service/TechoBizcsEctnMngInfoServiceImpl.java,TechoBizcsEctnMngInfoServiceImpl.java,techoBizcsEctnMngInfoService
/src/main/java/com/wti/admin/techo/bizMng/service/TechoPrtcMngServiceImpl.java,TechoPrtcMngServiceImpl.java,TechoPrtcMngService
/src/main/java/com/wti/admin/techo/bizMng/service/TechoRptdSbmtInfoServiceImpl.java,TechoRptdSbmtInfoServiceImpl.java,TechoRptdSbmtInfoService
/src/main/java/com/wti/admin/techo/bizMng/service/TechoStdnMngSchdlServiceImpl.java,TechoStdnMngSchdlServiceImpl.java,TechoStdnMngSchdlService
/src/main/java/com/wti/admin/techo/statSttn/service/AgrmEnpStatServiceImpl.java,AgrmEnpStatServiceImpl.java,AgrmEnpStatService
/src/main/java/com/wti/admin/techo/statSttn/service/BizcsStatServiceImpl.java,BizcsStatServiceImpl.java,BizcsStatService
/src/main/java/com/wti/admin/techo/statSttn/service/StdnJobSttnServiceImpl.java,StdnJobSttnServiceImpl.java,StdnJobSttnService
/src/main/java/com/wti/admin/techo/statSttn/service/StdnStatServiceImpl.java,StdnStatServiceImpl.java,StdnStatService
/src/main/java/com/wti/admin/techo/statSttn/service/TechoAgreeOrgStatServiceImpl.java,TechoAgreeOrgStatServiceImpl.java,TechoAgreeOrgStatService
/src/main/java/com/wti/admin/techo/statSttn/service/TechoDeptJoinSttnServiceImpl.java,TechoDeptJoinSttnServiceImpl.java,TechoDeptJoinSttnService
/src/main/java/com/wti/admin/techo/statSttn/service/TechoEnpCtlgServiceImpl.java,TechoEnpCtlgServiceImpl.java,TechoEnpCtlgService
/src/main/java/com/wti/admin/techo/statSttn/service/TechoMonthStdnStatServiceImpl.java,TechoMonthStdnStatServiceImpl.java,TechoMonthStdnStatService
/src/main/java/com/wti/admin/techo/statSttn/service/TechoOneAndProjectsStatServiceImpl.java,TechoOneAndProjectsStatServiceImpl.java,TechoOneAndProjectsStatService
/src/main/java/com/wti/admin/techo/statSttn/service/TechoStdnCtlgServiceImpl.java,TechoStdnCtlgServiceImpl.java,TechoStdnCtlgService
/src/main/java/com/wti/admin/techo/statSttn/service/TechoStdnJoinDetlServiceImpl.java,TechoStdnJoinDetlServiceImpl.java,TechoStdnJoinDetlService
/src/main/java/com/wti/admin/techo/statSttn/service/TechoStdnJoinSttnServiceImpl.java,TechoStdnJoinSttnServiceImpl.java,TechoStdnJoinSttnService
/src/main/java/com/wti/admin/techo/statSttn/service/TechoWorkExpnsStatServiceImpl.java,TechoWorkExpnsStatServiceImpl.java,TechoWorkExpnsStatService
/src/main/java/com/wti/admin/techo/statSttn/service/WorkExpnsBudgetServiceImpl.java,WorkExpnsBudgetServiceImpl.java,WorkExpnsBudgetService
/src/main/java/com/wti/cmn/service/ComBizServiceImpl.java,ComBizServiceImpl.java,comBizService
/src/main/java/com/wti/cmn/service/ComCodeServiceImpl.java,ComCodeServiceImpl.java,comCodeService
/src/main/java/com/wti/cmn/service/EmailServiceImpl.java,EmailServiceImpl.java,emailService
/src/main/java/com/wti/cmn/service/FileDownloadServiceImpl.java,FileDownloadServiceImpl.java,fileDownloadService
/src/main/java/com/wti/cmn/service/FileUploadServiceImpl.java,FileUploadServiceImpl.java,fileUploadService
/src/main/java/com/wti/cmn/service/ImgUploadServiceImpl.java,ImgUploadServiceImpl.java,imgUploadService
/src/main/java/com/wti/cmn/service/InsttServiceImpl.java,InsttServiceImpl.java,insttService
/src/main/java/com/wti/cmn/service/LoginServiceImpl.java,LoginServiceImpl.java,loginService
/src/main/java/com/wti/cmn/service/MainServiceImpl.java,MainServiceImpl.java,mainService
/src/main/java/com/wti/cmn/service/MberServiceImpl.java,MberServiceImpl.java,mberService
/src/main/java/com/wti/cmn/service/MbrJoinServiceImpl.java,MbrJoinServiceImpl.java,mbrJoinService
/src/main/java/com/wti/cmn/service/MenuServiceImpl.java,MenuServiceImpl.java,menuService
/src/main/java/com/wti/cmn/service/PrvcPvsnAgreServiceImpl.java,PrvcPvsnAgreServiceImpl.java,prvcPvsnAgreService
/src/main/java/com/wti/cmn/service/SchdPrcSttnServiceImpl.java,SchdPrcSttnServiceImpl.java,schdPrcSttnService
/src/main/java/com/wti/cmn/service/SmesApiServiceImpl.java,SmesApiServiceImpl.java,smesApiService
/src/main/java/com/wti/cmn/service/smsServiceImpl.java,smsServiceImpl.java,smsService
/src/main/java/com/wti/cmn/service/SurveyMobileServiceImpl.java,SurveyMobileServiceImpl.java,surveyMobileService
/src/main/java/com/wti/cmn/service/UploadServiceImpl.java,UploadServiceImpl.java,uploadService
/src/main/java/com/wti/usr/anns/service/BizNoticeServiceImpl.java,BizNoticeServiceImpl.java,BizNoticeService
/src/main/java/com/wti/usr/anns/service/NewsItemServiceImpl.java,NewsItemServiceImpl.java,NewsItemService
/src/main/java/com/wti/usr/anns/service/NoticeServiceImpl.java,NoticeServiceImpl.java,NoticeService
/src/main/java/com/wti/usr/aply/bizDvr/service/BudgetDvrSttnServiceImpl.java,BudgetDvrSttnServiceImpl.java,budgetDvrSttnService
/src/main/java/com/wti/usr/aply/bizofc/service/BizofcAplyServiceImpl.java,BizofcAplyServiceImpl.java,bizofcAplyService
/src/main/java/com/wti/usr/aply/edinsp/service/EdinspAplyServiceImpl.java,EdinspAplyServiceImpl.java,edinspAplyService
/src/main/java/com/wti/usr/aply/h3g/service/H3gReqBasInfoServiceImpl.java,H3gReqBasInfoServiceImpl.java,h3gReqBasInfoService
/src/main/java/com/wti/usr/aply/h3g/service/H3gReqCompInfoServiceImpl.java,H3gReqCompInfoServiceImpl.java,h3gReqCompInfoService
/src/main/java/com/wti/usr/aply/h3g/service/H3gReqInfoServiceImpl.java,H3gReqInfoServiceImpl.java,h3gReqInfoService
/src/main/java/com/wti/usr/aply/h3g/service/H3gReqListServiceImpl.java,H3gReqListServiceImpl.java,h3gReqListService
/src/main/java/com/wti/usr/aply/h3g/service/H3gReqReqreNmprServiceImpl.java,H3gReqReqreNmprServiceImpl.java,h3gReqReqreNmprService
/src/main/java/com/wti/usr/aply/h3g/service/H3gReqSelfDignsAllotServiceImpl.java,H3gReqSelfDignsAllotServiceImpl.java,h3gReqSelfDignsAllotService
/src/main/java/com/wti/usr/aply/h3g/service/SelfTestActNewServiceImpl.java,SelfTestActNewServiceImpl.java,selfTestActNewService
/src/main/java/com/wti/usr/aply/h3g/service/SelfTestActServiceImpl.java,SelfTestActServiceImpl.java,selfTestActService
/src/main/java/com/wti/usr/aply/hssppl/service/HsspplAplyMngServiceImpl.java,HsspplAplyMngServiceImpl.java,hsspplAplyMngService
/src/main/java/com/wti/usr/aply/jbrm/service/BizAplyRoomDetlServiceImpl.java,BizAplyRoomDetlServiceImpl.java,bizAplyRoomDetlService
/src/main/java/com/wti/usr/aply/service/BizAplyCltgServiceImpl.java,BizAplyCltgServiceImpl.java,bizAplyCltgService
/src/main/java/com/wti/usr/aply/service/BizSelSttnServiceImpl.java,BizSelSttnServiceImpl.java,bizSelSttnService
/src/main/java/com/wti/usr/aply/service/CndeptAplyServiceImpl.java,CndeptAplyServiceImpl.java,cndeptAplyService
/src/main/java/com/wti/usr/aply/service/DfmnAplyServiceImpl.java,DfmnAplyServiceImpl.java,dfmnAplyService
/src/main/java/com/wti/usr/aply/service/PrgmPrgrServiceImpl.java,PrgmPrgrServiceImpl.java,prgmPrgrService
/src/main/java/com/wti/usr/aply/service/SmehrdEqpmnServiceImpl.java,SmehrdEqpmnServiceImpl.java,smehrdEqpmnService
/src/main/java/com/wti/usr/aply/service/SpclhsAplyServiceImpl.java,SpclhsAplyServiceImpl.java,spclhsAplyService
/src/main/java/com/wti/usr/aply/service/SpclhsInsttPoolServiceImpl.java,SpclhsInsttPoolServiceImpl.java,spclhsInsttPoolService
/src/main/java/com/wti/usr/aply/service/SpclhsRsltIndxServiceImpl.java,SpclhsRsltIndxServiceImpl.java,spclhsRsltIndxService
/src/main/java/com/wti/usr/aply/service/StdnMngServiceImpl.java,StdnMngServiceImpl.java,stdnMngService
/src/main/java/com/wti/usr/aply/service/TrptCnttMngServiceImpl.java,TrptCnttMngServiceImpl.java,trptCnttMngService
/src/main/java/com/wti/usr/aply/smebsc/service/SmebscCnfrmnReqstServiceImpl.java,SmebscCnfrmnReqstServiceImpl.java,smebscCnfrmnReqstService
/src/main/java/com/wti/usr/aply/smebsc/service/SmebscReqInfoServiceImpl.java,SmebscReqInfoServiceImpl.java,smebscReqInfoService
/src/main/java/com/wti/usr/aply/smebsc/service/SmebscReqListServiceImpl.java,SmebscReqListServiceImpl.java,smebscReqListService
/src/main/java/com/wti/usr/aply/smebsc/service/SmebscReqstSttusServiceImpl.java,SmebscReqstSttusServiceImpl.java,smebscReqstSttusService
/src/main/java/com/wti/usr/aply/smehrd/service/SmehrdReqBasInfoServiceImpl.java,SmehrdReqBasInfoServiceImpl.java,smehrdReqBasInfoService
/src/main/java/com/wti/usr/aply/smehrd/service/SmehrdReqCompInfoServiceImpl.java,SmehrdReqCompInfoServiceImpl.java,smehrdReqCompInfoService
/src/main/java/com/wti/usr/aply/smehrd/service/SmehrdReqInfoServiceImpl.java,SmehrdReqInfoServiceImpl.java,smehrdReqInfoService
/src/main/java/com/wti/usr/aply/smehrd/service/SmehrdReqListServiceImpl.java,SmehrdReqListServiceImpl.java,smehrdReqListService
/src/main/java/com/wti/usr/aply/techo/service/TechoAplyServiceImpl.java,TechoAplyServiceImpl.java,techoAplyService
/src/main/java/com/wti/usr/aply/wfsCntr/service/WfsCnslSttnServiceImpl.java,WfsCnslSttnServiceImpl.java,wfsCnslSttnService
/src/main/java/com/wti/usr/aply/wfsCntr/service/WfsPrgrSttnServiceImpl.java,WfsPrgrSttnServiceImpl.java,wfsPrgrSttnService
/src/main/java/com/wti/usr/cmn/main/service/IntgSrchServiceImpl.java,IntgSrchServiceImpl.java,IntgSrchService
/src/main/java/com/wti/usr/cmn/mnl/service/CmnMnlMngServiceImpl.java,CmnMnlMngServiceImpl.java,cmnMnlMngService
/src/main/java/com/wti/usr/cmn/proc/pr0311/service/PR0311NewSaveTranProcServiceImpl.java,PR0311NewSaveTranProcServiceImpl.java,pr0311NewSaveTranProcService
/src/main/java/com/wti/usr/cmn/proc/pr0311/service/PR0311RceptCancelTranProcServiceImpl.java,PR0311RceptCancelTranProcServiceImpl.java,pr0311RceptCancelTranProcService
/src/main/java/com/wti/usr/cmn/proc/pr0311/service/PR0311ReturnRewriteTranProcServiceImpl.java,PR0311ReturnRewriteTranProcServiceImpl.java,pr0311ReturnRewriteTranProcService
/src/main/java/com/wti/usr/cmn/proc/pr0311/service/PR0311WritingDeleteTranProcServiceImpl.java,PR0311WritingDeleteTranProcServiceImpl.java,pr0311WritingDeleteTranProcService
/src/main/java/com/wti/usr/cmn/proc/pr0311/service/PR0311WritingSaveTranProcServiceImpl.java,PR0311WritingSaveTranProcServiceImpl.java,pr0311WritingSaveTranProcService
/src/main/java/com/wti/usr/cmn/proc/pr0311/service/PR0311WritingWritefinishTranProcServiceImpl.java,PR0311WritingWritefinishTranProcServiceImpl.java,pr0311WritingWritefinishTranProcService
/src/main/java/com/wti/usr/cndept/service/CndeptBdgtAplctUserServiceImpl.java,CndeptBdgtAplctUserServiceImpl.java,cndeptBdgtAplctUserService
/src/main/java/com/wti/usr/cndept/service/CndeptStdnMngUserServiceImpl.java,CndeptStdnMngUserServiceImpl.java,cndeptStdnMngUserService
/src/main/java/com/wti/usr/info/service/DscrsDvlPmServiceImpl.java,DscrsDvlPmServiceImpl.java,dscrsDvlPmService
/src/main/java/com/wti/usr/info/service/EduProgramServiceImpl.java,EduProgramServiceImpl.java,EduProgramService
/src/main/java/com/wti/usr/info/service/PlusInfoDtlServiceImpl.java,PlusInfoDtlServiceImpl.java,PlusInfoDtlService
/src/main/java/com/wti/usr/info/service/PlusInfoServiceImpl.java,PlusInfoServiceImpl.java,PlusInfoService
/src/main/java/com/wti/usr/info/service/RuleNFormsDtlServiceImpl.java,RuleNFormsDtlServiceImpl.java,RuleNFormsDtlService
/src/main/java/com/wti/usr/info/service/RuleNFormsServiceImpl.java,RuleNFormsServiceImpl.java,RuleNFormsService
/src/main/java/com/wti/usr/info/service/SchInfoDtlServiceImpl.java,SchInfoDtlServiceImpl.java,SchInfoDtlService
/src/main/java/com/wti/usr/info/service/SchInfoServiceImpl.java,SchInfoServiceImpl.java,SchInfoService
/src/main/java/com/wti/usr/info/service/SpCaseServiceImpl.java,SpCaseServiceImpl.java,SpCaseService
/src/main/java/com/wti/usr/mbr/service/IntrrtSttmntServiceImpl.java,IntrrtSttmntServiceImpl.java,IntrrtSttmntService
/src/main/java/com/wti/usr/mbr/service/ProfMngmtServiceImpl.java,ProfMngmtServiceImpl.java,ProfMngmtService
/src/main/java/com/wti/usr/prtc/service/FAQServiceImpl.java,FAQServiceImpl.java,FAQService
/src/main/java/com/wti/usr/prtc/service/OoQstnServiceImpl.java,OoQstnServiceImpl.java,OoQstnService
/src/main/java/com/wti/usr/prtc/service/PrtcCnfrDocServiceImpl.java,PrtcCnfrDocServiceImpl.java,PrtcCnfrDocService
/src/main/java/com/wti/usr/prtc/service/QnAServiceImpl.java,QnAServiceImpl.java,QnAService
/src/main/java/com/wti/usr/tech/service/TechBdgtAplctServiceImpl.java,TechBdgtAplctServiceImpl.java,techBdgtAplctService
/src/main/java/com/wti/usr/tech/service/TechStdnUserServiceImpl.java,TechStdnUserServiceImpl.java,techStdnUserService
/src/main/java/egovframework/com/cmm/service/impl/EgovCmmUseServiceImpl.java,EgovCmmUseServiceImpl.java,EgovCmmUseService
/src/main/java/egovframework/com/cmm/service/impl/EgovFileMngServiceImpl.java,EgovFileMngServiceImpl.java,EgovFileMngService
/src/main/java/egovframework/com/sym/ccm/cca/service/impl/EgovCcmCmmnCodeManageServiceImpl.java,EgovCcmCmmnCodeManageServiceImpl.java,CmmnCodeManageService
/src/main/java/egovframework/com/sym/ccm/ccc/service/impl/EgovCcmCmmnClCodeManageServiceImpl.java,EgovCcmCmmnClCodeManageServiceImpl.java,CmmnClCodeManageService
/src/main/java/egovframework/com/sym/ccm/cde/service/impl/EgovCcmCmmnDetailCodeManageServiceImpl.java,EgovCcmCmmnDetailCodeManageServiceImpl.java,CmmnDetailCodeManageService
/src/main/java/egovframework/com/uat/uap/service/impl/EgovLoginPolicyServiceImpl.java,EgovLoginPolicyServiceImpl.java,egovLoginPolicyService
