xml_url,inXml
/wqxml/adm/AdmLeftNavTemplate.xml,/wqxml/adm/99sysMng/ptlMng/mainPageSetInqr.xml
/wqxml/adm/AdmTopTemplate.xml,/wqxml/cmn/menu/MAIN.xml
/wqxml/adm/AdmTopTemplate.xml,/wqxml/adm/99sysMng/serviceRqst/svrRqstSttn.xml
/wqxml/adm/Main.xml,/wqxml/adm/AdmTopTemplate.xml
/wqxml/adm/Main.xml,/wqxml/adm/Footer.xml
/wqxml/adm/10bizMng/bizAply/accnSrvySttn.xml,/wqxml/adm/21cndept/bizAply/cndeptBizAplyInfo.xml
/wqxml/adm/10bizMng/bizAply/accnSrvySttn.xml,/wqxml/adm/20spclhs/bizAply/spclhsBizAplyInfo.xml
/wqxml/adm/10bizMng/bizAply/accnSrvySttn.xml,/wqxml/adm/22techo/bizAply/techoBizAplyInfo.xml
/wqxml/adm/10bizMng/bizAply/accnSrvySttn.xml,/wqxml/adm/23eict/bizAply/eictBizAplyInfo.xml
/wqxml/adm/10bizMng/bizAply/accnSrvySttn.xml,/wqxml/adm/21cndept/bizAply/cndeptAccnSrvyReg.xml
/wqxml/adm/10bizMng/bizAply/accnSrvySttn.xml,/wqxml/adm/20spclhs/bizAply/spclhsAccnSrvyReg.xml
/wqxml/adm/10bizMng/bizAply/accnSrvySttn.xml,/wqxml/adm/22techo/bizAply/techoAccnSrvyReg.xml
/wqxml/adm/10bizMng/bizAply/accnSrvySttn.xml,/wqxml/adm/23eict/bizAply/eictAccnSrvyReg.xml
/wqxml/adm/10bizMng/bizAply/accnSrvySttn.xml,/wqxml/cmn/popup/mbrInqr.xml
/wqxml/adm/10bizMng/bizAply/aplyAcptSttn.xml,/wqxml/cmn/popup/mbrInqr.xml
/wqxml/adm/10bizMng/bizAply/aplyAcptSttn.xml,/wqxml/adm/21cndept/bizAply/cndeptBizAplyInfo.xml
/wqxml/adm/10bizMng/bizAply/aplyAcptSttn.xml,/wqxml/adm/20spclhs/bizAply/spclhsBizAplyInfo.xml
/wqxml/adm/10bizMng/bizAply/aplyAcptSttn.xml,/wqxml/adm/22techo/bizAply/techoBizAply.xml
/wqxml/adm/10bizMng/bizAply/aplyAcptSttn.xml,/wqxml/adm/22techo/bizAply/techoBizAplyInfo.xml
/wqxml/adm/10bizMng/bizAply/aplyAcptSttn.xml,/wqxml/adm/23eict/bizAply/edinspBizAplyInfo.xml
/wqxml/adm/10bizMng/bizAply/aplyAcptSttn.xml,/wqxml/adm/23eict/bizAply/eictBizAplyInfo.xml
/wqxml/adm/10bizMng/bizAply/selEvalSttn.xml,/wqxml/adm/21cndept/bizAply/cndeptBizAplyInfo.xml
/wqxml/adm/10bizMng/bizAply/selEvalSttn.xml,/wqxml/adm/20spclhs/bizAply/spclhsBizAplyInfo.xml
/wqxml/adm/10bizMng/bizAply/selEvalSttn.xml,/wqxml/adm/22techo/bizAply/techoBizAplyInfo.xml
/wqxml/adm/10bizMng/bizAply/selEvalSttn.xml,/wqxml/adm/23eict/bizAply/eictBizAplyInfo.xml
/wqxml/adm/10bizMng/bizAply/selEvalSttn.xml,/wqxml/adm/21cndept/bizAply/cndeptSelEvalReg.xml
/wqxml/adm/10bizMng/bizAply/selEvalSttn.xml,/wqxml/adm/20spclhs/bizAply/spclhsSelEvalReg.xml
/wqxml/adm/10bizMng/bizAply/selEvalSttn.xml,/wqxml/adm/22techo/bizAply/techoSelEvalReg.xml
/wqxml/adm/10bizMng/bizAply/selEvalSttn.xml,/wqxml/adm/23eict/bizAply/eictSelEvalReg.xml
/wqxml/adm/10bizMng/bizAply/selEvalSttn.xml,/wqxml/cmn/popup/mbrInqr.xml
/wqxml/adm/10bizMng/bizDvr/budgetDvrRqstSttn.xml,/wqxml/adm/10bizMng/bizDvr/budgetDvrRqstSttnDetl.xml
/wqxml/adm/10bizMng/bizDvr/budgetDvrRqstSttnDetl.xml,/wqxml/adm/10bizMng/bizDvr/budgetDvrRqstSttn.xml
/wqxml/adm/10bizMng/bizMng/bizAgrmSttn.xml,/wqxml/adm/21cndept/bizAply/cndeptBizAplyInfo.xml
/wqxml/adm/10bizMng/bizMng/bizAgrmSttn.xml,/wqxml/adm/20spclhs/bizAply/spclhsBizAplyInfo.xml
/wqxml/adm/10bizMng/bizMng/bizAgrmSttn.xml,/wqxml/adm/22techo/bizAply/techoBizAplyInfo.xml
/wqxml/adm/10bizMng/bizMng/bizAgrmSttn.xml,/wqxml/adm/23eict/bizAply/eictBizAplyInfo.xml
/wqxml/adm/10bizMng/bizMng/bizAgrmSttn.xml,/wqxml/adm/21cndept/bizMng/cndeptBizAgrmInfo.xml
/wqxml/adm/10bizMng/bizMng/bizAgrmSttn.xml,/wqxml/adm/22techo/bizMng/techoBizAgrmInfo.xml
/wqxml/adm/10bizMng/bizMng/bizAgrmSttn.xml,/wqxml/adm/23eict/bizMng/eictBizAgrmInfo.xml
/wqxml/adm/10bizMng/bizMng/bizAgrmSttn.xml,/wqxml/cmn/popup/mbrInqr.xml
/wqxml/adm/10bizMng/bizMng/dfmnAplySttn.xml,/wqxml/adm/21cndept/bizAply/cndeptBizAplyInfo.xml
/wqxml/adm/10bizMng/bizMng/dfmnAplySttn.xml,/wqxml/adm/22techo/bizAply/techoBizAplyInfo.xml
/wqxml/adm/10bizMng/bizMng/dfmnAplySttn.xml,/wqxml/adm/23eict/bizAply/eictBizAplyInfo.xml
/wqxml/adm/10bizMng/bizMng/dfmnAplySttn.xml,/wqxml/adm/20spclhs/bizAply/spclhsBizAplyInfo.xml
/wqxml/adm/10bizMng/bizMng/dfmnAplySttn.xml,/wqxml/adm/10bizMng/bizMng/dfmnAplyInfo.xml
/wqxml/adm/10bizMng/bizMng/dfmnAplySttn.xml,/wqxml/adm/10bizMng/bizMng/dfmnAplyReg.xml
/wqxml/adm/10bizMng/bizMng/dfmnAplySttn.xml,/wqxml/cmn/popup/mbrInqr.xml
/wqxml/adm/10bizMng/bizMng/otcmEvalSttn.xml,/wqxml/adm/21cndept/bizAply/cndeptBizAplyInfo.xml
/wqxml/adm/10bizMng/bizMng/otcmEvalSttn.xml,/wqxml/adm/20spclhs/bizAply/spclhsBizAplyInfo.xml
/wqxml/adm/10bizMng/bizMng/otcmEvalSttn.xml,/wqxml/adm/22techo/bizAply/techoBizAplyInfo.xml
/wqxml/adm/10bizMng/bizMng/otcmEvalSttn.xml,/wqxml/adm/23eict/bizAply/eictBizAplyInfo.xml
/wqxml/adm/10bizMng/bizMng/otcmEvalSttn.xml,/wqxml/adm/21cndept/bizMng/cndeptOtcmEvalReg.xml
/wqxml/adm/10bizMng/bizMng/otcmEvalSttn.xml,/wqxml/adm/20spclhs/bizMng/spclhsOtcmEvalReg.xml
/wqxml/adm/10bizMng/bizMng/otcmEvalSttn.xml,/wqxml/adm/22techo/bizMng/techoOtcmEvalReg.xml
/wqxml/adm/10bizMng/bizMng/otcmEvalSttn.xml,/wqxml/adm/23eict/bizMng/eictOtcmEvalReg.xml
/wqxml/adm/10bizMng/bizMng/otcmEvalSttn.xml,/wqxml/cmn/popup/mbrInqr.xml
/wqxml/adm/10bizMng/histMng/histMng.xml,/wqxml/adm/10bizMng/histMng/histMngExcelReg.xml
/wqxml/adm/10bizMng/hmpyLinkMng/hmpyLinkMngWhl.xml,/wqxml/adm/10bizMng/hmpyLinkMng/hmpyLinkMngWhlExcelReg.xml
/wqxml/adm/10bizMng/mbrSttn/mbrAdminRole.xml,/wqxml/adm/10bizMng/mbrSttn/mbrAdminRoleDetl.xml
/wqxml/adm/10bizMng/mbrSttn/mbrDetlNew.xml,/wqxml/cmn/popup/indutyPopup.xml
/wqxml/adm/10bizMng/mbrSttn/mbrItmz.xml,/wqxml/adm/10bizMng/mbrSttn/mbrDetlNew.xml
/wqxml/adm/10bizMng/mbrSttn/mbrItmz_mobile.xml,/wqxml/adm/10bizMng/mbrSttn/mbrDetl.xml
/wqxml/adm/10bizMng/ntthMng/intrrtViolTSttn.xml,/wqxml/adm/10bizMng/ntthMng/intrrtViolDetl.xml
/wqxml/adm/10bizMng/ntthMng/schlNwsMng.xml,/wqxml/adm/10bizMng/ntthMng/schlNwsInfo.xml
/wqxml/adm/10bizMng/poolMng/JoinEnpPoolSttn.xml,/wqxml/adm/10bizMng/poolMng/JoinEnpAplyInfo.xml
/wqxml/adm/10bizMng/poolMng/SpctrPoolSttn.xml,/wqxml/adm/10bizMng/poolMng/SpctrAplyInfo.xml
/wqxml/adm/10bizMng/reg/bizNotcSttn.xml,/wqxml/adm/10bizMng/reg/bizNotcReg.xml
/wqxml/adm/10bizMng/reg/bizRegInfo.xml,/wqxml/cmn/popup/rlorgChc.xml
/wqxml/adm/10bizMng/reg/bizRegInfo.xml,/wqxml/cmn/popup/chrgrChc.xml
/wqxml/adm/10bizMng/reg/bizSttn.xml,/wqxml/adm/10bizMng/reg/bizRegInfo.xml
/wqxml/adm/10bizMng/reg/bizSttn.xml,/wqxml/adm/10bizMng/reg/bizReg.xml
/wqxml/adm/20spclhs/bizMng/jobCstmClsAdmSttn.xml,/wqxml/cmn/popup/mbrInqr.xml
/wqxml/adm/20spclhs/bizMng/jobCstmClsAdmSttn.xml,/wqxml/adm/20spclhs/bizAply/spclhsBizAplyInfo.xml
/wqxml/adm/20spclhs/bizMng/jobCstmClsAdmSttn.xml,/wqxml/adm/20spclhs/bizMng/jobCstmClsAdmRegInfo.xml
/wqxml/adm/20spclhs/bizMng/jobCstmClsAdmSttn.xml,/wqxml/adm/20spclhs/bizMng/eduCrsDev.xml
/wqxml/adm/20spclhs/bizMng/teamPrjMng.xml,/wqxml/cmn/popup/teamPrjSch.xml
/wqxml/adm/20spclhs/bizMng/teamPrjMng.xml,/wqxml/cmn/popup/teamPrjSubj.xml
/wqxml/adm/20spclhs/statSttn/otcmIndxSttn.xml,/wqxml/adm/20spclhs/statSttn/spclhsOtcmIndx.xml
/wqxml/adm/20spclhs/statSttn/spclhsRsltIndx.xml,/wqxml/adm/20spclhs/statSttn/spclhsOtcmIndx.xml
/wqxml/adm/21cndept/bdgtAplct/cndeptBudgetDvrRqstDetl.xml,/wqxml/adm/21cndept/bdgtAplct/cndeptBudgetDvrRqstSttn.xml
/wqxml/adm/21cndept/bdgtAplct/cndeptBudgetDvrRqstSttn.xml,/wqxml/adm/21cndept/bdgtAplct/cndeptBudgetDvrRqstDetl.xml
/wqxml/adm/21cndept/bizMng/cndeptBizcsEctnMngInfo.xml,/wqxml/adm/21cndept/bizMng/cndeptBizcsEctnDtlsItmzPop.xml
/wqxml/adm/21cndept/bizMng/cndeptTrptCnttSttn.xml,/wqxml/adm/21cndept/bizAply/cndeptBizAplyInfo.xml
/wqxml/adm/21cndept/bizMng/cndeptTrptCnttSttn.xml,/wqxml/adm/21cndept/bizMng/cndeptTrptCnttInqr.xml
/wqxml/adm/21cndept/schlMng/addSchlPopup.xml,/wqxml/cmn/popup/cndeptSchlPop.xml
/wqxml/adm/21cndept/schlMng/schlSttn.xml,/wqxml/adm/21cndept/schlMng/addSchlPopup.xml
/wqxml/adm/21cndept/stdnMng/stdnJoinHstDtl.xml,/wqxml/cmn/popup/insttCndeptPopup.xml
/wqxml/adm/21cndept/stdnMng/stdnJoinSttn.xml,/wqxml/adm/21cndept/stdnMng/stdnJoinHstDtl.xml
/wqxml/adm/22techo/bizAply/techoBizAply.xml,/wqxml/adm/22techo/bizAply/techoSpclhsInfoPop.xml
/wqxml/adm/22techo/bizAply/techoBizAplyInfo.xml,/wqxml/adm/22techo/bizAply/techoSpclhsInfoPop.xml
/wqxml/adm/22techo/bizAply/techoBizAplyInfo.xml,/wqxml/adm/22techo/bizAply/techoMsenpInfoPop.xml
/wqxml/adm/22techo/bizAply/techoBizAplyInfo_2014.xml,/wqxml/adm/22techo/bizAply/techoSpclhsInfoPop.xml
/wqxml/adm/22techo/bizAply/techoBizAplyInfo_2014.xml,/wqxml/adm/22techo/bizAply/techoMsenpInfoPop.xml
/wqxml/adm/22techo/bizMng/techBudgetDvrRqstDetl.xml,/wqxml/adm/22techo/bizMng/techBudgetDvrRqstSttn.xml
/wqxml/adm/22techo/bizMng/techBudgetDvrRqstSttn.xml,/wqxml/adm/22techo/bizMng/techBudgetDvrRqstDetl.xml
/wqxml/adm/22techo/bizMng/techoBizcsEctnMngInfo.xml,/wqxml/adm/22techo/bizMng/techoBizcsEctnDtlsItmzPop.xml
/wqxml/adm/22techo/bizMng/techoPrtcMng.xml,/wqxml/adm/22techo/bizMng/techoPrtcMngDetl.xml
/wqxml/adm/22techo/statSttn/techoStdnJoinDetl.xml,/wqxml/cmn/popup/techSphsPoolPopup.xml
/wqxml/adm/22techo/statSttn/techoStdnJoinDetl.xml,/wqxml/cmn/popup/insttPoolPopupAgr.xml
/wqxml/adm/22techo/statSttn/techoStdnJoinSttn.xml,/wqxml/adm/22techo/statSttn/techoStdnJoinDetl.xml
/wqxml/adm/22techo/statSttn/workExpnsBudgetMng.xml,/wqxml/adm/22techo/statSttn/budgetSchlRegPop.xml
/wqxml/adm/22techo/statSttn/workExpnsBudgetMng.xml,/wqxml/adm/22techo/statSttn/workExpnsBudgetReg.xml
/wqxml/adm/22techo/statSttn/workExpnsBudgetReg.xml,/wqxml/adm/22techo/statSttn/workExpnsBudgetMng.xml
/wqxml/adm/23eict/bizAply/eictBizAplyInfo.xml,/wqxml/adm/23eict/bizAply/eictJoinEnpPop.xml
/wqxml/adm/23eict/bizMng/eictBizcsEctnMngInfo.xml,/wqxml/adm/23eict/bizMng/eictBizcsEctnDtlsItmzPop.xml
/wqxml/adm/24bizofc/bizofcCmnSttn.xml,/wqxml/adm/24bizofc/bizofcReg.xml
/wqxml/adm/24bizofc/bizofcReg.xml,/wqxml/adm/24bizofc/bkmkSelPopup.xml
/wqxml/adm/24bizofc/bizofcReg.xml,/wqxml/adm/24bizofc/bkmkChgPopup.xml
/wqxml/adm/24bizofc/bizofcReg.xml,/wqxml/cmn/popup/schulMultiPop.xml
/wqxml/adm/24bizofc/bizofcReg.xml,/wqxml/cmn/popup/chrgrMultiChc.xml
/wqxml/adm/24bizofc/bizofcSttn.xml,/wqxml/adm/24bizofc/bizofcReg.xml
/wqxml/adm/24bizofc/bkmkChgPopup.xml,/wqxml/cmn/popup/chrgrMultiChc.xml
/wqxml/adm/24bizofc/bkmkSelPopup.xml,/wqxml/cmn/popup/schulMultiPop.xml
/wqxml/adm/30smehrd/bizMng/hrdAplyAcptCmt.xml,/wqxml/adm/30smehrd/bizMng/hrdCmtExcsPopup.xml
/wqxml/adm/30smehrd/bizMng/hrdAplyAcptCmt.xml,/wqxml/adm/30smehrd/bizMng/hrdAplyDetl_2022.xml
/wqxml/adm/30smehrd/bizMng/hrdAplyAcptSttn.xml,/wqxml/adm/30smehrd/bizMng/hrdAplyDetl_2022.xml
/wqxml/adm/30smehrd/bizMng/hrdAplyAcptSttn.xml,/wqxml/adm/30smehrd/bizMng/hrdCmtExcsPopup.xml
/wqxml/adm/31idtcag/bizMng/idtcagAplyInfo.xml,/wqxml/usr/20aply/idtcag/idtcagBizAplySelfTest.xml
/wqxml/adm/31idtcag/bizMng/idtcagAplyInfo.xml,/wqxml/usr/20aply/idtcag/idtcagPopup01.xml
/wqxml/adm/31idtcag/bizMng/idtcagAplyInfo.xml,/wqxml/usr/20aply/idtcag/idtcagPopup02.xml
/wqxml/adm/31idtcag/bizMng/idtcagAplyInfo.xml,/wqxml/cmn/popup/callRDPopup.xml
/wqxml/adm/31idtcag/bizMng/idtcagAplyInfoQlfc_2015.xml,/wqxml/adm/31idtcag/bizMng/idtcagBizAplySelfTest_2016.xml
/wqxml/adm/31idtcag/bizMng/idtcagAplyInfoQlfc_2015.xml,/wqxml/usr/20aply/idtcag/idtcagPopup01.xml
/wqxml/adm/31idtcag/bizMng/idtcagAplyInfoQlfc_2015.xml,/wqxml/usr/20aply/idtcag/idtcagPopup02.xml
/wqxml/adm/31idtcag/bizMng/idtcagAplyInfoQlfc_2015.xml,/wqxml/cmn/popup/callRDPopup.xml
/wqxml/adm/31idtcag/bizMng/idtcagAplyInfoQlfc_2016.xml,/wqxml/adm/31idtcag/bizMng/idtcagBizAplySelfTest_2016.xml
/wqxml/adm/31idtcag/bizMng/idtcagAplyInfoQlfc_2016.xml,/wqxml/usr/20aply/idtcag/idtcagPopup01.xml
/wqxml/adm/31idtcag/bizMng/idtcagAplyInfoQlfc_2016.xml,/wqxml/usr/20aply/idtcag/idtcagPopup02.xml
/wqxml/adm/31idtcag/bizMng/idtcagAplyInfoQlfc_2016.xml,/wqxml/cmn/popup/callRDPopup.xml
/wqxml/adm/31idtcag/bizMng/idtcagAplyInfoQlfc_2017.xml,/wqxml/adm/31idtcag/bizMng/idtcagBizAplySelfTest_2016.xml
/wqxml/adm/31idtcag/bizMng/idtcagAplyInfoQlfc_2017.xml,/wqxml/usr/20aply/idtcag/idtcagPopup01.xml
/wqxml/adm/31idtcag/bizMng/idtcagAplyInfoQlfc_2017.xml,/wqxml/usr/20aply/idtcag/idtcagPopup02.xml
/wqxml/adm/31idtcag/bizMng/idtcagAplyInfoQlfc_2017.xml,/wqxml/cmn/popup/callRDPopup.xml
/wqxml/adm/31idtcag/bizMng/idtcagAplyInfo_2014.xml,/wqxml/usr/20aply/idtcag/idtcagBizAplySelfTest.xml
/wqxml/adm/31idtcag/bizMng/idtcagAplyInfo_2014.xml,/wqxml/usr/20aply/idtcag/idtcagPopup01.xml
/wqxml/adm/31idtcag/bizMng/idtcagAplyInfo_2014.xml,/wqxml/usr/20aply/idtcag/idtcagPopup02.xml
/wqxml/adm/31idtcag/bizMng/idtcagAplyInfo_2014.xml,/wqxml/cmn/popup/callRDPopup.xml
/wqxml/adm/31idtcag/bizMng/idtcagAplyInfo_2015.xml,/wqxml/usr/20aply/idtcag/idtcagBizAplySelfTest_2015.xml
/wqxml/adm/31idtcag/bizMng/idtcagAplyInfo_2015.xml,/wqxml/usr/20aply/idtcag/idtcagPopup01.xml
/wqxml/adm/31idtcag/bizMng/idtcagAplyInfo_2015.xml,/wqxml/usr/20aply/idtcag/idtcagPopup02.xml
/wqxml/adm/31idtcag/bizMng/idtcagAplyInfo_2015.xml,/wqxml/cmn/popup/callRDPopup.xml
/wqxml/adm/31idtcag/bizMng/idtcagAplyInfo_2016.xml,/wqxml/adm/31idtcag/bizMng/idtcagPrcafsChargerPart.xml
/wqxml/adm/31idtcag/bizMng/idtcagAplyInfo_2016.xml,/wqxml/cmn/popup/idtcagSchlPopup.xml
/wqxml/adm/31idtcag/bizMng/idtcagAplyInfo_2016.xml,/wqxml/adm/31idtcag/bizMng/idtcagBizAplySelfTest_20160428.xml
/wqxml/adm/31idtcag/bizMng/idtcagAplyInfo_2016.xml,/wqxml/adm/31idtcag/bizMng/idtcagBizAplySelfTest_20160428m.xml
/wqxml/adm/31idtcag/bizMng/idtcagAplyInfo_2016.xml,/wqxml/usr/20aply/idtcag/idtcagPopup01.xml
/wqxml/adm/31idtcag/bizMng/idtcagAplyInfo_2016.xml,/wqxml/usr/20aply/idtcag/idtcagPopup02.xml
/wqxml/adm/31idtcag/bizMng/idtcagAplyInfo_2016.xml,/wqxml/cmn/popup/callRDPopup.xml
/wqxml/adm/31idtcag/bizMng/idtcagAplyInfo_2016.xml,/wqxml/cmn/popup/stdIndustPopup.xml
/wqxml/adm/31idtcag/bizMng/idtcagAplyInfo_2017.xml,/wqxml/adm/31idtcag/bizMng/idtcagPrcafsChargerPart.xml
/wqxml/adm/31idtcag/bizMng/idtcagAplyInfo_2017.xml,/wqxml/cmn/popup/idtcagSchlPopup.xml
/wqxml/adm/31idtcag/bizMng/idtcagAplyInfo_2017.xml,"/wqxml/adm/31idtcag/bizMng/idtcagBizAplySelfTest_""+dc_searchMap.get(""BSNS_YY"")+"".xml"
/wqxml/adm/31idtcag/bizMng/idtcagAplyInfo_2017.xml,"/wqxml/adm/31idtcag/bizMng/idtcagBizAplySelfTest_""+dc_searchMap.get(""BSNS_YY"")+""m.xml"
/wqxml/adm/31idtcag/bizMng/idtcagAplyInfo_2017.xml,/wqxml/usr/20aply/idtcag/idtcagPopup01.xml
/wqxml/adm/31idtcag/bizMng/idtcagAplyInfo_2017.xml,/wqxml/usr/20aply/idtcag/idtcagPopup02.xml
/wqxml/adm/31idtcag/bizMng/idtcagAplyInfo_2017.xml,/wqxml/cmn/popup/callRDPopup.xml
/wqxml/adm/31idtcag/bizMng/idtcagAplyInfo_2017.xml,/wqxml/cmn/popup/stdIndustPopup.xml
/wqxml/adm/31idtcag/bizMng/idtcagAplyInfo_2018.xml,/wqxml/adm/31idtcag/bizMng/idtcagPrcafsChargerPart.xml
/wqxml/adm/31idtcag/bizMng/idtcagAplyInfo_2018.xml,/wqxml/cmn/popup/idtcagSchlPopup.xml
/wqxml/adm/31idtcag/bizMng/idtcagAplyInfo_2018.xml,"/wqxml/adm/31idtcag/bizMng/idtcagBizAplySelfTest_"" + dc_searchMap.get(""BSNS_YY"")+"".xml"
/wqxml/adm/31idtcag/bizMng/idtcagAplyInfo_2018.xml,"/wqxml/adm/31idtcag/bizMng/idtcagBizAplySelfTest_"" + dc_searchMap.get(""BSNS_YY"")+""m.xml"
/wqxml/adm/31idtcag/bizMng/idtcagAplyInfo_2018.xml,/wqxml/usr/20aply/idtcag/idtcagPopup01.xml
/wqxml/adm/31idtcag/bizMng/idtcagAplyInfo_2018.xml,/wqxml/usr/20aply/idtcag/idtcagPopup02.xml
/wqxml/adm/31idtcag/bizMng/idtcagAplyInfo_2018.xml,/wqxml/cmn/popup/stdIndustPopup.xml
/wqxml/adm/31idtcag/bizMng/idtcagAplyInfo_2019.xml,/wqxml/adm/31idtcag/bizMng/idtcagPrcafsChargerPart.xml
/wqxml/adm/31idtcag/bizMng/idtcagAplyInfo_2019.xml,/wqxml/cmn/popup/idtcagSchlPopup.xml
/wqxml/adm/31idtcag/bizMng/idtcagAplyInfo_2019.xml,"/wqxml/adm/31idtcag/bizMng/idtcagBizAplySelfTest_"" + dc_searchMap.get(""BSNS_YY"")+"".xml"
/wqxml/adm/31idtcag/bizMng/idtcagAplyInfo_2019.xml,/wqxml/usr/20aply/idtcag/idtcagPopup01.xml
/wqxml/adm/31idtcag/bizMng/idtcagAplyInfo_2019.xml,/wqxml/usr/20aply/idtcag/idtcagPopup02.xml
/wqxml/adm/31idtcag/bizMng/idtcagAplyInfo_2019.xml,/wqxml/cmn/popup/stdIndustPopup.xml
/wqxml/adm/31idtcag/bizMng/idtcagAplyInfo_2020.xml,/wqxml/adm/31idtcag/bizMng/idtcagPrcafsChargerPart.xml
/wqxml/adm/31idtcag/bizMng/idtcagAplyInfo_2020.xml,/wqxml/cmn/popup/idtcagSchlPopup.xml
/wqxml/adm/31idtcag/bizMng/idtcagAplyInfo_2020.xml,"/wqxml/adm/31idtcag/bizMng/idtcagBizAplySelfTest_"" + dc_searchMap.get(""BSNS_YY"")+"".xml"
/wqxml/adm/31idtcag/bizMng/idtcagAplyInfo_2020.xml,/wqxml/usr/20aply/idtcag/idtcagPopup01.xml
/wqxml/adm/31idtcag/bizMng/idtcagAplyInfo_2020.xml,/wqxml/usr/20aply/idtcag/idtcagPopup02.xml
/wqxml/adm/31idtcag/bizMng/idtcagAplyInfo_2020.xml,/wqxml/cmn/popup/stdIndustPopup.xml
/wqxml/adm/31idtcag/bizMng/idtcagAplyInfo_2021.xml,"/wqxml/adm/31idtcag/bizMng/idtcagBizAplySelfTest_"" + dc_searchMap.get(""BSNS_YY"")+"".xml"
/wqxml/adm/31idtcag/bizMng/idtcagAplyInfo_2021.xml,/wqxml/usr/20aply/idtcag/idtcagPopup01.xml
/wqxml/adm/31idtcag/bizMng/idtcagAplyInfo_2021.xml,/wqxml/usr/20aply/idtcag/idtcagPopup02.xml
/wqxml/adm/31idtcag/bizMng/idtcagAplyInfo_2021.xml,/wqxml/cmn/popup/stdIndustPopup.xml
/wqxml/adm/31idtcag/bizMng/idtcagAplyInfo_2021_2.xml,/wqxml/adm/31idtcag/bizMng/idtcagPrcafsChargerPart.xml
/wqxml/adm/31idtcag/bizMng/idtcagAplyInfo_2021_2.xml,/wqxml/cmn/popup/idtcagSchlPopup.xml
/wqxml/adm/31idtcag/bizMng/idtcagAplyInfo_2021_2.xml,"/wqxml/adm/31idtcag/bizMng/idtcagBizAplySelfTest_"" + dc_searchMap.get(""BSNS_YY"")+""_2.xml"
/wqxml/adm/31idtcag/bizMng/idtcagAplyInfo_2021_2.xml,/wqxml/usr/20aply/idtcag/idtcagPopup01.xml
/wqxml/adm/31idtcag/bizMng/idtcagAplyInfo_2021_2.xml,/wqxml/usr/20aply/idtcag/idtcagPopup02.xml
/wqxml/adm/31idtcag/bizMng/idtcagAplyInfo_2021_2.xml,/wqxml/cmn/popup/stdIndustPopup.xml
/wqxml/adm/31idtcag/bizMng/idtcagAplyInfo_2022.xml,/wqxml/adm/31idtcag/bizMng/idtcagPrcafsChargerPart.xml
/wqxml/adm/31idtcag/bizMng/idtcagAplyInfo_2022.xml,/wqxml/cmn/popup/idtcagSchlPopup.xml
/wqxml/adm/31idtcag/bizMng/idtcagAplyInfo_2022.xml,"/wqxml/adm/31idtcag/bizMng/idtcagBizAplySelfTest_"" + dc_searchMap.get(""BSNS_YY"") + "".xml"
/wqxml/adm/31idtcag/bizMng/idtcagAplyInfo_2022.xml,/wqxml/usr/20aply/idtcag/idtcagPopup01.xml
/wqxml/adm/31idtcag/bizMng/idtcagAplyInfo_2022.xml,/wqxml/usr/20aply/idtcag/idtcagPopup02.xml
/wqxml/adm/31idtcag/bizMng/idtcagAplyInfo_2022.xml,/wqxml/cmn/popup/stdIndustPopup.xml
/wqxml/adm/31idtcag/bizMng/idtcagAplyInfo_2023.xml,/wqxml/adm/31idtcag/bizMng/idtcagPrcafsChargerPart.xml
/wqxml/adm/31idtcag/bizMng/idtcagAplyInfo_2023.xml,/wqxml/cmn/popup/idtcagSchlPopup.xml
/wqxml/adm/31idtcag/bizMng/idtcagAplyInfo_2023.xml,"/wqxml/adm/31idtcag/bizMng/idtcagBizAplySelfTest_"" + dc_searchMap.get(""BSNS_YY"") + "".xml"
/wqxml/adm/31idtcag/bizMng/idtcagAplyInfo_2023.xml,/wqxml/usr/20aply/idtcag/idtcagPopup01.xml
/wqxml/adm/31idtcag/bizMng/idtcagAplyInfo_2023.xml,/wqxml/usr/20aply/idtcag/idtcagPopup02.xml
/wqxml/adm/31idtcag/bizMng/idtcagAplyInfo_2023.xml,/wqxml/cmn/popup/stdIndustPopup.xml
/wqxml/adm/31idtcag/bizMng/idtcagAplyInfo_2023_back.xml,/wqxml/adm/31idtcag/bizMng/idtcagPrcafsChargerPart.xml
/wqxml/adm/31idtcag/bizMng/idtcagAplyInfo_2023_back.xml,/wqxml/cmn/popup/idtcagSchlPopup.xml
/wqxml/adm/31idtcag/bizMng/idtcagAplyInfo_2023_back.xml,"/wqxml/adm/31idtcag/bizMng/idtcagBizAplySelfTest_"" + dc_searchMap.get(""BSNS_YY"") + "".xml"
/wqxml/adm/31idtcag/bizMng/idtcagAplyInfo_2023_back.xml,/wqxml/usr/20aply/idtcag/idtcagPopup01.xml
/wqxml/adm/31idtcag/bizMng/idtcagAplyInfo_2023_back.xml,/wqxml/usr/20aply/idtcag/idtcagPopup02.xml
/wqxml/adm/31idtcag/bizMng/idtcagAplyInfo_2023_back.xml,/wqxml/cmn/popup/stdIndustPopup.xml
/wqxml/adm/31idtcag/bizMng/idtcagAppntEnts.xml,/wqxml/adm/31idtcag/bizMng/idtcagAppntEntsReg.xml
/wqxml/adm/31idtcag/bizMng/idtcagMlsvApntBsenSttn.xml,/wqxml/adm/21cndept/bizAply/cndeptBizAplyInfo.xml
/wqxml/adm/31idtcag/bizMng/idtcagMlsvApntBsenSttn.xml,/wqxml/adm/20spclhs/bizAply/spclhsBizAplyInfo.xml
/wqxml/adm/31idtcag/bizMng/idtcagMlsvApntBsenSttn.xml,/wqxml/adm/22techo/bizAply/techoBizAplyInfo.xml
/wqxml/adm/31idtcag/bizMng/idtcagMlsvApntBsenSttn.xml,/wqxml/adm/23eict/bizAply/eictBizAplyInfo.xml
/wqxml/adm/31idtcag/bizMng/idtcagMlsvApntBsenSttn.xml,/wqxml/adm/21cndept/bizAply/cndeptAccnSrvyReg.xml
/wqxml/adm/31idtcag/bizMng/idtcagMlsvApntBsenSttn.xml,/wqxml/adm/20spclhs/bizAply/spclhsAccnSrvyReg.xml
/wqxml/adm/31idtcag/bizMng/idtcagMlsvApntBsenSttn.xml,/wqxml/adm/22techo/bizAply/techoAccnSrvyReg.xml
/wqxml/adm/31idtcag/bizMng/idtcagMlsvApntBsenSttn.xml,/wqxml/adm/23eict/bizAply/eictAccnSrvyReg.xml
/wqxml/adm/31idtcag/bizMng/idtcagMlsvApntBsenSttn.xml,/wqxml/cmn/popup/mbrInqr.xml
/wqxml/adm/31idtcag/bizMng/idtcagOnlineEvidence.xml,/wqxml/adm/31idtcag/bizMng/idtcagOnlineEvidenceExcelReg.xml
/wqxml/adm/31idtcag/bizMng/idtcagPrtcpnt.xml,/wqxml/adm/31idtcag/bizMng/idtcagPrtcpntReg.xml
/wqxml/adm/31idtcag/bizMng/idtcagQlfcRvwSttn.xml,/wqxml/cmn/popup/mbrInqr.xml
/wqxml/adm/31idtcag/bizMng/idtcagQlfcRvwSttn.xml,"/wqxml/adm/31idtcag/bizMng/idtcagAplyInfoQlfc_"" + bsnsYy + "".xml"
/wqxml/adm/31idtcag/bizMng/idtcagQlfcRvwSttn.xml,/wqxml/adm/31idtcag/bizMng/idtcagAplyInfo.xml
/wqxml/adm/31idtcag/qaAdmin/qaAdminDetlAdm.xml,/wqxml/adm/31idtcag/qaAdmin/qaSttnAdm.xml
/wqxml/adm/31idtcag/qaAdmin/qaSttnAdm.xml,/wqxml/adm/31idtcag/qaAdmin/qaAdminDetlAdm.xml
/wqxml/adm/31idtcag/qaAdmin/qaSttnAdm.xml,/wqxml/adm/31idtcag/qaAdmin/qaSaveAdm.xml
/wqxml/adm/31idtcag/statSttn/idtcagEvalIndList.xml,/wqxml/adm/31idtcag/statSttn/idtcagEvalIndSet.xml
/wqxml/adm/31idtcag/statSttn/idtcagEvalIndList.xml,/wqxml/adm/31idtcag/statSttn/idtcagEvalIndInsert.xml
/wqxml/adm/31idtcag/statSttn/idtcagEvalIndMng.xml,/wqxml/adm/31idtcag/statSttn/idtcagEvalIndSet.xml
/wqxml/adm/31idtcag/statSttn/idtcagEvalIndSttn.xml,/wqxml/adm/31idtcag/statSttn/idtcagEvalIndList.xml
/wqxml/adm/40wfsCntr/wfsAplyInfo.xml,/wqxml/adm/40wfsCntr/wfsJbofReg.xml
/wqxml/adm/40wfsCntr/wfsJbofReg.xml,/wqxml/cmn/popup/wfsSchlPopup.xml
/wqxml/adm/50smebsc/bizMng/bscBizAplyAcptSttn.xml,/wqxml/adm/50smebsc/bizMng/bscBizAplyDtl.xml
/wqxml/adm/50smebsc/bizMng/bscBizAplyAtflSttn.xml,/wqxml/adm/50smebsc/bizMng/bscBizAplyDtl.xml
/wqxml/adm/50smebsc/bizMng/bscBizAplyDtl.xml,/wqxml/adm/50smebsc/bizMng/bscBizAplyPopup.xml
/wqxml/adm/50smebsc/bizMng/bscBizNewUpldAtflSttn.xml,/wqxml/adm/50smebsc/bizMng/bscBizUpldAtflReg.xml
/wqxml/adm/50smebsc/bizMng/bscBizNewUpldAtflSttn.xml,/wqxml/adm/50smebsc/bizMng/bscBizDataRegPopup.xml
/wqxml/adm/50smebsc/bizMng/bscBizNewUpldAtflSttn.xml,/wqxml/adm/50smebsc/reqstMng/reqstRceptView.xml
/wqxml/adm/50smebsc/cnfrmnMng/issuReqstSttn.xml,/wqxml/adm/50smebsc/cnfrmnMng/issuReqstSttnView.xml
/wqxml/adm/50smebsc/reqstMng/reqstRceptList.xml,/wqxml/adm/50smebsc/reqstMng/reqstRceptView.xml
/wqxml/adm/50smebsc/statSttn/bscBizEvalIndMng.xml,/wqxml/adm/50smebsc/statSttn/bscBizEvalIndDtl.xml
/wqxml/adm/50smebsc/statSttn/bscBizEvalIndSttn.xml,/wqxml/adm/50smebsc/statSttn/bscBizEvalIndMng.xml
/wqxml/adm/50smebsc/statSttn/bscBizEvalSttn.xml,/wqxml/adm/50smebsc/statSttn/bscBizEvalExcelReg.xml
/wqxml/adm/50smebsc/statSttn/bscBizEvalSubm.xml,/wqxml/adm/50smebsc/statSttn/bscBizEvalExcelReg.xml
/wqxml/adm/50smebsc/statSttn/bscBizEvalSubmSttn.xml,/wqxml/adm/50smebsc/statSttn/bscBizEvalSubm.xml
/wqxml/adm/50smebsc/statSttn/bscBizSttn.xml,/wqxml/adm/50smebsc/statSttn/bscBizExcelReg.xml
/wqxml/adm/60survey/surveyMng/surveyMngReport.xml,/wqxml/adm/60survey/surveyMng/surveyMngView.xml
/wqxml/adm/60survey/surveyMng/surveyMngView.xml,/wqxml/adm/60survey/surveyStats/surveyStatusReplyEmptyFrame.xml
/wqxml/adm/60survey/surveyMng/surveyMngView.xml,/wqxml/adm/60survey/surveyMng/surveyMngUserUpload.xml
/wqxml/adm/60survey/surveyMng/surveyMngView.xml,/wqxml/cmn/mobile/surveyMobilePage.xml
/wqxml/adm/60survey/surveyMng/surveyMngView.xml,/wqxml/cmn/mobile/surveyMobilePreviewPopup.xml
/wqxml/adm/60survey/surveyMng/surveyMngView.xml,/wqxml/adm/60survey/surveyMng/surveyMngSetLogicPopup.xml
/wqxml/adm/60survey/surveyStats/surveyStatusReplyReport.xml,/wqxml/adm/60survey/surveyStats/surveyStatusReplyView.xml
/wqxml/adm/60survey/surveyStats/surveyStatusReplyView.xml,/wqxml/adm/60survey/surveyStats/surveyStatusReplyEmptyFrame.xml
/wqxml/adm/70rcgntn/bizMnt/bizMntPrgmReport.xml,/wqxml/adm/70rcgntn/bizMnt/bizMntPrgmView.xml
/wqxml/adm/70rcgntn/bizMnt/bizMntReport.xml,/wqxml/adm/70rcgntn/bizMnt/bizMntView.xml
/wqxml/adm/70rcgntn/bizMnt/bizMntView.xml,/wqxml/cmn/popup/rlorgChc.xml
/wqxml/adm/70rcgntn/bizMnt/bizMntView.xml,/wqxml/cmn/popup/chrgrChc.xml
/wqxml/adm/70rcgntn/dataMnt/dataMntView.xml,/wqxml/adm/70rcgntn/dataMnt/dataMntUpload.xml
/wqxml/adm/70rcgntn/dataStats/dataStatsChartView.xml,/wqxml/adm/70rcgntn/dataStats/dataStatsEmptyFrame.xml
/wqxml/adm/80hssppl/hsspplAsgnDtl.xml,/wqxml/adm/80hssppl/hsspplAsgnDtl.xml
/wqxml/adm/80hssppl/hsspplAsgnDtl.xml,/wqxml/cmn/popup/returnReasonPopup.xml
/wqxml/adm/80hssppl/hsspplAsgnDtl_2021.xml,/wqxml/cmn/popup/returnReasonPopup.xml
/wqxml/adm/80hssppl/hsspplAsgnDtl_2021.xml,/wqxml/usr/20aply/hssppl/hsspplRcmndRegDropPopup.xml
/wqxml/adm/80hssppl/hsspplAsgnDtl_2022.xml,/wqxml/usr/20aply/hssppl/hsspplRcmndRegDropPopup.xml
/wqxml/adm/80hssppl/hsspplAsgnSttn.xml,/wqxml/adm/80hssppl/hsspplAsgnDtl_2022.xml
/wqxml/adm/80hssppl/hsspplAsgnSttn.xml,/wqxml/adm/80hssppl/hsspplAsgnDtl_2021.xml
/wqxml/adm/80hssppl/hsspplAsgnSttn.xml,/wqxml/adm/80hssppl/hsspplAsgnDtl.xml
/wqxml/adm/80hssppl/hsspplAsgnSttn.xml,/wqxml/adm/80hssppl/hsspplBsnsPop.xml
/wqxml/adm/80hssppl/hsspplAsgnSttn.xml,/wqxml/adm/80hssppl/hsspplReg_2022.xml
/wqxml/adm/80hssppl/hsspplSttn.xml,/wqxml/adm/80hssppl/hsspplReg_2022.xml
/wqxml/adm/80hssppl/hsspplSttn.xml,/wqxml/adm/80hssppl/hsspplReg.xml
/wqxml/adm/99sysMng/cmnMng/acnnAcntMngSttn.xml,/wqxml/adm/99sysMng/cmnMng/acnnAcntReg.xml
/wqxml/adm/99sysMng/cmnMng/cmnCdMngSttn.xml,/wqxml/cmn/popup/excelFileUpld.xml
/wqxml/adm/99sysMng/cmnMng/dbCdMngSttn.xml,/wqxml/adm/99sysMng/cmnMng/dbCdMngDtl.xml
/wqxml/adm/99sysMng/cmnMng/evalIndxMngSttn.xml,/wqxml/adm/99sysMng/cmnMng/evalIndxReg.xml
/wqxml/adm/99sysMng/cmnMng/evalLnrqMngSttn.xml,/wqxml/adm/99sysMng/cmnMng/evalLnrqReg.xml
/wqxml/adm/99sysMng/cmnMng/evalLnrqReg.xml,/wqxml/adm/99sysMng/cmnMng/evalLnrqRegDtl.xml
/wqxml/adm/99sysMng/cmnMng/hpSchlMngSttn.xml,/wqxml/usr/20aply/spclhs/jobSchlReg.xml
/wqxml/adm/99sysMng/cmnMng/hpSchlMngSttn.xml,/wqxml/adm/99sysMng/cmnMng/hpSchlReg.xml
/wqxml/adm/99sysMng/cmnMng/otcmIndxMngSttn.xml,/wqxml/adm/99sysMng/cmnMng/otcmIndxReg.xml
/wqxml/adm/99sysMng/cmpgMng/qustMngSttn.xml,/wqxml/adm/99sysMng/cmpgMng/qustMngReg.xml
/wqxml/adm/99sysMng/logMng/lgnHistMngInqr.xml,/wqxml/adm/10bizMng/mbrSttn/mbrDetl.xml
/wqxml/adm/99sysMng/ptlMng/alrmPageInqr.xml,/wqxml/adm/99sysMng/ptlMng/alrmPageWrtn.xml
/wqxml/adm/99sysMng/ptlMng/alrmPageInqr.xml,/wqxml/adm/99sysMng/ptlMng/alrmTmplInqr.xml
/wqxml/adm/99sysMng/ptlMng/alrmPageWrtn.xml,/wqxml/adm/99sysMng/ptlMng/previewAlrm.xml
/wqxml/adm/99sysMng/ptlMng/alrmTmplInqr.xml,/wqxml/adm/99sysMng/ptlMng/alrmTmplWrtn.xml
/wqxml/adm/99sysMng/ptlMng/alrmTmplInqr.xml,/wqxml/adm/99sysMng/tlMng/alrmPageInqr.xml
/wqxml/adm/99sysMng/ptlMng/alrmTmplWrtn.xml,/wqxml/adm/99sysMng/ptlMng/previewAlrm.xml
/wqxml/adm/99sysMng/ptlMng/alrmTmplWrtn.xml,/wqxml/cmn/popup/cmnFileUpload.xml
/wqxml/adm/99sysMng/ptlMng/bnrPageInqr.xml,/wqxml/adm/99sysMng/ptlMng/bnrPageReg.xml
/wqxml/adm/99sysMng/ptlMng/bnrPageInqr.xml,/wqxml/adm/99sysMng/ptlMng/bnrImgMng.xml
/wqxml/adm/99sysMng/ptlMng/bnrPageInqr.xml,/wqxml/adm/99sysMng/ptlMng/bnrImgReg.xml
/wqxml/adm/99sysMng/ptlMng/cnvncSurveyDetl.xml,/wqxml/adm/60survey/surveyStats/surveyStatusReplyEmptyFrame.xml
/wqxml/adm/99sysMng/ptlMng/crltSiteInqr.xml,/wqxml/adm/99sysMng/ptlMng/crltSiteWrtn.xml
/wqxml/adm/99sysMng/ptlMng/crltSiteWrtn.xml,/wqxml/adm/99sysMng/ptlMng/previewAlrm.xml
/wqxml/adm/99sysMng/ptlMng/indvInfoColtCsntWrtn.xml,/wqxml/adm/99sysMng/ptlMng/previewAlrm.xml
/wqxml/adm/99sysMng/ptlMng/mainPageSetInqr.xml,/wqxml/adm/99sysMng/ptlMng/ooQstnDetl.xml
/wqxml/adm/99sysMng/ptlMng/mainPageSetInqr.xml,/wqxml/adm/99sysMng/ptlMng/qaAdminDetl.xml
/wqxml/adm/99sysMng/ptlMng/popupPageInqr.xml,/wqxml/adm/99sysMng/ptlMng/popupPageWrtn.xml
/wqxml/adm/99sysMng/ptlMng/popupPageWrtn.xml,/wqxml/cmn/popup/cmnPopup.xml
/wqxml/adm/99sysMng/ptlMng/popupZoneInqr.xml,/wqxml/adm/99sysMng/ptlMng/popupZoneWrtn.xml
/wqxml/adm/99sysMng/ptlMng/popupZoneWrtn.xml,/wqxml/cmn/popup/cmnFileUpload.xml
/wqxml/adm/99sysMng/ptlMng/qaAdminDetl.xml,/wqxml/usr/60prtc/qa/qaDetl.xml
/wqxml/adm/99sysMng/serviceRqst/svrRqstDtl.xml,/wqxml/adm/99sysMng/serviceRqst/svrRqstSttn.xml
/wqxml/adm/99sysMng/serviceRqst/svrRqstRgstr.xml,/wqxml/adm/99sysMng/serviceRqst/svrRqstSttn.xml
/wqxml/adm/99sysMng/serviceRqst/svrRqstSttn.xml,/wqxml/adm/99sysMng/serviceRqst/svrRqstRgstr.xml
/wqxml/adm/99sysMng/serviceRqst/svrRqstSttn.xml,/wqxml/adm/99sysMng/serviceRqst/svrRqstDtl.xml
/wqxml/cmn/menu/CONTENT.xml,/wqxml/cmn/popup/cmnPopup.xml
/wqxml/cmn/menu/CONTENT.xml,/wqxml/usr/20aply/smebsc/bscIndcReqstList.xml
/wqxml/cmn/menu/CONTENT.xml,/wqxml/usr/99mbr/login.xml
/wqxml/cmn/menu/CONTENT.xml,/wqxml/usr/20aply/spclhs/bizPrtcInsnSttn.xml
/wqxml/cmn/menu/CONTENT.xml,/wqxml/usr/20aply/idtcag/bizAplySttn_BIZ.xml
/wqxml/cmn/menu/CONTENT.xml,/wqxml/usr/20aply/spclhs/jobStdnSttn.xml
/wqxml/cmn/menu/CONTENT.xml,/wqxml/usr/20aply/hssppl/hsspplAplySttn.xml
/wqxml/cmn/menu/CONTENT.xml,/wqxml/usr/40anns/bizNotc/bizNotcDetl.xml
/wqxml/cmn/menu/CONTENT.xml,/wqxml/usr/40anns/bizNotc/hsspplCltgDetl.xml
/wqxml/cmn/menu/CONTENT.xml,/wqxml/usr/40anns/ntfyMtr/ntfyMtrDetl.xml
/wqxml/cmn/menu/CONTENT.xml,/wqxml/usr/40anns/ntfyMtr/ntfyMtr.xml
/wqxml/cmn/menu/CONTENT.xml,/wqxml/usr/60prtc/qa/qaAdminDetl.xml
/wqxml/cmn/menu/CONTENT.xml,/wqxml/usr/60prtc/faq/faqDetl.xml
/wqxml/cmn/menu/CONTENT.xml,/wqxml/usr/99mbr/surveyTest.xml
/wqxml/cmn/menu/CONTENT.xml,/wqxml/usr/99mbr/chgPwd.xml
/wqxml/cmn/menu/CONTENT.xml,/wqxml/usr/99mbr/mbrInfoChg.xml
/wqxml/cmn/menu/CONTENT.xml,/wqxml/usr/20aply/cmn/bizAplyCltg.xml
/wqxml/cmn/menu/CONTENT.xml,/wqxml/usr/50info/prtcSchl/prtcSchlSttn.xml
/wqxml/cmn/menu/CONTENT.xml,/wqxml/usr/10intd/intdBizBscsbc.xml
/wqxml/cmn/menu/CONTENT.xml,/wqxml/usr/60prtc/qa/qaSttn.xml
/wqxml/cmn/menu/CONTENT.xml,/wqxml/usr/60prtc/faq/faqSttn.xml
/wqxml/cmn/menu/CONTENT.xml,/wqxml/usr/40anns/bizNotc/bizNotc.xml
/wqxml/cmn/menu/CONTENT.xml,/wqxml/usr/40anns/bizNotc/hsspplCltgSttn.xml
/wqxml/cmn/menu/CONTENT.xml,/wqxml/usr/10intd/intdBizSpclhs.xml
/wqxml/cmn/menu/CONTENT.xml,/wqxml/usr/intd/intdBizSpclhs.xml
/wqxml/cmn/menu/CONTENT.xml,/wqxml/usr/10intd/intdBizTecho.xml
/wqxml/cmn/menu/CONTENT.xml,/wqxml/usr/10intd/intdBizCndept.xml
/wqxml/cmn/menu/CONTENT.xml,/wqxml/usr/10intd/intdBizIdtcag.xml
/wqxml/cmn/menu/CONTENT.xml,/wqxml/usr/intd/intdBizIdtcag.xml
/wqxml/cmn/menu/CONTENT_new.xml,/wqxml/cmn/popup/cmnPopup.xml
/wqxml/cmn/menu/CONTENT_new.xml,/wqxml/usr/40anns/bizNotc/bizNotcDetl.xml
/wqxml/cmn/menu/CONTENT_new.xml,/wqxml/usr/40anns/bizNotc/hsspplCltgDetl.xml
/wqxml/cmn/menu/CONTENT_new.xml,/wqxml/usr/40anns/ntfyMtr/ntfyMtrDetl.xml
/wqxml/cmn/menu/CONTENT_new.xml,/wqxml/usr/40anns/ntfyMtr/ntfyMtr.xml
/wqxml/cmn/menu/CONTENT_new.xml,/wqxml/usr/60prtc/qa/qaAdminDetl.xml
/wqxml/cmn/menu/CONTENT_new.xml,/wqxml/usr/60prtc/faq/faqDetl.xml
/wqxml/cmn/menu/CONTENT_new.xml,/wqxml/usr/99mbr/surveyTest.xml
/wqxml/cmn/menu/CONTENT_new.xml,/wqxml/usr/99mbr/chgPwd.xml
/wqxml/cmn/menu/CONTENT_new.xml,/wqxml/usr/99mbr/mbrInfoChg.xml
/wqxml/cmn/menu/CONTENT_new.xml,/wqxml/usr/20aply/cmn/bizAplyCltg.xml
/wqxml/cmn/menu/CONTENT_new.xml,/wqxml/usr/50info/prtcSchl/prtcSchlSttn.xml
/wqxml/cmn/menu/CONTENT_new.xml,/wqxml/usr/10intd/intdBizBscsbc.xml
/wqxml/cmn/menu/CONTENT_new.xml,/wqxml/usr/60prtc/qa/qaSttn.xml
/wqxml/cmn/menu/CONTENT_new.xml,/wqxml/usr/60prtc/faq/faqSttn.xml
/wqxml/cmn/menu/CONTENT_new.xml,/wqxml/usr/40anns/bizNotc/bizNotc.xml
/wqxml/cmn/menu/CONTENT_new.xml,/wqxml/usr/40anns/bizNotc/hsspplCltgSttn.xml
/wqxml/cmn/menu/FOOTER.xml,/wqxml/usr/99mbr/intrrtViolTSttmnt.xml
/wqxml/cmn/menu/MAIN.xml,/wqxml/cmn/menu/menuTopTemplate.xml
/wqxml/cmn/menu/MAIN.xml,/wqxml/cmn/menu/CONTENT.xml
/wqxml/cmn/menu/MAIN.xml,/wqxml/cmn/menu/FOOTER.xml
/wqxml/cmn/menu/MAIN_new.xml,/wqxml/cmn/menu/menuTopTemplate_old.xml
/wqxml/cmn/menu/MAIN_new.xml,/wqxml/cmn/menu/CONTENT_old.xml
/wqxml/cmn/menu/MAIN_new.xml,/wqxml/cmn/menu/FOOTER_old.xml
/wqxml/cmn/menu/menuContentTemplate.xml,/wqxml/cmn/menu/menuTopTemplate.xml
/wqxml/cmn/menu/menuContentTemplate.xml,/wqxml/cmn/menu/menuLeftTemplate.xml
/wqxml/cmn/menu/menuContentTemplate_new.xml,/wqxml/cmn/menu/menuTopTemplate.xml
/wqxml/cmn/menu/menuContentTemplate_new.xml,/wqxml/cmn/menu/menuLeftTemplate.xml
/wqxml/cmn/menu/menuLeftTemplate.xml,/wqxml/usr/99mbr/mbrJoinAgree.xml
/wqxml/cmn/menu/menuLeftTemplate.xml,/wqxml/usr/99mbr/mbrInfoChg.xml
/wqxml/cmn/menu/menuLeftTemplate.xml,/wqxml/usr/99mbr/mbrJoin.xml
/wqxml/cmn/menu/menuLeftTemplate.xml,/wqxml/usr/99mbr/chgPwd.xml
/wqxml/cmn/menu/menuLeftTemplate.xml,/wqxml/usr/99mbr/authPassword.xml
/wqxml/cmn/menu/menuLeftTemplate_new.xml,/wqxml/usr/99mbr/mbrJoinAgree.xml
/wqxml/cmn/menu/menuLeftTemplate_new.xml,/wqxml/usr/99mbr/mbrInfoChg.xml
/wqxml/cmn/menu/menuLeftTemplate_new.xml,/wqxml/usr/99mbr/mbrJoin.xml
/wqxml/cmn/menu/menuLeftTemplate_new.xml,/wqxml/usr/99mbr/chgPwd.xml
/wqxml/cmn/menu/menuLeftTemplate_new.xml,/wqxml/usr/99mbr/authPassword.xml
/wqxml/cmn/menu/menuTopTemplate.xml,/wqxml/usr/99mbr/login.xml
/wqxml/cmn/menu/menuTopTemplate.xml,/wqxml/usr/99mbr/logoutAlarm.xml
/wqxml/cmn/menu/menuTopTemplate.xml,/wqxml/usr/99mbr/logoutAuto.xml
/wqxml/cmn/menu/menuTopTemplate.xml,/wqxml/cmn/menu/MAIN.xml
/wqxml/cmn/menu/menuTopTemplate.xml,/wqxml/usr/99mbr/mbrJoinAgree.xml
/wqxml/cmn/menu/menuTopTemplate.xml,/wqxml/usr/99mbr/authPassword.xml
/wqxml/cmn/menu/menuTopTemplate.xml,/wqxml/usr/50info/unitySearchList.xml
/wqxml/cmn/menu/menuTopTemplate.xml,/wqxml/usr/99mbr/intrrtViolTSttmnt.xml
/wqxml/cmn/menu/menuTopTemplate_back.xml,/wqxml/usr/99mbr/login.xml
/wqxml/cmn/menu/menuTopTemplate_back.xml,/wqxml/usr/99mbr/logoutAlarm.xml
/wqxml/cmn/menu/menuTopTemplate_back.xml,/wqxml/usr/99mbr/logoutAuto.xml
/wqxml/cmn/menu/menuTopTemplate_back.xml,/wqxml/cmn/menu/MAIN.xml
/wqxml/cmn/menu/menuTopTemplate_back.xml,/wqxml/usr/99mbr/mbrJoinAgree.xml
/wqxml/cmn/menu/menuTopTemplate_back.xml,/wqxml/usr/99mbr/authPassword.xml
/wqxml/cmn/menu/menuTopTemplate_back.xml,/wqxml/usr/50info/unitySearchList.xml
/wqxml/cmn/menu/menuTopTemplate_back.xml,/wqxml/usr/99mbr/intrrtViolTSttmnt.xml
/wqxml/cmn/menu/menuTopTemplate_new.xml,/wqxml/usr/99mbr/login.xml
/wqxml/cmn/menu/menuTopTemplate_new.xml,/wqxml/usr/99mbr/logoutAlarm.xml
/wqxml/cmn/menu/menuTopTemplate_new.xml,/wqxml/usr/99mbr/logoutAuto.xml
/wqxml/cmn/menu/menuTopTemplate_new.xml,/wqxml/cmn/menu/MAIN.xml
/wqxml/cmn/menu/menuTopTemplate_new.xml,/wqxml/usr/99mbr/mbrJoinAgree.xml
/wqxml/cmn/menu/menuTopTemplate_new.xml,/wqxml/usr/99mbr/authPassword.xml
/wqxml/cmn/menu/menuTopTemplate_new.xml,/wqxml/usr/50info/unitySearchList.xml
/wqxml/cmn/menu/menuTopTemplate_new.xml,/wqxml/usr/99mbr/intrrtViolTSttmnt.xml
/wqxml/cmn/menu/NOLOGIN.xml,/wqxml/usr/99mbr/login.xml
/wqxml/cmn/menu/NOLOGIN.xml,/wqxml/cmn/menu/menuTopTemplate.xml
/wqxml/cmn/menu/NOLOGIN.xml,/wqxml/cmn/menu/CONTENT.xml
/wqxml/cmn/menu/NOLOGIN.xml,/wqxml/cmn/menu/FOOTER.xml
/wqxml/cmn/mobile/frame0.xml,/wqxml/cmn/mobile/Header.xml
/wqxml/cmn/mobile/frame0.xml,/wqxml/cmn/mobile/m_page01.xml
/wqxml/cmn/mobile/frame0.xml,/wqxml/cmn/mobile/menu.xml
/wqxml/cmn/mobile/frame1.xml,/wqxml/cmn/mobile/login.xml
/wqxml/cmn/mobile/frame1.xml,/wqxml/cmn/mobile/frame2.xml
/wqxml/cmn/mobile/frame1.xml,/wqxml/cmn/mobile/frame1.xml
/wqxml/cmn/mobile/frame1.xml,/wqxml/cmn/mobile/Header.xml
/wqxml/cmn/mobile/frame1.xml,/wqxml/cmn/mobile/m_0814_page01.xml
/wqxml/cmn/mobile/frame1.xml,/wqxml/cmn/mobile/lnb.xml
/wqxml/cmn/mobile/frame2.xml,/wqxml/cmn/mobile/login.xml
/wqxml/cmn/mobile/frame2.xml,/wqxml/cmn/mobile/frame2.xml
/wqxml/cmn/mobile/frame2.xml,/wqxml/cmn/mobile/frame1.xml
/wqxml/cmn/mobile/frame2.xml,/wqxml/cmn/mobile/Header.xml
/wqxml/cmn/mobile/frame2.xml,/wqxml/cmn/mobile/m_0814_page02.xml
/wqxml/cmn/mobile/frame2.xml,/wqxml/cmn/mobile/lnb.xml
/wqxml/cmn/mobile/frame3.xml,/wqxml/cmn/mobile/login.xml
/wqxml/cmn/mobile/frame3.xml,/wqxml/cmn/mobile/frame2.xml
/wqxml/cmn/mobile/frame3.xml,/wqxml/cmn/mobile/frame1.xml
/wqxml/cmn/mobile/frame3.xml,/wqxml/cmn/mobile/Header.xml
/wqxml/cmn/mobile/frame3.xml,/wqxml/cmn/mobile/m_0814_page03.xml
/wqxml/cmn/mobile/frame3.xml,/wqxml/cmn/mobile/lnb.xml
/wqxml/cmn/mobile/frame4.xml,/wqxml/cmn/mobile/Header.xml
/wqxml/cmn/mobile/frame4.xml,/wqxml/cmn/mobile/m_0814_page04.xml
/wqxml/cmn/mobile/frame4.xml,/wqxml/cmn/mobile/lnb.xml
/wqxml/cmn/mobile/lnb.xml,/wqxml/cmn/mobile/login.xml
/wqxml/cmn/mobile/lnb.xml,/wqxml/cmn/mobile/frame2.xml
/wqxml/cmn/mobile/lnb.xml,/wqxml/cmn/mobile/frame1.xml
/wqxml/cmn/mobile/login.xml,/wqxml/cmn/mobile/frame2.xml
/wqxml/cmn/mobile/MAIN.xml,/wqxml/cmn/mobile/frame2.xml
/wqxml/cmn/mobile/MAIN.xml,/wqxml/cmn/mobile/login.xml
/wqxml/cmn/mobile/MAIN.xml,/wqxml/cmn/mobile/Header.xml
/wqxml/cmn/mobile/MAIN.xml,/wqxml/cmn/mobile/m_0814_page00.xml
/wqxml/cmn/mobile/MAIN.xml,/wqxml/cmn/mobile/lnb.xml
/wqxml/cmn/mobile/m_0814_page00.xml,/wqxml/cmn/mobile/m_0814_page03.xml
/wqxml/cmn/mobile/m_0814_page01.xml,/wqxml/cmn/mobile/m_0814_page03.xml
/wqxml/cmn/mobile/m_0814_page01.xml,/wqxml/cmn/mobile/frame3.xml
/wqxml/cmn/mobile/m_0814_page02.xml,/wqxml/cmn/mobile/m_0814_page03.xml
/wqxml/cmn/mobile/m_0814_page02.xml,/wqxml/cmn/mobile/frame3.xml
/wqxml/cmn/mobile/m_0814_page02_more.xml,/wqxml/cmn/mobile/frame3.xml
/wqxml/cmn/mobile/m_0814_page02_pagelist.xml,/wqxml/cmn/mobile/frame3.xml
/wqxml/cmn/mobile/m_0814_page03.xml,/wqxml/cmn/mobile/frame2.xml
/wqxml/cmn/mobile/m_0814_page03.xml,/wqxml/cmn/mobile/m_0814_page04.xml
/wqxml/cmn/mobile/m_0814_page03.xml,/wqxml/cmn/mobile/frame4.xml
/wqxml/cmn/mobile/m_0814_page03.xml,/wqxml/cmn/mobile/frame1.xml
/wqxml/cmn/mobile/m_0814_page04.xml,/wqxml/cmn/mobile/frame2.xml
/wqxml/cmn/mobile/m_0814_page04.xml,/wqxml/cmn/mobile/m_0814_page03.xml
/wqxml/cmn/mobile/m_0814_page04.xml,/wqxml/cmn/mobile/frame3.xml
/wqxml/cmn/mobile/surveyMobileFailedPage.xml,/wqxml/cmn/mobile/surveyMobileHeader.xml
/wqxml/cmn/mobile/surveyMobilePage.xml,/wqxml/cmn/mobile/surveyMobileHeader.xml
/wqxml/cmn/mobile/surveyMobilePreviewPopup.xml,/wqxml/cmn/mobile/surveyMobileHeader.xml
/wqxml/cmn/mobile/surveyMobileSuccessPage.xml,/wqxml/cmn/mobile/surveyMobileHeader.xml
/wqxml/cmn/popup/idtcagBizSelfTestPopup.xml,/wqxml/cmn/popup/stdIndustPopup.xml
/wqxml/cmn/popup/main.xml,/wqxml/cmn/menu/TOP0.xml
/wqxml/cmn/popup/main.xml,/wqxml/cmn/menu/CONTENT_MAIN.xml
/wqxml/cmn/popup/main.xml,/wqxml/cmn/menu/FOOTER.xml
/wqxml/cmn/popup/mbrInfoChgPopup.xml,/wqxml/cmn/popup/indutyPopup.xml
/wqxml/cmn/popup/mbrInfoChgPopup.xml,/wqxml/cmn/popup/pwConfirmPopup.xml
/wqxml/cmn/smes/smesPage.xml,/wqxml/usr/99mbr/mbrJoinAgree.xml
/wqxml/cmn/smes/smesPage.xml,/wqxml/usr/99mbr/login.xml
/wqxml/cmn/smes/smesPage.xml,/wqxml/usr/99mbr/chgPwd.xml
/wqxml/cmn/smes/smesPage.xml,/wqxml/usr/20aply/idtcag/bizAplySttn_BIZ.xml
/wqxml/cmn/smes/smesPage.xml,/wqxml/usr/20aply/hssppl/hsspplAplySttn.xml
/wqxml/cmn/smes/smesPage.xml,/wqxml/usr/20aply/spclhs/bizPrtcInsnSttn.xml
/wqxml/cmn/smes/smesPage.xml,/wqxml/usr/20aply/smebsc/bscFutureReqstList.xml
/wqxml/cmn/smes/smesPage.xml,/wqxml/usr/20aply/smebsc/bscIndcReqstList.xml
/wqxml/cmn/smes/smesPage.xml,/wqxml/usr/40anns/bizNotc/bizNotcDetl.xml
/wqxml/cmn/smes/smesPage.xml,/wqxml/usr/40anns/bizNotc/hsspplCltgDetl.xml
/wqxml/cmn/smes/smesPage.xml,/wqxml/usr/10intd/intdBizSpclhs.xml
/wqxml/cmn/smes/smesPage.xml,/wqxml/usr/10intd/intdBizBscsbc.xml
/wqxml/cmn/smes/smesPage.xml,/wqxml/usr/20aply/smebsc/bscFutureReqstView.xml
/wqxml/cmn/smes/smesPage.xml,/wqxml/usr/20aply/smebsc/bscIndcReqstView.xml
/wqxml/cmn/smes/smesPage.xml,"/wqxml/usr/20aply/hssppl/hsspplAplyDetl_"" + bsnsId.substring(0, 4) + "".xml"
/wqxml/cmn/smes/smesPage.xml,/wqxml/usr/20aply/hssppl/hsspplAplyDetl.xml
/wqxml/cmn/smes/smesPage.xml,"/wqxml/usr/20aply/idtcag/idtcagBizAply_"" + bsnsYy + "".xml"
/wqxml/cmn/smes/smesPage.xml,/wqxml/usr/20aply/spclhs/bizPrtcInsnDetl.xml
/wqxml/cmn/smes/smesPage.xml,/wqxml/usr/40anns/ntfyMtr/ntfyMtr.xml
/wqxml/cmn/smes/smesPage.xml,/wqxml/usr/40anns/ntfyMtr/ntfyMtrDetl.xml
/wqxml/cmn/smes/smesPage.xml,/wqxml/usr/40anns/bizNotc/bizNotc.xml
/wqxml/cmn/smes/smesPage.xml,/wqxml/usr/50info/prtcSchl/prtcSchlSttn.xml
/wqxml/cmn/smes/smesPage.xml,/wqxml/usr/60prtc/qa/qaSttn.xml
/wqxml/cmn/smes/smesPage.xml,/wqxml/usr/10intd/intdBizHrdsbc.xml
/wqxml/cmn/smes/smesPage.xml,/wqxml/usr/20aply/smehrd/hrdBizSttn.xml
/wqxml/cmn/smes/smesPage.xml,/wqxml/usr/50info/workNetList.xml
/wqxml/cmn/smes/smesPage.xml,/wqxml/cmn/menu/menuTopTemplate.xml
/wqxml/cmn/smes/smesPage.xml,/wqxml/cmn/menu/CONTENT.xml
/wqxml/cmn/smes/smesPage.xml,/wqxml/cmn/menu/FOOTER.xml
/wqxml/usr/10intd/intdBizAwaimp.xml,/wqxml/cmn/popup/impVidPopup.xml
/wqxml/usr/10intd/intdBizBscsbc.xml,/wqxml/usr/99mbr/login.xml
/wqxml/usr/20aply/selectbox_test.xml,/wqxml/usr/aply/idtcagPopup01.xml
/wqxml/usr/20aply/selectbox_test.xml,/wqxml/usr/aply/idtcagPopup02.xml
/wqxml/usr/20aply/selectbox_test.xml,/wqxml/usr/aply/bizAplyCltg_BIZ.xml
/wqxml/usr/20aply/selectbox_test.xml,/wqxml/usr/aply/idtcagSmplDocPopup.xml
/wqxml/usr/20aply/selectbox_test.xml,/wqxml/cmn/popup/stdIndustPopup.xml
/wqxml/usr/20aply/selectbox_test.xml,/wqxml/usr/aply/idtcagBizAplySelfTest_2016.xml
/wqxml/usr/20aply/selectbox_test.xml,/wqxml/usr/aply/idtcagBizAplySelfTest_20160428.xml
/wqxml/usr/20aply/selectbox_test.xml,/wqxml/usr/aply/idtcagBizAplySelfTest_20160428m.xml
/wqxml/usr/20aply/selectbox_test.xml,/wqxml/cmn/popup/idtcagSchlPopup.xml
/wqxml/usr/20aply/selectbox_test.xml,/wqxml/usr/aply/bizAplySttn_BIZ.xml
/wqxml/usr/20aply/bizDvr/budgetDvrSttn.xml,/wqxml/usr/20aply/bizDvr/budgetDvrSttnDetl.xml
/wqxml/usr/20aply/bizDvr/budgetDvrSttnDetl.xml,/wqxml/usr/20aply/bizDvr/budgetDvrSttn.xml
/wqxml/usr/20aply/bizDvr/budgetDvrSttnDetl_back.xml,/wqxml/usr/20aply/bizDvr/budgetDvrSttn.xml
/wqxml/usr/20aply/bizDvr/budgetDvrSttnIntro.xml,/wqxml/usr/20aply/bizDvr/budgetDvrSttn.xml
/wqxml/usr/20aply/bizofc/bizofcAplyDetl.xml,/wqxml/usr/20aply/bizofc/bizofcAplySttn.xml
/wqxml/usr/20aply/bizofc/bizofcAplySttn.xml,/wqxml/usr/20aply/bizofc/bizofcAplyDetl.xml
/wqxml/usr/20aply/cmn/bizAplyCltg.xml,/wqxml/usr/20aply/spclhs/spclhsBizAply.xml
/wqxml/usr/20aply/cmn/bizAplyCltg.xml,/wqxml/usr/20aply/techo/techoBizAply.xml
/wqxml/usr/20aply/cmn/bizAplyCltg.xml,/wqxml/usr/20aply/techo/techoBizAply_OLD.xml
/wqxml/usr/20aply/cmn/bizAplyCltg.xml,/wqxml/usr/20aply/cndept/cndeptBizAply.xml
/wqxml/usr/20aply/cmn/bizAplyCltg.xml,/wqxml/usr/20aply/edinsp/edinspBizAply.xml
/wqxml/usr/20aply/cmn/bizAplyCltg.xml,/wqxml/usr/20aply/edinsp/edinspBizAply_OLD.xml
/wqxml/usr/20aply/cmn/bizAplySttn.xml,/wqxml/usr/20aply/spclhs/spclhsBizAply.xml
/wqxml/usr/20aply/cmn/bizAplySttn.xml,/wqxml/usr/20aply/techo/techoBizAply.xml
/wqxml/usr/20aply/cmn/bizAplySttn.xml,/wqxml/usr/20aply/techo/techoBizAply_OLD.xml
/wqxml/usr/20aply/cmn/bizAplySttn.xml,/wqxml/usr/20aply/cndept/cndeptBizAply.xml
/wqxml/usr/20aply/cmn/bizAplySttn.xml,/wqxml/usr/20aply/edinsp/edinspBizAply.xml
/wqxml/usr/20aply/cmn/bizAplySttn.xml,/wqxml/usr/20aply/edinsp/edinspBizAply_OLD.xml
/wqxml/usr/20aply/cmn/bizSelSttn.xml,/wqxml/usr/20aply/cmn/bizBscsSttn.xml
/wqxml/usr/20aply/cmn/bizSelSttn.xml,/wqxml/usr/20aply/engg/techoEngg.xml
/wqxml/usr/20aply/cmn/bizSelSttn.xml,/wqxml/usr/20aply/engg/cndeptEngg.xml
/wqxml/usr/20aply/cmn/bizSelSttn.xml,/wqxml/usr/20aply/engg/edinspEngg.xml
/wqxml/usr/20aply/cmn/bizSelSttn.xml,/wqxml/usr/20aply/sbsd/sbsdAplySttn.xml
/wqxml/usr/20aply/cmn/bizSelSttn.xml,/wqxml/cmn/popup/certNoPopup.xml
/wqxml/usr/20aply/cmn/bizSelSttn.xml,/wqxml/usr/20aply/rptd/rptdSbmtSttn.xml
/wqxml/usr/20aply/cmn/bizSelSttn.xml,/wqxml/usr/20aply/cmn/trptCnttSttn.xml
/wqxml/usr/20aply/cmn/bizSelSttn.xml,/wqxml/usr/20aply/cmn/sprtMngSttn.xml
/wqxml/usr/20aply/cmn/bizSelSttn.xml,/wqxml/usr/20aply/cmn/stdnMngSttn.xml
/wqxml/usr/20aply/cmn/bizSelSttn.xml,/wqxml/usr/20aply/cmn/prgmPrgrSttn.xml
/wqxml/usr/20aply/cmn/bizSelSttn.xml,/wqxml/usr/20aply/spclhs/bestStdnSttn.xml
/wqxml/usr/20aply/cmn/dfmnAplyDetl.xml,/wqxml/usr/20aply/cmn/dfmnAplySttn.xml
/wqxml/usr/20aply/cmn/dfmnAplySttn.xml,/wqxml/usr/20aply/cmn/dfmnAplyDetl.xml
/wqxml/usr/20aply/cndept/cndeptBizAply.xml,/wqxml/usr/20aply/cmn/bizAplySttn.xml
/wqxml/usr/20aply/cndept/cndeptBizAply.xml,/wqxml/usr/20aply/cmn/bizAplyCltg.xml
/wqxml/usr/20aply/cndept/cndeptBudgetDvrSttn.xml,/wqxml/usr/20aply/cndept/cndeptBudgetDvrSttnDetl.xml
/wqxml/usr/20aply/cndept/cndeptBudgetDvrSttnDetl.xml,/wqxml/usr/20aply/cndept/cndeptBudgetDvrSttn.xml
/wqxml/usr/20aply/cndept/cndeptStdnMng.xml,/wqxml/usr/20aply/cndept/cndeptStdnMngDetl.xml
/wqxml/usr/20aply/cndept/cndeptStdnMng.xml,/wqxml/usr/20aply/cndept/addSchlPopup.xml
/wqxml/usr/20aply/cndept/cndeptStdnMngDetl.xml,/wqxml/usr/20aply/cndept/cndeptStdnMng.xml
/wqxml/usr/20aply/cndept/cndeptStdnMngDetl.xml,/wqxml/cmn/popup/insttCndeptPopup.xml
/wqxml/usr/20aply/cndept/cndeptStdnMngDetl.xml,/wqxml/usr/20aply/cndept/cndeptStdnMngHstInfoPopup.xml
/wqxml/usr/20aply/cndept/cndeptStdnMngDetl_Bak.xml,/wqxml/usr/20aply/cndept/cndeptStdnMng.xml
/wqxml/usr/20aply/cndept/cndeptStdnMngDetl_Bak.xml,/wqxml/cmn/popup/insttCndeptPopup.xml
/wqxml/usr/20aply/edinsp/edinspBizAply.xml,/wqxml/usr/20aply/cmn/bizAplySttn.xml
/wqxml/usr/20aply/edinsp/edinspBizAply.xml,/wqxml/usr/20aply/cmn/bizAplyCltg.xml
/wqxml/usr/20aply/edinsp/edinspBizAply_OLD.xml,/wqxml/usr/20aply/cmn/bizAplyCltg.xml
/wqxml/usr/20aply/edinsp/edinspBizAply_OLD.xml,/wqxml/usr/20aply/cmn/bizAplySttn.xml
/wqxml/usr/20aply/hssppl/hsspplAplyDetl.xml,/wqxml/usr/20aply/hssppl/hsspplAplySttn.xml
/wqxml/usr/20aply/hssppl/hsspplAplyDetl_2021.xml,/wqxml/usr/20aply/hssppl/hsspplAplySttn.xml
/wqxml/usr/20aply/hssppl/hsspplAplyDetl_2022.xml,/wqxml/usr/20aply/hssppl/hsspplAplySttn.xml
/wqxml/usr/20aply/hssppl/hsspplAplySttn.xml,/wqxml/usr/20aply/hssppl/hsspplAplyDetl_2022.xml
/wqxml/usr/20aply/hssppl/hsspplAplySttn.xml,/wqxml/usr/20aply/hssppl/hsspplAplyDetl_2021.xml
/wqxml/usr/20aply/hssppl/hsspplAplySttn.xml,/wqxml/usr/20aply/hssppl/hsspplAplyDetl.xml
/wqxml/usr/20aply/hssppl/hsspplAplySttn.xml,/wqxml/usr/20aply/hssppl/hsspplRcmndRegDropPopup.xml
/wqxml/usr/20aply/idtcag/bizAplyCltg_BIZ.xml,/wqxml/usr/20aply/idtcag/bizAplySttn_BIZ.xml
/wqxml/usr/20aply/idtcag/bizAplyCltg_BIZ.xml,/wqxml/usr/20aply/idtcag/idtcagBizAplyIntro.xml
/wqxml/usr/20aply/idtcag/bizAplySttn_BIZ.xml,/wqxml/adm/31idtcag/bizMng/idtcagBizAplySelfTest_2021_2.xml
/wqxml/usr/20aply/idtcag/bizAplySttn_BIZ.xml,"/wqxml/usr/20aply/idtcag/idtcagBizAplySelfTest_"" + sBSNS_YY + ""_user.xml"
/wqxml/usr/20aply/idtcag/bizAplySttn_BIZ.xml,"/wqxml/usr/20aply/idtcag/idtcagBizAply_"" + sBSNS_YY + "".xml"
/wqxml/usr/20aply/idtcag/bizAplySttn_BIZ.xml,/wqxml/usr/20aply/idtcag/idtcagBizAply_2021_2.xml
/wqxml/usr/20aply/idtcag/bizAplySttn_BIZ.xml,/wqxml/usr/20aply/idtcag/idtcagBizAply.xml
/wqxml/usr/20aply/idtcag/bizAplySttn_BIZ.xml,/wqxml/usr/20aply/idtcag/bizAplyCltg_BIZ.xml
/wqxml/usr/20aply/idtcag/idtcagBizAply.xml,/wqxml/usr/20aply/idtcag/idtcagPopup01.xml
/wqxml/usr/20aply/idtcag/idtcagBizAply.xml,/wqxml/usr/20aply/idtcag/idtcagPopup02.xml
/wqxml/usr/20aply/idtcag/idtcagBizAply.xml,/wqxml/usr/20aply/idtcag/bizAplyCltg_BIZ.xml
/wqxml/usr/20aply/idtcag/idtcagBizAply.xml,/wqxml/usr/20aply/idtcag/idtcagSmplDocPopup.xml
/wqxml/usr/20aply/idtcag/idtcagBizAply.xml,/wqxml/cmn/popup/stdIndustPopup.xml
/wqxml/usr/20aply/idtcag/idtcagBizAply.xml,/wqxml/usr/20aply/idtcag/idtcagBizAplySelfTest.xml
/wqxml/usr/20aply/idtcag/idtcagBizAply.xml,/wqxml/cmn/popup/schlPopup.xml
/wqxml/usr/20aply/idtcag/idtcagBizAplyIntro.xml,/wqxml/usr/20aply/idtcag/idtcagSmplDocPopup.xml
/wqxml/usr/20aply/idtcag/idtcagBizAplyIntro.xml,/wqxml/usr/20aply/idtcag/bizAplyCltg_BIZ.xml
/wqxml/usr/20aply/idtcag/idtcagBizAplyIntro.xml,/wqxml/usr/20aply/idtcag/bizAplySttn_BIZ.xml
/wqxml/usr/20aply/idtcag/idtcagBizAplyIntro.xml,"/wqxml/usr/20aply/idtcag/idtcagBizAply_""+ dc_Req01.get(""BSNS_YY"") +"".xml"
/wqxml/usr/20aply/idtcag/idtcagBizAplyIntro.xml,"/wqxml/usr/20aply/idtcag/idtcagBizAply_""+ dc_Req01.get(""BSNS_YY"") +""_2.xml"
/wqxml/usr/20aply/idtcag/idtcagBizAplyIntro.xml,/wqxml/usr/20aply/idtcag/idtcagBizAply.xml
/wqxml/usr/20aply/idtcag/idtcagBizAplyIntro.xml,/wqxml/cmn/popup/stdIndustPopup.xml
/wqxml/usr/20aply/idtcag/idtcagBizAply_2014.xml,/wqxml/usr/20aply/idtcag/idtcagPopup01.xml
/wqxml/usr/20aply/idtcag/idtcagBizAply_2014.xml,/wqxml/usr/20aply/idtcag/idtcagPopup02.xml
/wqxml/usr/20aply/idtcag/idtcagBizAply_2014.xml,/wqxml/usr/20aply/idtcag/bizAplyCltg_BIZ.xml
/wqxml/usr/20aply/idtcag/idtcagBizAply_2014.xml,/wqxml/usr/20aply/idtcag/idtcagSmplDocPopup.xml
/wqxml/usr/20aply/idtcag/idtcagBizAply_2014.xml,/wqxml/cmn/popup/stdIndustPopup.xml
/wqxml/usr/20aply/idtcag/idtcagBizAply_2014.xml,/wqxml/usr/20aply/idtcag/idtcagBizAplySelfTest.xml
/wqxml/usr/20aply/idtcag/idtcagBizAply_2014.xml,/wqxml/cmn/popup/schlPopup.xml
/wqxml/usr/20aply/idtcag/idtcagBizAply_2015.xml,/wqxml/usr/20aply/idtcag/idtcagPopup01.xml
/wqxml/usr/20aply/idtcag/idtcagBizAply_2015.xml,/wqxml/usr/20aply/idtcag/idtcagPopup02.xml
/wqxml/usr/20aply/idtcag/idtcagBizAply_2015.xml,/wqxml/usr/20aply/idtcag/bizAplyCltg_BIZ.xml
/wqxml/usr/20aply/idtcag/idtcagBizAply_2015.xml,/wqxml/usr/20aply/idtcag/idtcagSmplDocPopup.xml
/wqxml/usr/20aply/idtcag/idtcagBizAply_2015.xml,/wqxml/cmn/popup/stdIndustPopup.xml
/wqxml/usr/20aply/idtcag/idtcagBizAply_2015.xml,/wqxml/usr/20aply/idtcag/idtcagBizAplySelfTest_2015.xml
/wqxml/usr/20aply/idtcag/idtcagBizAply_2015.xml,/wqxml/cmn/popup/schlPopup.xml
/wqxml/usr/20aply/idtcag/idtcagBizAply_2016.xml,/wqxml/usr/20aply/idtcag/idtcagPopup01.xml
/wqxml/usr/20aply/idtcag/idtcagBizAply_2016.xml,/wqxml/usr/20aply/idtcag/idtcagPopup02.xml
/wqxml/usr/20aply/idtcag/idtcagBizAply_2016.xml,/wqxml/usr/20aply/idtcag/bizAplyCltg_BIZ.xml
/wqxml/usr/20aply/idtcag/idtcagBizAply_2016.xml,/wqxml/usr/20aply/idtcag/idtcagSmplDocPopup.xml
/wqxml/usr/20aply/idtcag/idtcagBizAply_2016.xml,/wqxml/cmn/popup/stdIndustPopup.xml
/wqxml/usr/20aply/idtcag/idtcagBizAply_2016.xml,/wqxml/usr/20aply/idtcag/idtcagBizAplySelfTest_2016.xml
/wqxml/usr/20aply/idtcag/idtcagBizAply_2016.xml,/wqxml/usr/20aply/idtcag/idtcagBizAplySelfTest_20160428.xml
/wqxml/usr/20aply/idtcag/idtcagBizAply_2016.xml,/wqxml/usr/20aply/idtcag/idtcagBizAplySelfTest_20160428m.xml
/wqxml/usr/20aply/idtcag/idtcagBizAply_2016.xml,/wqxml/usr/20aply/idtcag/idtcagBizAplySelfTestView_2016.xml
/wqxml/usr/20aply/idtcag/idtcagBizAply_2016.xml,/wqxml/usr/20aply/idtcag/idtcagBizAplySelfTestView_2016m.xml
/wqxml/usr/20aply/idtcag/idtcagBizAply_2016.xml,/wqxml/cmn/popup/idtcagSchlPopup.xml
/wqxml/usr/20aply/idtcag/idtcagBizAply_2016.xml,/wqxml/usr/20aply/idtcag/bizAplySttn_BIZ.xml
/wqxml/usr/20aply/idtcag/idtcagBizAply_2016_ie8.xml,/wqxml/usr/20aply/idtcag/idtcagPopup01.xml
/wqxml/usr/20aply/idtcag/idtcagBizAply_2016_ie8.xml,/wqxml/usr/20aply/idtcag/idtcagPopup02.xml
/wqxml/usr/20aply/idtcag/idtcagBizAply_2016_ie8.xml,/wqxml/usr/20aply/idtcag/bizAplyCltg_BIZ.xml
/wqxml/usr/20aply/idtcag/idtcagBizAply_2016_ie8.xml,/wqxml/usr/20aply/idtcag/idtcagSmplDocPopup.xml
/wqxml/usr/20aply/idtcag/idtcagBizAply_2016_ie8.xml,/wqxml/cmn/popup/stdIndustPopup.xml
/wqxml/usr/20aply/idtcag/idtcagBizAply_2016_ie8.xml,/wqxml/usr/20aply/idtcag/idtcagBizAplySelfTest_2016.xml
/wqxml/usr/20aply/idtcag/idtcagBizAply_2016_ie8.xml,/wqxml/usr/20aply/idtcag/idtcagBizAplySelfTest_20160428.xml
/wqxml/usr/20aply/idtcag/idtcagBizAply_2016_ie8.xml,/wqxml/usr/20aply/idtcag/idtcagBizAplySelfTest_20160428m.xml
/wqxml/usr/20aply/idtcag/idtcagBizAply_2016_ie8.xml,/wqxml/usr/20aply/idtcag/idtcagBizAplySelfTestView_2016.xml
/wqxml/usr/20aply/idtcag/idtcagBizAply_2016_ie8.xml,/wqxml/usr/20aply/idtcag/idtcagBizAplySelfTestView_2016m.xml
/wqxml/usr/20aply/idtcag/idtcagBizAply_2016_ie8.xml,/wqxml/cmn/popup/idtcagSchlPopup.xml
/wqxml/usr/20aply/idtcag/idtcagBizAply_2016_ie8.xml,/wqxml/usr/20aply/idtcag/bizAplySttn_BIZ.xml
/wqxml/usr/20aply/idtcag/idtcagBizAply_2017.xml,/wqxml/usr/20aply/idtcag/bizAplySttn_BIZ.xml
/wqxml/usr/20aply/idtcag/idtcagBizAply_2017.xml,/wqxml/usr/20aply/idtcag/idtcagPopup01.xml
/wqxml/usr/20aply/idtcag/idtcagBizAply_2017.xml,/wqxml/usr/20aply/idtcag/idtcagPopup02.xml
/wqxml/usr/20aply/idtcag/idtcagBizAply_2017.xml,/wqxml/usr/20aply/idtcag/bizAplyCltg_BIZ.xml
/wqxml/usr/20aply/idtcag/idtcagBizAply_2017.xml,/wqxml/usr/20aply/idtcag/idtcagSmplDocPopup.xml
/wqxml/usr/20aply/idtcag/idtcagBizAply_2017.xml,/wqxml/cmn/popup/stdIndustPopup.xml
/wqxml/usr/20aply/idtcag/idtcagBizAply_2017.xml,"/wqxml/usr/20aply/idtcag/idtcagBizAplySelfTest_"" + dc_Req01.get(""BSNS_YY"") + ""m.xml"
/wqxml/usr/20aply/idtcag/idtcagBizAply_2017.xml,"/wqxml/usr/20aply/idtcag/idtcagBizAplySelfTest_"" + dc_Req01.get(""BSNS_YY"") + "".xml"
/wqxml/usr/20aply/idtcag/idtcagBizAply_2017.xml,"/wqxml/usr/20aply/idtcag/idtcagBizAplySelfTestView_"" + dc_Req01.get(""BSNS_YY"") + ""m.xml"
/wqxml/usr/20aply/idtcag/idtcagBizAply_2017.xml,"/wqxml/usr/20aply/idtcag/idtcagBizAplySelfTestView_"" + dc_Req01.get(""BSNS_YY"") + "".xml"
/wqxml/usr/20aply/idtcag/idtcagBizAply_2017.xml,/wqxml/cmn/popup/idtcagSchlPopup.xml
/wqxml/usr/20aply/idtcag/idtcagBizAply_2017_ie8.xml,/wqxml/usr/20aply/idtcag/bizAplySttn_BIZ.xml
/wqxml/usr/20aply/idtcag/idtcagBizAply_2017_ie8.xml,/wqxml/usr/20aply/idtcag/idtcagPopup01.xml
/wqxml/usr/20aply/idtcag/idtcagBizAply_2017_ie8.xml,/wqxml/usr/20aply/idtcag/idtcagPopup02.xml
/wqxml/usr/20aply/idtcag/idtcagBizAply_2017_ie8.xml,/wqxml/usr/20aply/idtcag/bizAplyCltg_BIZ.xml
/wqxml/usr/20aply/idtcag/idtcagBizAply_2017_ie8.xml,/wqxml/usr/20aply/idtcag/idtcagSmplDocPopup.xml
/wqxml/usr/20aply/idtcag/idtcagBizAply_2017_ie8.xml,/wqxml/cmn/popup/stdIndustPopup.xml
/wqxml/usr/20aply/idtcag/idtcagBizAply_2017_ie8.xml,"/wqxml/usr/20aply/idtcag/idtcagBizAplySelfTest_"" + dc_Req01.get(""BSNS_YY"") + ""m.xml"
/wqxml/usr/20aply/idtcag/idtcagBizAply_2017_ie8.xml,"/wqxml/usr/20aply/idtcag/idtcagBizAplySelfTest_"" + dc_Req01.get(""BSNS_YY"") + "".xml"
/wqxml/usr/20aply/idtcag/idtcagBizAply_2017_ie8.xml,"/wqxml/usr/20aply/idtcag/idtcagBizAplySelfTestView_"" + dc_Req01.get(""BSNS_YY"") + ""m.xml"
/wqxml/usr/20aply/idtcag/idtcagBizAply_2017_ie8.xml,"/wqxml/usr/20aply/idtcag/idtcagBizAplySelfTestView_"" + dc_Req01.get(""BSNS_YY"") + "".xml"
/wqxml/usr/20aply/idtcag/idtcagBizAply_2017_ie8.xml,/wqxml/cmn/popup/idtcagSchlPopup.xml
/wqxml/usr/20aply/idtcag/idtcagBizAply_2018.xml,/wqxml/usr/20aply/idtcag/idtcagIndPopup.xml
/wqxml/usr/20aply/idtcag/idtcagBizAply_2018.xml,/wqxml/usr/20aply/idtcag/idtcagPopup01.xml
/wqxml/usr/20aply/idtcag/idtcagBizAply_2018.xml,/wqxml/usr/20aply/idtcag/idtcagPopup02.xml
/wqxml/usr/20aply/idtcag/idtcagBizAply_2018.xml,/wqxml/usr/20aply/idtcag/bizAplyCltg_BIZ.xml
/wqxml/usr/20aply/idtcag/idtcagBizAply_2018.xml,/wqxml/usr/20aply/idtcag/idtcagSmplDocPopup.xml
/wqxml/usr/20aply/idtcag/idtcagBizAply_2018.xml,/wqxml/cmn/popup/stdIndustPopup.xml
/wqxml/usr/20aply/idtcag/idtcagBizAply_2018.xml,"/wqxml/usr/20aply/idtcag/idtcagBizAplySelfTest_"" + dc_Req01.get(""BSNS_YY"") + ""m.xml"
/wqxml/usr/20aply/idtcag/idtcagBizAply_2018.xml,"/wqxml/usr/20aply/idtcag/idtcagBizAplySelfTest_"" + dc_Req01.get(""BSNS_YY"") + "".xml"
/wqxml/usr/20aply/idtcag/idtcagBizAply_2018.xml,"/wqxml/usr/20aply/idtcag/idtcagBizAplySelfTestView_"" + dc_Req01.get(""BSNS_YY"") + ""m.xml"
/wqxml/usr/20aply/idtcag/idtcagBizAply_2018.xml,"/wqxml/usr/20aply/idtcag/idtcagBizAplySelfTestView_"" + dc_Req01.get(""BSNS_YY"") + "".xml"
/wqxml/usr/20aply/idtcag/idtcagBizAply_2018.xml,/wqxml/usr/20aply/idtcag/bizAplySttn_BIZ.xml
/wqxml/usr/20aply/idtcag/idtcagBizAply_2018.xml,/wqxml/cmn/popup/idtcagSchlPopup.xml
/wqxml/usr/20aply/idtcag/idtcagBizAply_2019.xml,/wqxml/usr/20aply/idtcag/bizAplyCltg_BIZ.xml
/wqxml/usr/20aply/idtcag/idtcagBizAply_2019.xml,/wqxml/usr/20aply/idtcag/idtcagSmplDocPopup.xml
/wqxml/usr/20aply/idtcag/idtcagBizAply_2019.xml,/wqxml/cmn/popup/stdIndustPopup.xml
/wqxml/usr/20aply/idtcag/idtcagBizAply_2019.xml,/wqxml/usr/20aply/idtcag/bizAplySttn_BIZ.xml
/wqxml/usr/20aply/idtcag/idtcagBizAply_2019.xml,/wqxml/cmn/popup/idtcagSchlPopup.xml
/wqxml/usr/20aply/idtcag/idtcagBizAply_2019.xml,/wqxml/cmn/popup/aplyPrintPopup.xml
/wqxml/usr/20aply/idtcag/idtcagBizAply_2020.xml,/wqxml/usr/20aply/idtcag/bizAplySttn_BIZ.xml
/wqxml/usr/20aply/idtcag/idtcagBizAply_2020.xml,/wqxml/usr/20aply/idtcag/idtcagSmplDocPopup.xml
/wqxml/usr/20aply/idtcag/idtcagBizAply_2020.xml,/wqxml/cmn/popup/stdIndustPopup.xml
/wqxml/usr/20aply/idtcag/idtcagBizAply_2020.xml,/wqxml/cmn/popup/idtcagSchlPopup.xml
/wqxml/usr/20aply/idtcag/idtcagBizAply_2020.xml,/wqxml/cmn/popup/aplyPrintPopup.xml
/wqxml/usr/20aply/idtcag/idtcagBizAply_2021.xml,/wqxml/usr/20aply/idtcag/bizAplySttn_BIZ.xml
/wqxml/usr/20aply/idtcag/idtcagBizAply_2021.xml,/wqxml/usr/20aply/idtcag/idtcagSmplDocPopup.xml
/wqxml/usr/20aply/idtcag/idtcagBizAply_2021.xml,/wqxml/cmn/popup/stdIndustPopup.xml
/wqxml/usr/20aply/idtcag/idtcagBizAply_2021.xml,/wqxml/cmn/popup/idtcagSchlPopup.xml
/wqxml/usr/20aply/idtcag/idtcagBizAply_2021.xml,/wqxml/cmn/popup/aplyPrintPopup.xml
/wqxml/usr/20aply/idtcag/idtcagBizAply_2021_2.xml,/wqxml/usr/20aply/idtcag/bizAplySttn_BIZ.xml
/wqxml/usr/20aply/idtcag/idtcagBizAply_2021_2.xml,/wqxml/usr/20aply/idtcag/idtcagSmplDocPopup.xml
/wqxml/usr/20aply/idtcag/idtcagBizAply_2021_2.xml,/wqxml/cmn/popup/stdIndustPopup.xml
/wqxml/usr/20aply/idtcag/idtcagBizAply_2021_2.xml,/wqxml/cmn/popup/idtcagSchlPopup.xml
/wqxml/usr/20aply/idtcag/idtcagBizAply_2021_2.xml,/wqxml/cmn/popup/aplyPrintPopup.xml
/wqxml/usr/20aply/idtcag/idtcagBizAply_2022.xml,/wqxml/usr/20aply/idtcag/bizAplySttn_BIZ.xml
/wqxml/usr/20aply/idtcag/idtcagBizAply_2022.xml,/wqxml/usr/20aply/idtcag/idtcagSmplDocPopup.xml
/wqxml/usr/20aply/idtcag/idtcagBizAply_2022.xml,/wqxml/cmn/popup/stdIndustPopup.xml
/wqxml/usr/20aply/idtcag/idtcagBizAply_2022.xml,/wqxml/cmn/popup/idtcagSchlPopup.xml
/wqxml/usr/20aply/idtcag/idtcagBizAply_2023.xml,/wqxml/usr/20aply/idtcag/bizAplySttn_BIZ.xml
/wqxml/usr/20aply/idtcag/idtcagBizAply_2023.xml,/wqxml/usr/20aply/idtcag/idtcagSmplDocPopup.xml
/wqxml/usr/20aply/idtcag/idtcagBizAply_2023.xml,/wqxml/cmn/popup/stdIndustPopup.xml
/wqxml/usr/20aply/idtcag/idtcagBizAply_2023.xml,/wqxml/cmn/popup/idtcagSchlPopup.xml
/wqxml/usr/20aply/schlNws/schlNwsDetl.xml,/wqxml/usr/20aply/schlNws/schlNwsSttn.xml
/wqxml/usr/20aply/schlNws/schlNwsDetl.xml,/wqxml/usr/20aply/schlNws/schlNwsDetlUdt.xml
/wqxml/usr/20aply/schlNws/schlNwsDetlUdt.xml,/wqxml/usr/20aply/schlNws/schlNwsDetl.xml
/wqxml/usr/20aply/schlNws/schlNwsDetlUdt.xml,/wqxml/usr/20aply/schlNws/schlNwsSttn.xml
/wqxml/usr/20aply/schlNws/schlNwsSave.xml,/wqxml/usr/20aply/schlNws/schlNwsSttn.xml
/wqxml/usr/20aply/schlNws/schlNwsSttn.xml,/wqxml/usr/20aply/schlNws/schlNwsSave.xml
/wqxml/usr/20aply/schlNws/schlNwsSttn.xml,/wqxml/usr/20aply/schlNws/schlNwsDetl.xml
/wqxml/usr/20aply/smebsc/bscAplySttn.xml,/wqxml/usr/20aply/smebsc/bscBizDignsPrintPopup.xml
/wqxml/usr/20aply/smebsc/bscAplySttn.xml,/wqxml/usr/20aply/smebsc/bscBizDignsPopup.xml
/wqxml/usr/20aply/smebsc/bscAplySttn_bak.xml,/wqxml/usr/aply/smebsc/bscCnfrmPrintPopup.xml
/wqxml/usr/20aply/smebsc/bscAplySttn_bak.xml,/wqxml/usr/aply/smebsc/bscBizAplyInfo.xml
/wqxml/usr/20aply/smebsc/bscBizAplyInfo.xml,/wqxml/usr/20aply/smebsc/bscBizSttn.xml
/wqxml/usr/20aply/smebsc/bscBizAplyInfo.xml,/wqxml/usr/20aply/smebsc/bscSmplDocPopup.xml
/wqxml/usr/20aply/smebsc/bscBizAplyInfo.xml,/wqxml/usr/20aply/smebsc/bscAplySttn.xml
/wqxml/usr/20aply/smebsc/bscBizAplyInfo.xml,/wqxml/usr/20aply/smebsc/bscBizAplyPopup.xml
/wqxml/usr/20aply/smebsc/bscBizAplyPop_bak.xml,/wqxml/usr/aply/smebsc/bscAplyPrintPopup.xml
/wqxml/usr/20aply/smebsc/bscBizAplyPop_bak2.xml,/wqxml/usr/aply/smebsc/bscAplyPrintPopup.xml
/wqxml/usr/20aply/smebsc/bscBizAplyStart.xml,/wqxml/usr/20aply/smebsc/bscBizSttn.xml
/wqxml/usr/20aply/smebsc/bscBizAplyStart.xml,/wqxml/usr/20aply/smebsc/bscBizAplyInfo.xml
/wqxml/usr/20aply/smebsc/bscBizView.xml,/wqxml/usr/20aply/smebsc/bscAplyPrintPopup.xml
/wqxml/usr/20aply/smebsc/bscCnfrmnReqst.xml,/wqxml/usr/20aply/smebsc/bscCnfrmnReqstView.xml
/wqxml/usr/20aply/smebsc/bscCnfrmnReqstView.xml,/wqxml/usr/20aply/smebsc/bscCnfrmnReqst.xml
/wqxml/usr/20aply/smebsc/bscFutureReqstList.xml,/wqxml/usr/20aply/smebsc/bscFutureReqstView.xml
/wqxml/usr/20aply/smebsc/bscFutureReqstList.xml,/wqxml/usr/20aply/smebsc/hmpgIssPopup.xml
/wqxml/usr/20aply/smebsc/bscFutureReqstList.xml,/wqxml/usr/20aply/smebsc/bscFutureSmplDocPopup.xml
/wqxml/usr/20aply/smebsc/bscFutureReqstView.xml,/wqxml/usr/20aply/smebsc/bscFutureReqstList.xml
/wqxml/usr/20aply/smebsc/bscFutureReqstView.xml,/wqxml/usr/20aply/smebsc/bscFutureReqstView.xml
/wqxml/usr/20aply/smebsc/bscIndcReqstList.xml,/wqxml/usr/20aply/smebsc/bscIndcReqstView.xml
/wqxml/usr/20aply/smebsc/bscIndcReqstList.xml,/wqxml/usr/20aply/smebsc/hmpgIssPopup.xml
/wqxml/usr/20aply/smebsc/bscIndcReqstList.xml,/wqxml/usr/20aply/smebsc/bscIndcSmplDocPopup.xml
/wqxml/usr/20aply/smebsc/bscIndcReqstView.xml,/wqxml/usr/20aply/smebsc/bscIndcReqstList.xml
/wqxml/usr/20aply/smebsc/bscIndcReqstView.xml,/wqxml/usr/20aply/smebsc/bscIndcReqstView.xml
/wqxml/usr/20aply/smehrd/hrdAplyInqr.xml,/wqxml/usr/20aply/smehrd/hrdBizAplyDetl_2022.xml
/wqxml/usr/20aply/smehrd/hrdAplyInqr.xml,/wqxml/usr/20aply/smehrd/hrdBizAplyDetl.xml
/wqxml/usr/20aply/smehrd/hrdBizAply.xml,/wqxml/usr/20aply/smehrd/hrdBizSttn.xml
/wqxml/usr/20aply/smehrd/hrdBizAply.xml,/wqxml/usr/20aply/smehrd/hrdSmplDocPopup.xml
/wqxml/usr/20aply/smehrd/hrdBizAply.xml,/wqxml/usr/20aply/smehrd/hrdAplyInqr.xml
/wqxml/usr/20aply/smehrd/hrdBizAplyDetl.xml,/wqxml/usr/20aply/smehrd/hrdBizSttn.xml
/wqxml/usr/20aply/smehrd/hrdBizAplyDetl.xml,/wqxml/usr/20aply/smehrd/hrdSmplDocPopup.xml
/wqxml/usr/20aply/smehrd/hrdBizAplyDetl.xml,/wqxml/usr/20aply/smehrd/hrdAplyInqr.xml
/wqxml/usr/20aply/smehrd/hrdBizAplyDetl_2022.xml,/wqxml/usr/20aply/smehrd/hrdBizSttn.xml
/wqxml/usr/20aply/smehrd/hrdBizAplyDetl_2022.xml,/wqxml/usr/20aply/smehrd/hrdSmplDocPopup.xml
/wqxml/usr/20aply/smehrd/hrdBizAplyDetl_2022.xml,/wqxml/cmn/popup/cmnMnlDownPopup.xml
/wqxml/usr/20aply/smehrd/hrdBizAplyDetl_2022.xml,/wqxml/usr/20aply/smehrd/hrdAplyInqr.xml
/wqxml/usr/20aply/smehrd/hrdBizAplyIntro.xml,/wqxml/usr/20aply/smehrd/hrdSmplDocPopup.xml
/wqxml/usr/20aply/smehrd/hrdBizAplyIntro.xml,/wqxml/usr/20aply/smehrd/hrdBizSttn.xml
/wqxml/usr/20aply/smehrd/hrdBizAplyIntro.xml,/wqxml/usr/20aply/smehrd/hrdBizAplyDetl.xml
/wqxml/usr/20aply/smehrd/hrdBizAplyStart.xml,/wqxml/usr/20aply/smehrd/hrdSmplDocPopup.xml
/wqxml/usr/20aply/smehrd/hrdBizAplyStart.xml,/wqxml/usr/20aply/smehrd/hrdBizSttn.xml
/wqxml/usr/20aply/smehrd/hrdBizAplyStart.xml,/wqxml/usr/20aply/smehrd/hrdBizAplyDetl_2022.xml
/wqxml/usr/20aply/smehrd/hrdBizAplyTable.xml,/wqxml/usr/20aply/smehrd/hrdBizSttn.xml
/wqxml/usr/20aply/smehrd/hrdBizAplyTable.xml,/wqxml/usr/20aply/smehrd/hrdSmplDocPopup.xml
/wqxml/usr/20aply/smehrd/hrdBizAplyTable.xml,/wqxml/cmn/popup/stdIndustPopup.xml
/wqxml/usr/20aply/smehrd/hrdBizAplyTable.xml,/wqxml/usr/20aply/smehrd/hrdAplyInqr.xml
/wqxml/usr/20aply/smehrd/hrdBizSttn.xml,/wqxml/usr/20aply/smehrd/hrdBizAplyStart.xml
/wqxml/usr/20aply/smehrd/hrdBizSttn.xml,/wqxml/usr/20aply/smehrd/hrdBizAplyDetl_2022.xml
/wqxml/usr/20aply/spclhs/bizPrtcInsnCltg.xml,/wqxml/cmn/popup/idtcagBizSelfTestPopup.xml
/wqxml/usr/20aply/spclhs/bizPrtcInsnCltg.xml,/wqxml/usr/20aply/spclhs/bizPrtcInsnDetl.xml
/wqxml/usr/20aply/spclhs/bizPrtcInsnCltg.xml,/wqxml/usr/20aply/spclhs/bizPrtcInsnView.xml
/wqxml/usr/20aply/spclhs/bizPrtcInsnDetl.xml,/wqxml/usr/20aply/spclhs/bizPrtcInsnSttn.xml
/wqxml/usr/20aply/spclhs/bizPrtcInsnDetl.xml,/wqxml/cmn/popup/schlPopup.xml
/wqxml/usr/20aply/spclhs/bizPrtcInsnDetl.xml,/wqxml/usr/20aply/spclhs/bizPrtcInsnList.xml
/wqxml/usr/20aply/spclhs/bizPrtcInsnList.xml,/wqxml/usr/20aply/spclhs/bizPrtcInsnInfo.xml
/wqxml/usr/20aply/spclhs/bizPrtcInsnSttn.xml,/wqxml/cmn/popup/idtcagBizSelfTestPopup.xml
/wqxml/usr/20aply/spclhs/bizPrtcInsnSttn.xml,/wqxml/usr/20aply/spclhs/bizPrtcInsnDetl.xml
/wqxml/usr/20aply/spclhs/jobSchlReg.xml,/wqxml/usr/20aply/spclhs/jobSchlSttn.xml
/wqxml/usr/20aply/spclhs/jobSchlSttn.xml,/wqxml/usr/20aply/spclhs/jobSchlReg.xml
/wqxml/usr/20aply/spclhs/jobStdnReg.xml,/wqxml/cmn/popup/insttPoolPopup.xml
/wqxml/usr/20aply/spclhs/jobStdnSttn.xml,/wqxml/usr/20aply/spclhs/jobStdnReg.xml
/wqxml/usr/20aply/spclhs/smehrdEqpmnMngSttn.xml,/wqxml/usr/20aply/spclhs/smehrdEqpmnMngReg.xml
/wqxml/usr/20aply/spclhs/spclhsBizAply.xml,/wqxml/usr/20aply/cmn/bizAplySttn.xml
/wqxml/usr/20aply/spclhs/spclhsBizAply.xml,/wqxml/usr/20aply/cmn/bizAplyCltg.xml
/wqxml/usr/20aply/techo/techCntCmp.xml,/wqxml/usr/20aply/techo/techStdnMng.xml
/wqxml/usr/20aply/techo/techCntCmp.xml,/wqxml/usr/20aply/techo/techCntCmpDetl.xml
/wqxml/usr/20aply/techo/techCntCmp.xml,/wqxml/cmn/popup/insttPoolPopupTech.xml
/wqxml/usr/20aply/techo/techoBizAply.xml,/wqxml/usr/20aply/cmn/bizAplySttn.xml
/wqxml/usr/20aply/techo/techoBizAply.xml,/wqxml/usr/20aply/cmn/bizAplyCltg.xml
/wqxml/usr/20aply/techo/techoBizAply_OLD.xml,/wqxml/usr/20aply/cmn/bizAplyCltg.xml
/wqxml/usr/20aply/techo/techoBizAply_OLD.xml,/wqxml/usr/20aply/cmn/bizAplySttn.xml
/wqxml/usr/20aply/techo/techoBizAply_OLD.xml,/wqxml/usr/20aply/techo/techoSpclhsPopup.xml
/wqxml/usr/20aply/techo/techoBudgetDvrSttn.xml,/wqxml/usr/20aply/techo/techoBudgetDvrSttnDetl.xml
/wqxml/usr/20aply/techo/techoBudgetDvrSttnDetl.xml,/wqxml/usr/20aply/cndept/cndeptBudgetDvrSttn.xml
/wqxml/usr/20aply/techo/techoBudgetDvrSttnDetl.xml,/wqxml/usr/20aply/techo/techoBudgetDvrSttn.xml
/wqxml/usr/20aply/techo/techoStdMngDetl.xml,/wqxml/usr/20aply/techo/techStdnMng.xml
/wqxml/usr/20aply/techo/techoStdMngDetl.xml,/wqxml/cmn/popup/techSphsPoolPopup.xml
/wqxml/usr/20aply/techo/techoStdMngDetl.xml,/wqxml/cmn/popup/insttPoolPopupAgr.xml
/wqxml/usr/20aply/techo/techPrtInfo.xml,/wqxml/usr/20aply/techo/techStdnMng.xml
/wqxml/usr/20aply/techo/techStdnMng.xml,/wqxml/usr/20aply/techo/techoStdMngDetl.xml
/wqxml/usr/20aply/techo/techStdnMng.xml,/wqxml/usr/20aply/techo/techPrtInfo.xml
/wqxml/usr/20aply/techo/techStdnMng.xml,/wqxml/usr/20aply/techo/techCntCmp.xml
/wqxml/usr/20aply/techo/techStdnMng.xml,/wqxml/usr/20aply/techo/techStdnStatInfo.xml
/wqxml/usr/20aply/techo/techStdnStatInfo.xml,/wqxml/usr/20aply/techo/techStdnMng.xml
/wqxml/usr/30wfsCntr/wfsCnslReg.xml,/wqxml/usr/30wfsCntr/wfsJbofAply.xml
/wqxml/usr/30wfsCntr/wfsCnslRegPopup.xml,/wqxml/usr/30wfsCntr/wfsJbofAply.xml
/wqxml/usr/30wfsCntr/wfsCnslRegPopup.xml,/wqxml/usr/30wfsCntr/wfsJbofAplyPopup.xml
/wqxml/usr/30wfsCntr/wfsJbofAply.xml,/wqxml/usr/30wfsCntr/wfsCnslReg.xml
/wqxml/usr/30wfsCntr/wfsJbofAply.xml,/wqxml/usr/30wfsCntr/wfsJbofEnpInfo.xml
/wqxml/usr/30wfsCntr/wfsJbofAply.xml,/wqxml/usr/30wfsCntr/wfsJbofPrgrSttn.xml
/wqxml/usr/30wfsCntr/wfsJbofAplyPopup.xml,/wqxml/usr/30wfsCntr/wfsCnslReg.xml
/wqxml/usr/30wfsCntr/wfsJbofAplyPopup.xml,/wqxml/usr/30wfsCntr/wfsCnslRegPopup.xml
/wqxml/usr/40anns/bizNotc/bizNotc.xml,/wqxml/usr/40anns/bizNotc/bizNotcDetl.xml
/wqxml/usr/40anns/bizNotc/bizNotc.xml,/wqxml/usr/40anns/bizNotc/bizNotcSave.xml
/wqxml/usr/40anns/bizNotc/bizNotcDetl.xml,/wqxml/usr/40anns/bizNotc/bizNotc.xml
/wqxml/usr/40anns/bizNotc/bizNotcDetl.xml,/wqxml/usr/40anns/bizNotc/bizNotcDetl.xml
/wqxml/usr/40anns/bizNotc/bizNotcDetl.xml,/wqxml/usr/40anns/bizNotc/bizNotcDetlUdt.xml
/wqxml/usr/40anns/bizNotc/bizNotcDetlUdt.xml,/wqxml/usr/40anns/bizNotc/bizNotc.xml
/wqxml/usr/40anns/bizNotc/bizNotcSave.xml,/wqxml/usr/40anns/bizNotc/bizNotc.xml
/wqxml/usr/40anns/bizNotc/hsspplCltgDetl.xml,/wqxml/usr/40anns/bizNotc/hsspplCltgSttn.xml
/wqxml/usr/40anns/bizNotc/hsspplCltgDetl.xml,/wqxml/usr/40anns/bizNotc/hsspplCltgDetl.xml
/wqxml/usr/40anns/bizNotc/hsspplCltgDetl.xml,/wqxml/usr/99mbr/mbrCert.xml
/wqxml/usr/40anns/bizNotc/hsspplCltgDetl.xml,/wqxml/usr/20aply/hssppl/hsspplAplyDetl_2022.xml
/wqxml/usr/40anns/bizNotc/hsspplCltgDetl.xml,/wqxml/usr/20aply/hssppl/hsspplAplyDetl_2021.xml
/wqxml/usr/40anns/bizNotc/hsspplCltgDetl.xml,/wqxml/usr/20aply/hssppl/hsspplAplyDetl.xml
/wqxml/usr/40anns/bizNotc/hsspplCltgSttn.xml,/wqxml/usr/40anns/bizNotc/hsspplCltgDetl.xml
/wqxml/usr/40anns/ntfyMtr/ntfyMtr.xml,/wqxml/usr/40anns/ntfyMtr/ntfyMtrDetl.xml
/wqxml/usr/40anns/ntfyMtr/ntfyMtr.xml,/wqxml/usr/40anns/ntfyMtr/ntfyMtrSave.xml
/wqxml/usr/40anns/ntfyMtr/ntfyMtrDetl.xml,/wqxml/usr/40anns/ntfyMtr/ntfyMtr.xml
/wqxml/usr/40anns/ntfyMtr/ntfyMtrDetl.xml,/wqxml/usr/40anns/ntfyMtr/ntfyMtrDetl.xml
/wqxml/usr/40anns/ntfyMtr/ntfyMtrDetl.xml,/wqxml/usr/40anns/ntfyMtr/ntfyMtrDetlUdt.xml
/wqxml/usr/40anns/ntfyMtr/ntfyMtrDetlUdt.xml,/wqxml/usr/40anns/ntfyMtr/ntfyMtr.xml
/wqxml/usr/40anns/ntfyMtr/ntfyMtrSave.xml,/wqxml/usr/40anns/ntfyMtr/ntfyMtr.xml
/wqxml/usr/40anns/nwsItm/nwsItm.xml,/wqxml/usr/40anns/nwsItm/nwsItmDetl.xml
/wqxml/usr/40anns/nwsItm/nwsItm.xml,/wqxml/usr/40anns/nwsItm/nwsItmSave.xml
/wqxml/usr/40anns/nwsItm/nwsItmDetl.xml,/wqxml/usr/40anns/nwsItm/nwsItm.xml
/wqxml/usr/40anns/nwsItm/nwsItmDetl.xml,/wqxml/usr/40anns/nwsItm/nwsItmDetlUdt.xml
/wqxml/usr/40anns/nwsItm/nwsItmDetl.xml,/wqxml/usr/40anns/nwsItm/nwsItmDetl.xml
/wqxml/usr/40anns/nwsItm/nwsItmDetlUdt.xml,/wqxml/usr/40anns/nwsItm/nwsItm.xml
/wqxml/usr/40anns/nwsItm/nwsItmSave.xml,/wqxml/usr/40anns/nwsItm/nwsItm.xml
/wqxml/usr/50info/manpowerOrgList.xml,/wqxml/cmn/popup/orgMapPopup.xml
/wqxml/usr/50info/unitySearchList.xml,/wqxml/usr/60prtc/faq/faqAdminList.xml
/wqxml/usr/50info/unitySearchList.xml,/wqxml/usr/60prtc/qa/qaAdminDetl.xml
/wqxml/usr/50info/unitySearchList.xml,/wqxml/usr/60prtc/faq/faqDetl.xml
/wqxml/usr/50info/unitySearchList.xml,/wqxml/usr/40anns/ntfyMtr/ntfyMtr.xml
/wqxml/usr/50info/unitySearchList.xml,/wqxml/usr/40anns/ntfyMtr/ntfyMtrDetl.xml
/wqxml/usr/50info/unitySearchList.xml,/wqxml/usr/50info/prusInfo/prusInfoSttn.xml
/wqxml/usr/50info/unitySearchList.xml,/wqxml/usr/50info/prusInfo/prusInfoDetl.xml
/wqxml/usr/50info/unitySearchList.xml,/wqxml/usr/60prtc/qa/qaSttn.xml
/wqxml/usr/50info/unitySearchList.xml,/wqxml/usr/40anns/bizNotc/bizNotc.xml
/wqxml/usr/50info/unitySearchList.xml,/wqxml/usr/40anns/bizNotc/bizNotcDetl.xml
/wqxml/usr/50info/unitySearchList.xml,/wqxml/usr/40anns/nwsItm/nwsItm.xml
/wqxml/usr/50info/unitySearchList.xml,/wqxml/usr/40anns/nwsItm/nwsItmDetl.xml
/wqxml/usr/50info/unitySearchList.xml,/wqxml/usr/50info/sprrCase/sprrCaseSttn.xml
/wqxml/usr/50info/unitySearchList.xml,/wqxml/usr/50info/sprrCase/sprrCaseDetl.xml
/wqxml/usr/50info/unitySearchList.xml,/wqxml/usr/50info/frmt/frmtSttn.xml
/wqxml/usr/50info/unitySearchList.xml,/wqxml/usr/50info/frmt/frmtDetl.xml
/wqxml/usr/50info/eduPrgm/clbySchlEduPrgmDetl.xml,/wqxml/usr/50info/eduPrgm/clbySchlEduPrgm.xml
/wqxml/usr/50info/eduPrgm/clbySchlEduPrgmDetl.xml,/wqxml/usr/50info/eduPrgm/clbySchlEduPrgmDetl.xml
/wqxml/usr/50info/eduPrgm/clbySchlEduPrgmDetl.xml,/wqxml/usr/50info/eduPrgm/clbySchlEduPrgmDetlUdt.xml
/wqxml/usr/50info/eduPrgm/clbySchlEduPrgmDetlUdt.xml,/wqxml/usr/50info/eduPrgm/clbySchlEduPrgm.xml
/wqxml/usr/50info/eduPrgm/clbySchlEduPrgmSave.xml,/wqxml/usr/50info/eduPrgm/clbySchlEduPrgm.xml
/wqxml/usr/50info/frmt/frmtDetl.xml,/wqxml/usr/50info/frmt/frmtSttn.xml
/wqxml/usr/50info/frmt/frmtDetl.xml,/wqxml/usr/50info/frmt/frmtDetl.xml
/wqxml/usr/50info/frmt/frmtDetl.xml,/wqxml/usr/50info/frmt/frmtDetlUdt.xml
/wqxml/usr/50info/frmt/frmtDetlUdt.xml,/wqxml/usr/50info/frmt/frmtSttn.xml
/wqxml/usr/50info/frmt/frmtSttn.xml,/wqxml/usr/50info/frmt/frmtDetl.xml
/wqxml/usr/50info/frmt/frmtSttn.xml,/wqxml/usr/50info/frmt/frmtSttnSave.xml
/wqxml/usr/50info/frmt/frmtSttnSave.xml,/wqxml/usr/50info/frmt/frmtSttn.xml
/wqxml/usr/50info/prtcSchl/prtcSchlSttn.xml,/wqxml/usr/20aply/spclhs/jobSchlReg.xml
/wqxml/usr/50info/prtcSchl/prtcSchlSttn.xml,/wqxml/usr/50info/prtcSchl/prtcSchlCndeptReg.xml
/wqxml/usr/50info/prtcSchl/prtcSchlSttn.xml,/wqxml/usr/50info/prtcSchl/prtcSchlTechoReg.xml
/wqxml/usr/50info/prtcSchl/prtcSchlSttn.xml,/wqxml/usr/50info/prtcSchl/prtcSchlEdinspReg.xml
/wqxml/usr/50info/prusInfo/prusInfoDetl.xml,/wqxml/usr/50info/prusInfo/prusInfoSttn.xml
/wqxml/usr/50info/prusInfo/prusInfoDetl.xml,/wqxml/usr/50info/prusInfo/prusInfoDetl.xml
/wqxml/usr/50info/prusInfo/prusInfoDetl.xml,/wqxml/usr/50info/prusInfo/prusInfoDetlUdt.xml
/wqxml/usr/50info/prusInfo/prusInfoDetlUdt.xml,/wqxml/usr/50info/prusInfo/prusInfoSttn.xml
/wqxml/usr/50info/prusInfo/prusInfoSave.xml,/wqxml/usr/50info/prusInfo/prusInfoSttn.xml
/wqxml/usr/50info/prusInfo/prusInfoSttn.xml,/wqxml/usr/50info/prusInfo/prusInfoDetl.xml
/wqxml/usr/50info/prusInfo/prusInfoSttn.xml,/wqxml/usr/50info/prusInfo/prusInfoSave.xml
/wqxml/usr/50info/schlNws/schlNws.xml,/wqxml/usr/50info/schlNws/schlNwsDetl.xml
/wqxml/usr/50info/schlNws/schlNwsDetl.xml,/wqxml/usr/50info/schlNws/schlNws.xml
/wqxml/usr/50info/schlNws/schlNwsDetl.xml,/wqxml/usr/50info/schlNws/schlNwsDetl.xml
/wqxml/usr/50info/sprrCase/sprrCaseDetl.xml,/wqxml/usr/50info/sprrCase/sprrCaseSttn.xml
/wqxml/usr/50info/sprrCase/sprrCaseDetl.xml,/wqxml/usr/50info/sprrCase/sprrCaseDetl.xml
/wqxml/usr/50info/sprrCase/sprrCaseDetl.xml,/wqxml/usr/50info/sprrCase/sprrCaseDetlUdt.xml
/wqxml/usr/50info/sprrCase/sprrCaseDetlUdt.xml,/wqxml/usr/50info/sprrCase/sprrCaseSttn.xml
/wqxml/usr/50info/sprrCase/sprrCaseSave.xml,/wqxml/usr/50info/sprrCase/sprrCaseSttn.xml
/wqxml/usr/50info/sprrCase/sprrCaseSttn.xml,/wqxml/usr/50info/sprrCase/sprrCaseDetl.xml
/wqxml/usr/50info/sprrCase/sprrCaseSttn.xml,/wqxml/usr/50info/sprrCase/sprrCaseSave.xml
/wqxml/usr/60prtc/faq/faqAdminList.xml,/wqxml/usr/60prtc/faq/faqDetl.xml
/wqxml/usr/60prtc/faq/faqAdminList.xml,/wqxml/usr/60prtc/faq/faqSave.xml
/wqxml/usr/60prtc/faq/faqDetl.xml,/wqxml/usr/60prtc/faq/faqAdminList.xml
/wqxml/usr/60prtc/faq/faqSave.xml,/wqxml/usr/60prtc/faq/faqSttn.xml
/wqxml/usr/60prtc/faq/faqSttn.xml,/wqxml/usr/60prtc/faq/faqSave.xml
/wqxml/usr/60prtc/ooQstn/ooQstnCl.xml,/wqxml/usr/60prtc/ooQstn/ooQstnClDetl.xml
/wqxml/usr/60prtc/ooQstn/ooQstnCl.xml,/wqxml/usr/60prtc/ooQstn/ooQstnClSave.xml
/wqxml/usr/60prtc/ooQstn/ooQstnClDetl.xml,/wqxml/usr/60prtc/ooQstn/ooQstnCl.xml
/wqxml/usr/60prtc/ooQstn/ooQstnClSave.xml,/wqxml/usr/60prtc/ooQstn/ooQstnCl.xml
/wqxml/usr/60prtc/ooQstn/ooQstnDetl.xml,/wqxml/usr/60prtc/ooQstn/ooQstnSttn.xml
/wqxml/usr/60prtc/ooQstn/ooQstnDetl.xml,/wqxml/usr/60prtc/ooQstn/ooQstnDetl.xml
/wqxml/usr/60prtc/ooQstn/ooQstnSave.xml,/wqxml/usr/60prtc/ooQstn/ooQstnSttn.xml
/wqxml/usr/60prtc/ooQstn/ooQstnSaveNoLogin.xml,/wqxml/usr/60prtc/ooQstn/ooQstnSaveNoLogin.xml
/wqxml/usr/60prtc/ooQstn/ooQstnSttn.xml,/wqxml/usr/60prtc/ooQstn/ooQstnDetl.xml
/wqxml/usr/60prtc/ooQstn/ooQstnSttn.xml,/wqxml/usr/60prtc/ooQstn/ooQstnCl.xml
/wqxml/usr/60prtc/ooQstn/ooQstnSttn.xml,/wqxml/usr/60prtc/ooQstn/ooQstnSave.xml
/wqxml/usr/60prtc/prtcCnfrm/prtcCnfrIssAply.xml,/wqxml/usr/60prtc/prtcCnfrm/prtcCnfrIssAplySave.xml
/wqxml/usr/60prtc/prtcCnfrm/prtcCnfrIssAply.xml,/wqxml/usr/60prtc/prtcCnfrm/prtcCnfrIssAplyDetl.xml
/wqxml/usr/60prtc/prtcCnfrm/prtcCnfrIssAplyDetl.xml,/wqxml/usr/60prtc/prtcCnfrm/prtcCnfrIssAply.xml
/wqxml/usr/60prtc/prtcCnfrm/prtcCnfrIssAplyDetl.xml,/wqxml/usr/60prtc/prtcCnfrm/prtcCnfrIssAplyDetl.xml
/wqxml/usr/60prtc/prtcCnfrm/prtcCnfrIssAplySave.xml,/wqxml/usr/60prtc/prtcCnfrm/prtcCnfrIssAply.xml
/wqxml/usr/60prtc/qa/qaAdminDetl.xml,/wqxml/usr/60prtc/qa/qaSttn.xml
/wqxml/usr/60prtc/qa/qaAdminDetl.xml,/wqxml/usr/60prtc/qa/qaAdminDetl.xml
/wqxml/usr/60prtc/qa/qaCl.xml,/wqxml/usr/60prtc/qa/qaClDetl.xml
/wqxml/usr/60prtc/qa/qaCl.xml,/wqxml/usr/60prtc/qa/qaClSave.xml
/wqxml/usr/60prtc/qa/qaClDetl.xml,/wqxml/usr/60prtc/qa/qaCl.xml
/wqxml/usr/60prtc/qa/qaClSave.xml,/wqxml/usr/60prtc/qa/qaCl.xml
/wqxml/usr/60prtc/qa/qaDetl.xml,/wqxml/usr/60prtc/qa/qaSttn.xml
/wqxml/usr/60prtc/qa/qaDetl.xml,/wqxml/usr/60prtc/qa/qaDetl.xml
/wqxml/usr/60prtc/qa/qaSttn.xml,/wqxml/usr/60prtc/qa/qaDetl.xml
/wqxml/usr/60prtc/qa/qaSttn.xml,/wqxml/usr/60prtc/qa/qaAdminDetl.xml
/wqxml/usr/60prtc/qa/qaSttn.xml,/wqxml/usr/60prtc/qa/qaSave.xml
/wqxml/usr/60prtc/qa/qaSttn.xml,/wqxml/usr/60prtc/qa/qaCl.xml
/wqxml/usr/70notc/indvInfoStpl.xml,/wqxml/usr/70notc/indvInfoStpl_220110.xml
/wqxml/usr/70notc/indvInfoStpl.xml,/wqxml/usr/70notc/indvInfoStpl_220530.xml
/wqxml/usr/70notc/indvInfoStpl.xml,/wqxml/usr/70notc/indvInfoStpl_230530.xml
/wqxml/usr/70notc/indvInfoStpl.xml,/wqxml/usr/70notc/indvInfoStpl_231130.xml
/wqxml/usr/70notc/siteMap_BAK.xml,/wqxml/usr/10intd/intdBizSpclhs.xml
/wqxml/usr/70notc/siteMap_BAK.xml,/wqxml/usr/10intd/intdBizTecho.xml
/wqxml/usr/70notc/siteMap_BAK.xml,/wqxml/usr/10intd/intdBizCndept.xml
/wqxml/usr/70notc/siteMap_BAK.xml,/wqxml/usr/10intd/intdBizEdinsp.xml
/wqxml/usr/70notc/siteMap_BAK.xml,/wqxml/usr/10intd/intdBizIdtcag.xml
/wqxml/usr/70notc/siteMap_BAK.xml,/wqxml/usr/10intd/intdBizBscsbc.xml
/wqxml/usr/70notc/siteMap_BAK.xml,/wqxml/usr/10intd/intdBizHrdsbc.xml
/wqxml/usr/70notc/siteMap_BAK.xml,/wqxml/usr/10intd/intdBizWebtoon.xml
/wqxml/usr/70notc/siteMap_BAK.xml,/wqxml/cmn/menu/MAIN_CERT.xml
/wqxml/usr/70notc/siteMap_BAK.xml,/wqxml/usr/99mbr/login.xml
/wqxml/usr/70notc/siteMap_BAK.xml,/wqxml/usr/40anns/ntfyMtr/ntfyMtr.xml
/wqxml/usr/70notc/siteMap_BAK.xml,/wqxml/usr/40anns/bizNotc/bizNotc.xml
/wqxml/usr/70notc/siteMap_BAK.xml,/wqxml/usr/40anns/nwsItm/nwsItm.xml
/wqxml/usr/70notc/siteMap_BAK.xml,/wqxml/usr/50info/prtcSchl/prtcSchlSttn.xml
/wqxml/usr/70notc/siteMap_BAK.xml,/wqxml/usr/50info/eduPrgm/clbySchlEduPrgm.xml
/wqxml/usr/70notc/siteMap_BAK.xml,/wqxml/usr/50info/schlNws/schlNws.xml
/wqxml/usr/70notc/siteMap_BAK.xml,/wqxml/usr/50info/prusInfo/prusInfoSttn.xml
/wqxml/usr/70notc/siteMap_BAK.xml,/wqxml/usr/50info/frmt/frmtSttn.xml
/wqxml/usr/70notc/siteMap_BAK.xml,/wqxml/usr/50info/sprrCase/sprrCaseSttn.xml
/wqxml/usr/70notc/siteMap_BAK.xml,/wqxml/usr/50info/workNetList.xml
/wqxml/usr/70notc/siteMap_BAK.xml,/wqxml/usr/50info/manpowerOrgList.xml
/wqxml/usr/70notc/siteMap_BAK.xml,/wqxml/usr/60prtc/qa/qaSttn.xml
/wqxml/usr/70notc/siteMap_BAK.xml,/wqxml/usr/60prtc/faq/faqSttn.xml
/wqxml/usr/70notc/siteMap_BAK.xml,/wqxml/usr/60prtc/ooQstn/ooQstnSaveNoLogin.xml
/wqxml/usr/70notc/siteMap_BAK.xml,/wqxml/usr/70notc/useStpl.xml
/wqxml/usr/70notc/siteMap_BAK.xml,/wqxml/usr/70notc/indvInfoStpl.xml
/wqxml/usr/70notc/siteMap_BIZ.xml,/wqxml/usr/10intd/intdBizSpclhs.xml
/wqxml/usr/70notc/siteMap_BIZ.xml,/wqxml/usr/10intd/intdBizTecho.xml
/wqxml/usr/70notc/siteMap_BIZ.xml,/wqxml/usr/10intd/intdBizCndept.xml
/wqxml/usr/70notc/siteMap_BIZ.xml,/wqxml/usr/10intd/intdBizEdinsp.xml
/wqxml/usr/70notc/siteMap_BIZ.xml,/wqxml/usr/10intd/intdBizIdtcag.xml
/wqxml/usr/70notc/siteMap_BIZ.xml,/wqxml/usr/10intd/intdBizBscsbc.xml
/wqxml/usr/70notc/siteMap_BIZ.xml,/wqxml/usr/10intd/intdBizHrdsbc.xml
/wqxml/usr/70notc/siteMap_BIZ.xml,/wqxml/usr/10intd/intdBizWebtoon.xml
/wqxml/usr/70notc/siteMap_BIZ.xml,/wqxml/usr/20aply/spclhs/bizPrtcInsnSttn.xml
/wqxml/usr/70notc/siteMap_BIZ.xml,/wqxml/usr/20aply/idtcag/bizAplyCltg_BIZ.xml
/wqxml/usr/70notc/siteMap_BIZ.xml,/wqxml/usr/20aply/idtcag/bizAplySttn_BIZ.xml
/wqxml/usr/70notc/siteMap_BIZ.xml,/wqxml/usr/20aply/smehrd/hrdBizSttn.xml
/wqxml/usr/70notc/siteMap_BIZ.xml,/wqxml/usr/20aply/smehrd/hrdAplyInqr.xml
/wqxml/usr/70notc/siteMap_BIZ.xml,/wqxml/usr/20aply/smebsc/bscBizView.xml
/wqxml/usr/70notc/siteMap_BIZ.xml,/wqxml/usr/20aply/smebsc/bscAplySttn.xml
/wqxml/usr/70notc/siteMap_BIZ.xml,/wqxml/usr/20aply/smebsc/bscFutureReqstList.xml
/wqxml/usr/70notc/siteMap_BIZ.xml,/wqxml/usr/20aply/smebsc/bscIndcReqstList.xml
/wqxml/usr/70notc/siteMap_BIZ.xml,/wqxml/usr/40anns/ntfyMtr/ntfyMtr.xml
/wqxml/usr/70notc/siteMap_BIZ.xml,/wqxml/usr/40anns/bizNotc/bizNotc.xml
/wqxml/usr/70notc/siteMap_BIZ.xml,/wqxml/usr/40anns/nwsItm/nwsItm.xml
/wqxml/usr/70notc/siteMap_BIZ.xml,/wqxml/usr/50info/prtcSchl/prtcSchlSttn.xml
/wqxml/usr/70notc/siteMap_BIZ.xml,/wqxml/usr/50info/eduPrgm/clbySchlEduPrgm.xml
/wqxml/usr/70notc/siteMap_BIZ.xml,/wqxml/usr/50info/schlNws/schlNws.xml
/wqxml/usr/70notc/siteMap_BIZ.xml,/wqxml/usr/50info/prusInfo/prusInfoSttn.xml
/wqxml/usr/70notc/siteMap_BIZ.xml,/wqxml/usr/50info/frmt/frmtSttn.xml
/wqxml/usr/70notc/siteMap_BIZ.xml,/wqxml/usr/50info/sprrCase/sprrCaseSttn.xml
/wqxml/usr/70notc/siteMap_BIZ.xml,/wqxml/usr/50info/workNetList.xml
/wqxml/usr/70notc/siteMap_BIZ.xml,/wqxml/usr/50info/manpowerOrgList.xml
/wqxml/usr/70notc/siteMap_BIZ.xml,/wqxml/usr/60prtc/qa/qaSttn.xml
/wqxml/usr/70notc/siteMap_BIZ.xml,/wqxml/usr/60prtc/faq/faqSttn.xml
/wqxml/usr/70notc/siteMap_BIZ.xml,/wqxml/usr/70notc/useStpl.xml
/wqxml/usr/70notc/siteMap_BIZ.xml,/wqxml/usr/70notc/indvInfoStpl.xml
/wqxml/usr/70notc/siteMap_IND.xml,/wqxml/usr/10intd/intdBizSpclhs.xml
/wqxml/usr/70notc/siteMap_IND.xml,/wqxml/usr/10intd/intdBizTecho.xml
/wqxml/usr/70notc/siteMap_IND.xml,/wqxml/usr/10intd/intdBizCndept.xml
/wqxml/usr/70notc/siteMap_IND.xml,/wqxml/usr/10intd/intdBizEdinsp.xml
/wqxml/usr/70notc/siteMap_IND.xml,/wqxml/usr/10intd/intdBizIdtcag.xml
/wqxml/usr/70notc/siteMap_IND.xml,/wqxml/usr/10intd/intdBizBscsbc.xml
/wqxml/usr/70notc/siteMap_IND.xml,/wqxml/usr/10intd/intdBizHrdsbc.xml
/wqxml/usr/70notc/siteMap_IND.xml,/wqxml/usr/10intd/intdBizWebtoon.xml
/wqxml/usr/70notc/siteMap_IND.xml,/wqxml/usr/99mbr/spctrAplyTitle.xml
/wqxml/usr/70notc/siteMap_IND.xml,/wqxml/usr/40anns/ntfyMtr/ntfyMtr.xml
/wqxml/usr/70notc/siteMap_IND.xml,/wqxml/usr/40anns/bizNotc/bizNotc.xml
/wqxml/usr/70notc/siteMap_IND.xml,/wqxml/usr/40anns/nwsItm/nwsItm.xml
/wqxml/usr/70notc/siteMap_IND.xml,/wqxml/usr/50info/prtcSchl/prtcSchlSttn.xml
/wqxml/usr/70notc/siteMap_IND.xml,/wqxml/usr/50info/eduPrgm/clbySchlEduPrgm.xml
/wqxml/usr/70notc/siteMap_IND.xml,/wqxml/usr/50info/schlNws/schlNws.xml
/wqxml/usr/70notc/siteMap_IND.xml,/wqxml/usr/50info/prusInfo/prusInfoSttn.xml
/wqxml/usr/70notc/siteMap_IND.xml,/wqxml/usr/50info/frmt/frmtSttn.xml
/wqxml/usr/70notc/siteMap_IND.xml,/wqxml/usr/50info/sprrCase/sprrCaseSttn.xml
/wqxml/usr/70notc/siteMap_IND.xml,/wqxml/usr/50info/workNetList.xml
/wqxml/usr/70notc/siteMap_IND.xml,/wqxml/usr/50info/manpowerOrgList.xml
/wqxml/usr/70notc/siteMap_IND.xml,/wqxml/usr/60prtc/qa/qaSttn.xml
/wqxml/usr/70notc/siteMap_IND.xml,/wqxml/usr/60prtc/faq/faqSttn.xml
/wqxml/usr/70notc/siteMap_IND.xml,/wqxml/usr/70notc/useStpl.xml
/wqxml/usr/70notc/siteMap_IND.xml,/wqxml/usr/70notc/indvInfoStpl.xml
/wqxml/usr/70notc/siteMap_SCH.xml,/wqxml/usr/10intd/intdBizSpclhs.xml
/wqxml/usr/70notc/siteMap_SCH.xml,/wqxml/usr/10intd/intdBizTecho.xml
/wqxml/usr/70notc/siteMap_SCH.xml,/wqxml/usr/10intd/intdBizCndept.xml
/wqxml/usr/70notc/siteMap_SCH.xml,/wqxml/usr/10intd/intdBizEdinsp.xml
/wqxml/usr/70notc/siteMap_SCH.xml,/wqxml/usr/10intd/intdBizIdtcag.xml
/wqxml/usr/70notc/siteMap_SCH.xml,/wqxml/usr/10intd/intdBizBscsbc.xml
/wqxml/usr/70notc/siteMap_SCH.xml,/wqxml/usr/10intd/intdBizHrdsbc.xml
/wqxml/usr/70notc/siteMap_SCH.xml,/wqxml/usr/10intd/intdBizWebtoon.xml
/wqxml/usr/70notc/siteMap_SCH.xml,/wqxml/usr/20aply/cmn/bizAplyCltg.xml
/wqxml/usr/70notc/siteMap_SCH.xml,/wqxml/usr/20aply/cmn/bizAplySttn.xml
/wqxml/usr/70notc/siteMap_SCH.xml,/wqxml/usr/20aply/cmn/bizSelSttn.xml
/wqxml/usr/70notc/siteMap_SCH.xml,/wqxml/usr/20aply/schlNws/schlNwsSttn.xml
/wqxml/usr/70notc/siteMap_SCH.xml,/wqxml/usr/20aply/spclhs/bizPrtcInsnSttn.xml
/wqxml/usr/70notc/siteMap_SCH.xml,/wqxml/usr/20aply/spclhs/bestStdnSttn.xml
/wqxml/usr/70notc/siteMap_SCH.xml,/wqxml/usr/20aply/cmn/trptCnttSttn.xml
/wqxml/usr/70notc/siteMap_SCH.xml,/wqxml/usr/20aply/cmn/bizBscsSttn.xml
/wqxml/usr/70notc/siteMap_SCH.xml,/wqxml/usr/20aply/cmn/prgmPrgrSttn.xml
/wqxml/usr/70notc/siteMap_SCH.xml,/wqxml/usr/40anns/ntfyMtr/ntfyMtr.xml
/wqxml/usr/70notc/siteMap_SCH.xml,/wqxml/usr/40anns/bizNotc/bizNotc.xml
/wqxml/usr/70notc/siteMap_SCH.xml,/wqxml/usr/40anns/nwsItm/nwsItm.xml
/wqxml/usr/70notc/siteMap_SCH.xml,/wqxml/usr/50info/prtcSchl/prtcSchlSttn.xml
/wqxml/usr/70notc/siteMap_SCH.xml,/wqxml/usr/50info/eduPrgm/clbySchlEduPrgm.xml
/wqxml/usr/70notc/siteMap_SCH.xml,/wqxml/usr/50info/schlNws/schlNws.xml
/wqxml/usr/70notc/siteMap_SCH.xml,/wqxml/usr/50info/prusInfo/prusInfoSttn.xml
/wqxml/usr/70notc/siteMap_SCH.xml,/wqxml/usr/50info/frmt/frmtSttn.xml
/wqxml/usr/70notc/siteMap_SCH.xml,/wqxml/usr/50info/sprrCase/sprrCaseSttn.xml
/wqxml/usr/70notc/siteMap_SCH.xml,/wqxml/usr/50info/workNetList.xml
/wqxml/usr/70notc/siteMap_SCH.xml,/wqxml/usr/50info/manpowerOrgList.xml
/wqxml/usr/70notc/siteMap_SCH.xml,/wqxml/usr/60prtc/qa/qaSttn.xml
/wqxml/usr/70notc/siteMap_SCH.xml,/wqxml/usr/60prtc/faq/faqSttn.xml
/wqxml/usr/70notc/siteMap_SCH.xml,/wqxml/usr/60prtc/ooQstn/ooQstnSttn.xml
/wqxml/usr/70notc/siteMap_SCH.xml,/wqxml/usr/70notc/useStpl.xml
/wqxml/usr/70notc/siteMap_SCH.xml,/wqxml/usr/70notc/indvInfoStpl.xml
/wqxml/usr/70notc/siteMap_SCH.xml,/wqxml/usr/30wfsCntr/wfsJbofEnpInfo.xml
/wqxml/usr/70notc/siteMap_SCH.xml,/wqxml/usr/30wfsCntr/wfsJbofPrgrSttn.xml
/wqxml/usr/99mbr/authPassword.xml,/wqxml/usr/99mbr/mbrInfoChg.xml
/wqxml/usr/99mbr/chgPwd.xml,/wqxml/usr/99mbr/login.xml
/wqxml/usr/99mbr/chgPwd.xml,/wqxml/usr/99mbr/mbrInfoChg.xml
/wqxml/usr/99mbr/findId.xml,/wqxml/usr/99mbr/findIdRslt.xml
/wqxml/usr/99mbr/findIdRslt.xml,/wqxml/usr/99mbr/login.xml
/wqxml/usr/99mbr/findPw.xml,/wqxml/cmn/menu/MAIN.xml
/wqxml/usr/99mbr/findPw.xml,/wqxml/usr/99mbr/chgPwd.xml
/wqxml/usr/99mbr/findPwQstn.xml,/wqxml/usr/99mbr/findPw.xml
/wqxml/usr/99mbr/findPwRslt.xml,/wqxml/usr/99mbr/findPwRsltWeb.xml
/wqxml/usr/99mbr/findPwRslt.xml,/wqxml/usr/99mbr/login.xml
/wqxml/usr/99mbr/findPwRsltWeb.xml,/wqxml/usr/99mbr/login.xml
/wqxml/usr/99mbr/login.xml,/wqxml/usr/20aply/smehrd/hrdBizSttn.xml
/wqxml/usr/99mbr/login.xml,/wqxml/usr/99mbr/mbrCert.xml
/wqxml/usr/99mbr/login.xml,/wqxml/usr/99mbr/mbrJoinAgree.xml
/wqxml/usr/99mbr/login.xml,/wqxml/usr/99mbr/findId.xml
/wqxml/usr/99mbr/login.xml,/wqxml/usr/99mbr/findPw.xml
/wqxml/usr/99mbr/login_mobile.xml,/wqxml/adm/10bizMng/mbrSttn/mbrItmz_mobile.xml
/wqxml/usr/99mbr/login_test.xml,/wqxml/cmn/menu/MAIN.xml
/wqxml/usr/99mbr/login_test.xml,/wqxml/usr/mbr/mbrCnvrSttn.xml
/wqxml/usr/99mbr/login_test.xml,/wqxml/usr/99mbr/mbrJoinAgree.xml
/wqxml/usr/99mbr/login_test.xml,/wqxml/usr/99mbr/findId.xml
/wqxml/usr/99mbr/login_test.xml,/wqxml/usr/99mbr/findPw.xml
/wqxml/usr/99mbr/logoutAuto.xml,/wqxml/usr/99mbr/login.xml
/wqxml/usr/99mbr/mbrCert.xml,/wqxml/usr/99mbr/mbrJoin.xml
/wqxml/usr/99mbr/mbrCert.xml,/wqxml/usr/40anns/bizNotc/hsspplCltgSttn.xml
/wqxml/usr/99mbr/mbrCert.xml,/wqxml/adm/Main.xml
/wqxml/usr/99mbr/mbrCert.xml,/wqxml/cmn/menu/MAIN.xml
/wqxml/usr/99mbr/mbrCnvrDetl.xml,/wqxml/usr/99mbr/mbrCnvrSttn.xml
/wqxml/usr/99mbr/mbrCnvrDetl.xml,/wqxml/cmn/popup/indutyPopup.xml
/wqxml/usr/99mbr/mbrCnvrSttn.xml,/wqxml/usr/99mbr/mbrCnvrDetl.xml
/wqxml/usr/99mbr/mbrInfoChg.xml,/wqxml/usr/99mbr/authPassword.xml
/wqxml/usr/99mbr/mbrInfoChg.xml,/wqxml/cmn/popup/indutyPopup.xml
/wqxml/usr/99mbr/mbrInfoChg.xml,/wqxml/cmn/popup/pwConfirmPopup.xml
/wqxml/usr/99mbr/mbrInfoChg.xml,/wqxml/usr/99mbr/chgPwd.xml
/wqxml/usr/99mbr/mbrInfoChg.xml,/wqxml/usr/99mbr/mbrInfoChg.xml
/wqxml/usr/99mbr/mbrInfoChg.xml,/wqxml/usr/99mbr/mbrCert.xml
/wqxml/usr/99mbr/mbrJoin.xml,/wqxml/cmn/popup/prtJoinPopup.xml
/wqxml/usr/99mbr/mbrJoin.xml,/wqxml/cmn/industPopup.xml
/wqxml/usr/99mbr/mbrJoin.xml,/wqxml/cmn/popup/indutyPopup.xml
/wqxml/usr/99mbr/mbrJoin.xml,/wqxml/cmn/menu/MAIN.xml
/wqxml/usr/99mbr/mbrJoinAgree.xml,/wqxml/usr/99mbr/mbrCert.xml
/wqxml/usr/99mbr/mbrJoin_20200723.xml,/wqxml/cmn/popup/prtJoinPopup.xml
/wqxml/usr/99mbr/mbrJoin_20200723.xml,/wqxml/cmn/industPopup.xml
/wqxml/usr/99mbr/mbrJoin_20200723.xml,/wqxml/cmn/popup/indutyPopup.xml
/wqxml/usr/99mbr/mbrJoin_20200723.xml,/wqxml/cmn/menu/MAIN.xml
/wqxml/usr/99mbr/mbrJoin_bak.xml,/wqxml/cmn/menu/MAIN.xml
/wqxml/usr/99mbr/mbrJoin_bak.xml,/wqxml/cmn/popup/industPopup.xml
/wqxml/usr/99mbr/mbrJoin_bak.xml,/wqxml/cmn/popup/indutyPopup.xml
/wqxml/usr/99mbr/prvcPvsnAgreYn.xml,/wqxml/usr/99mbr/stdntPrvcPvsnAgreYn.xml
/wqxml/usr/99mbr/spctrAplyTitle.xml,/wqxml/usr/99mbr/spctrAplySttn.xml
