file_url,file_path,file_name,file_ty
src/main/java/com/wti/admin/bizDvr/ctrl/BudgetDvrRqstSttnController.java,src/main/java/com/wti/admin/bizDvr,BudgetDvrRqstSttnController.java,ctrl
src/main/java/com/wti/admin/bizMng/dbMng/ctrl/BudgetDvrController.java,src/main/java/com/wti/admin/bizMng/dbMng,BudgetDvrController.java,ctrl
src/main/java/com/wti/admin/bizMng/dbMng/ctrl/JoinStdnExcelRegController.java,src/main/java/com/wti/admin/bizMng/dbMng,JoinStdnExcelRegController.java,ctrl
src/main/java/com/wti/admin/bizMng/dbMng/ctrl/StdnRegExcelRegInfoController.java,src/main/java/com/wti/admin/bizMng/dbMng,StdnRegExcelRegInfoController.java,ctrl
src/main/java/com/wti/admin/bizMng/histMng/ctrl/HistInqrController.java,src/main/java/com/wti/admin/bizMng/histMng,HistInqrController.java,ctrl
src/main/java/com/wti/admin/bizMng/histMng/ctrl/HistMngController.java,src/main/java/com/wti/admin/bizMng/histMng,HistMngController.java,ctrl
src/main/java/com/wti/admin/bizMng/histMng/ctrl/HistMngExcelRegController.java,src/main/java/com/wti/admin/bizMng/histMng,HistMngExcelRegController.java,ctrl
src/main/java/com/wti/admin/bizMng/histMng/ctrl/HistMngWhlController.java,src/main/java/com/wti/admin/bizMng/histMng,HistMngWhlController.java,ctrl
src/main/java/com/wti/admin/bizMng/hmpyLinkMng/ctrl/HmpyLinkMngWhlController.java,src/main/java/com/wti/admin/bizMng/hmpyLinkMng,HmpyLinkMngWhlController.java,ctrl
src/main/java/com/wti/admin/bizMng/hmpyLinkMng/ctrl/HmpyLinkMngWhlExcelRegController.java,src/main/java/com/wti/admin/bizMng/hmpyLinkMng,HmpyLinkMngWhlExcelRegController.java,ctrl
src/main/java/com/wti/admin/bizMng/mbrSttn/ctrl/MbrAdminRoleController.java,src/main/java/com/wti/admin/bizMng/mbrSttn,MbrAdminRoleController.java,ctrl
src/main/java/com/wti/admin/bizMng/mbrSttn/ctrl/MbrAdminRoleDetlController.java,src/main/java/com/wti/admin/bizMng/mbrSttn,MbrAdminRoleDetlController.java,ctrl
src/main/java/com/wti/admin/bizMng/mbrSttn/ctrl/MbrCtlgController.java,src/main/java/com/wti/admin/bizMng/mbrSttn,MbrCtlgController.java,ctrl
src/main/java/com/wti/admin/bizMng/mbrSttn/ctrl/MbrDetlController.java,src/main/java/com/wti/admin/bizMng/mbrSttn,MbrDetlController.java,ctrl
src/main/java/com/wti/admin/bizMng/mbrSttn/ctrl/MbrItmzController.java,src/main/java/com/wti/admin/bizMng/mbrSttn,MbrItmzController.java,ctrl
src/main/java/com/wti/admin/bizMng/ntthMng/ctrl/IntrrtSttmntInfoController.java,src/main/java/com/wti/admin/bizMng/ntthMng,IntrrtSttmntInfoController.java,ctrl
src/main/java/com/wti/admin/bizMng/ntthMng/ctrl/SchNwsInfoController.java,src/main/java/com/wti/admin/bizMng/ntthMng,SchNwsInfoController.java,ctrl
src/main/java/com/wti/admin/bizMng/ntthMng/ctrl/SchNwsMngController.java,src/main/java/com/wti/admin/bizMng/ntthMng,SchNwsMngController.java,ctrl
src/main/java/com/wti/admin/bizMng/poolMng/ctrl/JoinEnpAplyInfoController.java,src/main/java/com/wti/admin/bizMng/poolMng,JoinEnpAplyInfoController.java,ctrl
src/main/java/com/wti/admin/bizMng/poolMng/ctrl/JoinEnpPoolSttnController.java,src/main/java/com/wti/admin/bizMng/poolMng,JoinEnpPoolSttnController.java,ctrl
src/main/java/com/wti/admin/bizMng/poolMng/ctrl/SpctrAplyInfoController.java,src/main/java/com/wti/admin/bizMng/poolMng,SpctrAplyInfoController.java,ctrl
src/main/java/com/wti/admin/bizMng/poolMng/ctrl/SpctrPoolSttnController.java,src/main/java/com/wti/admin/bizMng/poolMng,SpctrPoolSttnController.java,ctrl
src/main/java/com/wti/admin/bizMng/reg/ctrl/BizNotcRegController.java,src/main/java/com/wti/admin/bizMng/reg,BizNotcRegController.java,ctrl
src/main/java/com/wti/admin/bizMng/reg/ctrl/BizNotcSttnController.java,src/main/java/com/wti/admin/bizMng/reg,BizNotcSttnController.java,ctrl
src/main/java/com/wti/admin/bizMng/reg/ctrl/BizRegInfoController.java,src/main/java/com/wti/admin/bizMng/reg,BizRegInfoController.java,ctrl
src/main/java/com/wti/admin/bizMng/reg/ctrl/BizSttnController.java,src/main/java/com/wti/admin/bizMng/reg,BizSttnController.java,ctrl
src/main/java/com/wti/admin/bizMng/sttn/ctrl/BsbyAplySttnController.java,src/main/java/com/wti/admin/bizMng/sttn,BsbyAplySttnController.java,ctrl
src/main/java/com/wti/admin/bizMng/sttn/ctrl/BsbySprtSttnController.java,src/main/java/com/wti/admin/bizMng/sttn,BsbySprtSttnController.java,ctrl
src/main/java/com/wti/admin/bizMng/wfsCntr/ctrl/WfsAplyInfoController.java,src/main/java/com/wti/admin/bizMng/wfsCntr,WfsAplyInfoController.java,ctrl
src/main/java/com/wti/admin/bizofc/ctrl/BizofcMngController.java,src/main/java/com/wti/admin/bizofc,BizofcMngController.java,ctrl
src/main/java/com/wti/admin/cmn/bizAply/ctrl/AccnSrvySttnController.java,src/main/java/com/wti/admin/cmn/bizAply,AccnSrvySttnController.java,ctrl
src/main/java/com/wti/admin/cmn/bizAply/ctrl/AplyAcptSttnController.java,src/main/java/com/wti/admin/cmn/bizAply,AplyAcptSttnController.java,ctrl
src/main/java/com/wti/admin/cmn/bizAply/ctrl/SelEvalSttnController.java,src/main/java/com/wti/admin/cmn/bizAply,SelEvalSttnController.java,ctrl
src/main/java/com/wti/admin/cmn/bizMng/ctrl/BizAgrmSttnController.java,src/main/java/com/wti/admin/cmn/bizMng,BizAgrmSttnController.java,ctrl
src/main/java/com/wti/admin/cmn/bizMng/ctrl/BizBscsSttnController.java,src/main/java/com/wti/admin/cmn/bizMng,BizBscsSttnController.java,ctrl
src/main/java/com/wti/admin/cmn/bizMng/ctrl/DfmnAplyInfoController.java,src/main/java/com/wti/admin/cmn/bizMng,DfmnAplyInfoController.java,ctrl
src/main/java/com/wti/admin/cmn/bizMng/ctrl/DfmnAplyRegController.java,src/main/java/com/wti/admin/cmn/bizMng,DfmnAplyRegController.java,ctrl
src/main/java/com/wti/admin/cmn/bizMng/ctrl/DfmnAplySttnController.java,src/main/java/com/wti/admin/cmn/bizMng,DfmnAplySttnController.java,ctrl
src/main/java/com/wti/admin/cmn/bizMng/ctrl/OtcmEvalSttnController.java,src/main/java/com/wti/admin/cmn/bizMng,OtcmEvalSttnController.java,ctrl
src/main/java/com/wti/admin/cmn/pop/ctrl/ChrgrChcController.java,src/main/java/com/wti/admin/cmn/pop,ChrgrChcController.java,ctrl
src/main/java/com/wti/admin/cmn/pop/ctrl/ExcelFileUpldController.java,src/main/java/com/wti/admin/cmn/pop,ExcelFileUpldController.java,ctrl
src/main/java/com/wti/admin/cmn/pop/ctrl/MbrInqrController.java,src/main/java/com/wti/admin/cmn/pop,MbrInqrController.java,ctrl
src/main/java/com/wti/admin/cmn/pop/ctrl/RlorgChcController.java,src/main/java/com/wti/admin/cmn/pop,RlorgChcController.java,ctrl
src/main/java/com/wti/admin/cmn/pop/ctrl/SchInfoListController.java,src/main/java/com/wti/admin/cmn/pop,SchInfoListController.java,ctrl
src/main/java/com/wti/admin/cmn/proc/pr0111/ctrl/PR0111ProcController.java,src/main/java/com/wti/admin/cmn/proc/pr0111,PR0111ProcController.java,ctrl
src/main/java/com/wti/admin/cmn/proc/pr0121/ctrl/PR0121ProcController.java,src/main/java/com/wti/admin/cmn/proc/pr0121,PR0121ProcController.java,ctrl
src/main/java/com/wti/admin/cmn/proc/pr0122/ctrl/PR0122ProcController.java,src/main/java/com/wti/admin/cmn/proc/pr0122,PR0122ProcController.java,ctrl
src/main/java/com/wti/admin/cmn/proc/pr0123/ctrl/PR0123ProcController.java,src/main/java/com/wti/admin/cmn/proc/pr0123,PR0123ProcController.java,ctrl
src/main/java/com/wti/admin/cmn/proc/pr0127/ctrl/PR0127ProcController.java,src/main/java/com/wti/admin/cmn/proc/pr0127,PR0127ProcController.java,ctrl
src/main/java/com/wti/admin/cmn/proc/pr0128/ctrl/PR0128ProcController.java,src/main/java/com/wti/admin/cmn/proc/pr0128,PR0128ProcController.java,ctrl
src/main/java/com/wti/admin/cmn/proc/pr0129/ctrl/PR0129ProcController.java,src/main/java/com/wti/admin/cmn/proc/pr0129,PR0129ProcController.java,ctrl
src/main/java/com/wti/admin/cmn/proc/pr0130/ctrl/PR0130ProcController.java,src/main/java/com/wti/admin/cmn/proc/pr0130,PR0130ProcController.java,ctrl
src/main/java/com/wti/admin/cmn/proc/pr0211/ctrl/PR0211ProcController.java,src/main/java/com/wti/admin/cmn/proc/pr0211,PR0211ProcController.java,ctrl
src/main/java/com/wti/admin/cmn/proc/pr0214/ctrl/PR0214ProcController.java,src/main/java/com/wti/admin/cmn/proc/pr0214,PR0214ProcController.java,ctrl
src/main/java/com/wti/admin/cmn/proc/pr0220/ctrl/PR0220ProcController.java,src/main/java/com/wti/admin/cmn/proc/pr0220,PR0220ProcController.java,ctrl
src/main/java/com/wti/admin/cmn/proc/pr0221/ctrl/PR0221ProcController.java,src/main/java/com/wti/admin/cmn/proc/pr0221,PR0221ProcController.java,ctrl
src/main/java/com/wti/admin/cmn/proc/pr0223/ctrl/PR0223ProcController.java,src/main/java/com/wti/admin/cmn/proc/pr0223,PR0223ProcController.java,ctrl
src/main/java/com/wti/admin/cmn/proc/pr0223/ctrl/PR0223_LProcController.java,src/main/java/com/wti/admin/cmn/proc/pr0223,PR0223_LProcController.java,ctrl
src/main/java/com/wti/admin/cmn/proc/pr0250/ctrl/PR0250ProcController.java,src/main/java/com/wti/admin/cmn/proc/pr0250,PR0250ProcController.java,ctrl
src/main/java/com/wti/admin/cmn/proc/pr0260/ctrl/PR0260ProcController.java,src/main/java/com/wti/admin/cmn/proc/pr0260,PR0260ProcController.java,ctrl
src/main/java/com/wti/admin/cmn/proc/pr0311/ctrl/PR0311ProcController.java,src/main/java/com/wti/admin/cmn/proc/pr0311,PR0311ProcController.java,ctrl
src/main/java/com/wti/admin/cmn/proc/pr0900/ctrl/PR0900ProcController.java,src/main/java/com/wti/admin/cmn/proc/pr0900,PR0900ProcController.java,ctrl
src/main/java/com/wti/admin/cmn/proc/pre101/ctrl/PRE101ProcController.java,src/main/java/com/wti/admin/cmn/proc/pre101,PRE101ProcController.java,ctrl
src/main/java/com/wti/admin/cmn/proc/pre151/ctrl/PRE151ProcController.java,src/main/java/com/wti/admin/cmn/proc/pre151,PRE151ProcController.java,ctrl
src/main/java/com/wti/admin/cmn/proc/pre204/ctrl/PRE204ProcController.java,src/main/java/com/wti/admin/cmn/proc/pre204,PRE204ProcController.java,ctrl
src/main/java/com/wti/admin/cmn/proc/pre206/ctrl/PRE206ProcController.java,src/main/java/com/wti/admin/cmn/proc/pre206,PRE206ProcController.java,ctrl
src/main/java/com/wti/admin/cndept/bdgtAplct/ctrl/CndeptBdgtAplctMngController.java,src/main/java/com/wti/admin/cndept/bdgtAplct,CndeptBdgtAplctMngController.java,ctrl
src/main/java/com/wti/admin/cndept/bizAply/ctrl/CndeptAccnSrvyRegController.java,src/main/java/com/wti/admin/cndept/bizAply,CndeptAccnSrvyRegController.java,ctrl
src/main/java/com/wti/admin/cndept/bizAply/ctrl/CndeptBizAplyInfoController.java,src/main/java/com/wti/admin/cndept/bizAply,CndeptBizAplyInfoController.java,ctrl
src/main/java/com/wti/admin/cndept/bizAply/ctrl/CndeptSelEvalRegController.java,src/main/java/com/wti/admin/cndept/bizAply,CndeptSelEvalRegController.java,ctrl
src/main/java/com/wti/admin/cndept/bizMng/ctrl/CndeptBizArgmInfoController.java,src/main/java/com/wti/admin/cndept/bizMng,CndeptBizArgmInfoController.java,ctrl
src/main/java/com/wti/admin/cndept/bizMng/ctrl/CndeptBizcsEctnMngInfoController.java,src/main/java/com/wti/admin/cndept/bizMng,CndeptBizcsEctnMngInfoController.java,ctrl
src/main/java/com/wti/admin/cndept/bizMng/ctrl/CndeptBizcsExclMngInfoController.java,src/main/java/com/wti/admin/cndept/bizMng,CndeptBizcsExclMngInfoController.java,ctrl
src/main/java/com/wti/admin/cndept/bizMng/ctrl/CndeptOtcmEvalRegController.java,src/main/java/com/wti/admin/cndept/bizMng,CndeptOtcmEvalRegController.java,ctrl
src/main/java/com/wti/admin/cndept/bizMng/ctrl/CndeptTrptCnttInqrController.java,src/main/java/com/wti/admin/cndept/bizMng,CndeptTrptCnttInqrController.java,ctrl
src/main/java/com/wti/admin/cndept/bizMng/ctrl/CndeptTrptCnttSttnController.java,src/main/java/com/wti/admin/cndept/bizMng,CndeptTrptCnttSttnController.java,ctrl
src/main/java/com/wti/admin/cndept/gradAcqsStats/ctrl/GradAcqsStatsController.java,src/main/java/com/wti/admin/cndept/gradAcqsStats,GradAcqsStatsController.java,ctrl
src/main/java/com/wti/admin/cndept/qlfcAcqsStats/ctrl/QlfcAcqsStatsController.java,src/main/java/com/wti/admin/cndept/qlfcAcqsStats,QlfcAcqsStatsController.java,ctrl
src/main/java/com/wti/admin/cndept/schlMng/ctrl/CndeptSchlMngController.java,src/main/java/com/wti/admin/cndept/schlMng,CndeptSchlMngController.java,ctrl
src/main/java/com/wti/admin/cndept/statSttn/ctrl/MdwyTueOcrnSttnController.java,src/main/java/com/wti/admin/cndept/statSttn,MdwyTueOcrnSttnController.java,ctrl
src/main/java/com/wti/admin/cndept/statSttn/ctrl/NewStdnRectSttnController.java,src/main/java/com/wti/admin/cndept/statSttn,NewStdnRectSttnController.java,ctrl
src/main/java/com/wti/admin/cndept/statSttn/ctrl/StdnCtlgController.java,src/main/java/com/wti/admin/cndept/statSttn,StdnCtlgController.java,ctrl
src/main/java/com/wti/admin/cndept/statSttn/ctrl/StdnSttnController.java,src/main/java/com/wti/admin/cndept/statSttn,StdnSttnController.java,ctrl
src/main/java/com/wti/admin/cndept/stdnMng/ctrl/CndeptStdnMngController.java,src/main/java/com/wti/admin/cndept/stdnMng,CndeptStdnMngController.java,ctrl
src/main/java/com/wti/admin/eict/bizAply/ctrl/EictAccnSrvyRegController.java,src/main/java/com/wti/admin/eict/bizAply,EictAccnSrvyRegController.java,ctrl
src/main/java/com/wti/admin/eict/bizAply/ctrl/EictBizAplyInfoController.java,src/main/java/com/wti/admin/eict/bizAply,EictBizAplyInfoController.java,ctrl
src/main/java/com/wti/admin/eict/bizAply/ctrl/EictJoinEnpPopController.java,src/main/java/com/wti/admin/eict/bizAply,EictJoinEnpPopController.java,ctrl
src/main/java/com/wti/admin/eict/bizAply/ctrl/EictSelEvalRegController.java,src/main/java/com/wti/admin/eict/bizAply,EictSelEvalRegController.java,ctrl
src/main/java/com/wti/admin/eict/bizMng/ctrl/EictBizArgmInfoController.java,src/main/java/com/wti/admin/eict/bizMng,EictBizArgmInfoController.java,ctrl
src/main/java/com/wti/admin/eict/bizMng/ctrl/EictBizcsEctnMngInfoController.java,src/main/java/com/wti/admin/eict/bizMng,EictBizcsEctnMngInfoController.java,ctrl
src/main/java/com/wti/admin/eict/statSttn/ctrl/AcspPrctController.java,src/main/java/com/wti/admin/eict/statSttn,AcspPrctController.java,ctrl
src/main/java/com/wti/admin/eict/statSttn/ctrl/BizcsController.java,src/main/java/com/wti/admin/eict/statSttn,BizcsController.java,ctrl
src/main/java/com/wti/admin/eict/statSttn/ctrl/CstmEduController.java,src/main/java/com/wti/admin/eict/statSttn,CstmEduController.java,ctrl
src/main/java/com/wti/admin/eict/statSttn/ctrl/EictJobStdnStatController.java,src/main/java/com/wti/admin/eict/statSttn,EictJobStdnStatController.java,ctrl
src/main/java/com/wti/admin/eict/statSttn/ctrl/EictOneAndProjectsStatController.java,src/main/java/com/wti/admin/eict/statSttn,EictOneAndProjectsStatController.java,ctrl
src/main/java/com/wti/admin/eict/statSttn/ctrl/EictPartStdnStatController.java,src/main/java/com/wti/admin/eict/statSttn,EictPartStdnStatController.java,ctrl
src/main/java/com/wti/admin/eict/statSttn/ctrl/EictWorkExpnsStatController.java,src/main/java/com/wti/admin/eict/statSttn,EictWorkExpnsStatController.java,ctrl
src/main/java/com/wti/admin/eict/statSttn/ctrl/JoinStdnController.java,src/main/java/com/wti/admin/eict/statSttn,JoinStdnController.java,ctrl
src/main/java/com/wti/admin/eict/statSttn/ctrl/OneTeam_1PrjController.java,src/main/java/com/wti/admin/eict/statSttn,OneTeam_1PrjController.java,ctrl
src/main/java/com/wti/admin/hssppl/ctrl/HsspplMngController.java,src/main/java/com/wti/admin/hssppl,HsspplMngController.java,ctrl
src/main/java/com/wti/admin/idtcag/bizMng/ctrl/IdtcagAplyAcptSttnController.java,src/main/java/com/wti/admin/idtcag/bizMng,IdtcagAplyAcptSttnController.java,ctrl
src/main/java/com/wti/admin/idtcag/bizMng/ctrl/IdtcagAplyInfo2015Controller.java,src/main/java/com/wti/admin/idtcag/bizMng,IdtcagAplyInfo2015Controller.java,ctrl
src/main/java/com/wti/admin/idtcag/bizMng/ctrl/IdtcagAplyInfo2016Controller.java,src/main/java/com/wti/admin/idtcag/bizMng,IdtcagAplyInfo2016Controller.java,ctrl
src/main/java/com/wti/admin/idtcag/bizMng/ctrl/IdtcagAplyInfoController.java,src/main/java/com/wti/admin/idtcag/bizMng,IdtcagAplyInfoController.java,ctrl
src/main/java/com/wti/admin/idtcag/bizMng/ctrl/IdtcagAppntEntsController.java,src/main/java/com/wti/admin/idtcag/bizMng,IdtcagAppntEntsController.java,ctrl
src/main/java/com/wti/admin/idtcag/bizMng/ctrl/IdtcagMmaRcmnController.java,src/main/java/com/wti/admin/idtcag/bizMng,IdtcagMmaRcmnController.java,ctrl
src/main/java/com/wti/admin/idtcag/bizMng/ctrl/IdtcagOnlineEvidenceController.java,src/main/java/com/wti/admin/idtcag/bizMng,IdtcagOnlineEvidenceController.java,ctrl
src/main/java/com/wti/admin/idtcag/bizMng/ctrl/IdtcagOnlineEvidenceExcelRegController.java,src/main/java/com/wti/admin/idtcag/bizMng,IdtcagOnlineEvidenceExcelRegController.java,ctrl
src/main/java/com/wti/admin/idtcag/bizMng/ctrl/IdtcagPrcafsChargerPartController.java,src/main/java/com/wti/admin/idtcag/bizMng,IdtcagPrcafsChargerPartController.java,ctrl
src/main/java/com/wti/admin/idtcag/bizMng/ctrl/IdtcagPrtcpntController.java,src/main/java/com/wti/admin/idtcag/bizMng,IdtcagPrtcpntController.java,ctrl
src/main/java/com/wti/admin/idtcag/bizMng/ctrl/IdtcagQlfcRvwSttnController.java,src/main/java/com/wti/admin/idtcag/bizMng,IdtcagQlfcRvwSttnController.java,ctrl
src/main/java/com/wti/admin/idtcag/bizMng/ctrl/QnAidtcagAdmController.java,src/main/java/com/wti/admin/idtcag/bizMng,QnAidtcagAdmController.java,ctrl
src/main/java/com/wti/admin/idtcag/statSttn/ctrl/AcptlAcptSttnController.java,src/main/java/com/wti/admin/idtcag/statSttn,AcptlAcptSttnController.java,ctrl
src/main/java/com/wti/admin/idtcag/statSttn/ctrl/AplyTypeAcptSttnController.java,src/main/java/com/wti/admin/idtcag/statSttn,AplyTypeAcptSttnController.java,ctrl
src/main/java/com/wti/admin/idtcag/statSttn/ctrl/FldAcptSttnController.java,src/main/java/com/wti/admin/idtcag/statSttn,FldAcptSttnController.java,ctrl
src/main/java/com/wti/admin/idtcag/statSttn/ctrl/IdtcagDocController.java,src/main/java/com/wti/admin/idtcag/statSttn,IdtcagDocController.java,ctrl
src/main/java/com/wti/admin/idtcag/statSttn/ctrl/IdtcagEvalDtlSttnController.java,src/main/java/com/wti/admin/idtcag/statSttn,IdtcagEvalDtlSttnController.java,ctrl
src/main/java/com/wti/admin/idtcag/statSttn/ctrl/IdtcagEvalIndSttnController.java,src/main/java/com/wti/admin/idtcag/statSttn,IdtcagEvalIndSttnController.java,ctrl
src/main/java/com/wti/admin/idtcag/statSttn/ctrl/IdtcagEvalSetSttnController.java,src/main/java/com/wti/admin/idtcag/statSttn,IdtcagEvalSetSttnController.java,ctrl
src/main/java/com/wti/admin/idtcag/statSttn/ctrl/PrgrSttnController.java,src/main/java/com/wti/admin/idtcag/statSttn,PrgrSttnController.java,ctrl
src/main/java/com/wti/admin/idtcag/statSttn/ctrl/WhlWchController.java,src/main/java/com/wti/admin/idtcag/statSttn,WhlWchController.java,ctrl
src/main/java/com/wti/admin/jbrm/bizMng/ctrl/BizRoomRegController.java,src/main/java/com/wti/admin/jbrm/bizMng,BizRoomRegController.java,ctrl
src/main/java/com/wti/admin/mnlMng/ctrl/MnlMngController.java,src/main/java/com/wti/admin/mnlMng,MnlMngController.java,ctrl
src/main/java/com/wti/admin/rcgntn/bizMnt/ctrl/BizMntController.java,src/main/java/com/wti/admin/rcgntn/bizMnt,BizMntController.java,ctrl
src/main/java/com/wti/admin/rcgntn/dataMnt/ctrl/DataMntController.java,src/main/java/com/wti/admin/rcgntn/dataMnt,DataMntController.java,ctrl
src/main/java/com/wti/admin/rcgntn/dataStats/ctrl/DataStatsController.java,src/main/java/com/wti/admin/rcgntn/dataStats,DataStatsController.java,ctrl
src/main/java/com/wti/admin/smebsc/bizMng/ctrl/SmebscBizAplyController.java,src/main/java/com/wti/admin/smebsc/bizMng,SmebscBizAplyController.java,ctrl
src/main/java/com/wti/admin/smebsc/bizMng/ctrl/SmebscBizEvalDtlSttnController.java,src/main/java/com/wti/admin/smebsc/bizMng,SmebscBizEvalDtlSttnController.java,ctrl
src/main/java/com/wti/admin/smebsc/bizMng/ctrl/SmebscBizEvalIndSttnController.java,src/main/java/com/wti/admin/smebsc/bizMng,SmebscBizEvalIndSttnController.java,ctrl
src/main/java/com/wti/admin/smebsc/bizMng/ctrl/SmebscBizEvalSttnController.java,src/main/java/com/wti/admin/smebsc/bizMng,SmebscBizEvalSttnController.java,ctrl
src/main/java/com/wti/admin/smebsc/bizMng/ctrl/SmebscCnfrmnMngController.java,src/main/java/com/wti/admin/smebsc/bizMng,SmebscCnfrmnMngController.java,ctrl
src/main/java/com/wti/admin/smebsc/bizMng/ctrl/SmebscDataRegController.java,src/main/java/com/wti/admin/smebsc/bizMng,SmebscDataRegController.java,ctrl
src/main/java/com/wti/admin/smebsc/bizMng/ctrl/SmebscReqstMngController.java,src/main/java/com/wti/admin/smebsc/bizMng,SmebscReqstMngController.java,ctrl
src/main/java/com/wti/admin/smehrd/bizMng/ctrl/SmehrdAplyAcptSttnController.java,src/main/java/com/wti/admin/smehrd/bizMng,SmehrdAplyAcptSttnController.java,ctrl
src/main/java/com/wti/admin/smehrd/bizMng/ctrl/SmehrdAplyInfoController.java,src/main/java/com/wti/admin/smehrd/bizMng,SmehrdAplyInfoController.java,ctrl
src/main/java/com/wti/admin/smehrd/bizMng/ctrl/SmehrdAplyValidMngController.java,src/main/java/com/wti/admin/smehrd/bizMng,SmehrdAplyValidMngController.java,ctrl
src/main/java/com/wti/admin/smehrd/eqpmn/ctrl/SmehrdEqpmnMngController.java,src/main/java/com/wti/admin/smehrd/eqpmn,SmehrdEqpmnMngController.java,ctrl
src/main/java/com/wti/admin/smehrd/statSttn/ctrl/SmehrdPrgrSttnController.java,src/main/java/com/wti/admin/smehrd/statSttn,SmehrdPrgrSttnController.java,ctrl
src/main/java/com/wti/admin/smehrd/statSttn/ctrl/SmehrdRawExcelController.java,src/main/java/com/wti/admin/smehrd/statSttn,SmehrdRawExcelController.java,ctrl
src/main/java/com/wti/admin/spclhs/bizAply/ctrl/SpclhsAccnSrvyRegController.java,src/main/java/com/wti/admin/spclhs/bizAply,SpclhsAccnSrvyRegController.java,ctrl
src/main/java/com/wti/admin/spclhs/bizAply/ctrl/SpclhsBizAplyInfoController.java,src/main/java/com/wti/admin/spclhs/bizAply,SpclhsBizAplyInfoController.java,ctrl
src/main/java/com/wti/admin/spclhs/bizAply/ctrl/SpclhsSelEvalRegController.java,src/main/java/com/wti/admin/spclhs/bizAply,SpclhsSelEvalRegController.java,ctrl
src/main/java/com/wti/admin/spclhs/bizMng/ctrl/DeadlineMngController.java,src/main/java/com/wti/admin/spclhs/bizMng,DeadlineMngController.java,ctrl
src/main/java/com/wti/admin/spclhs/bizMng/ctrl/EduCrsDevController.java,src/main/java/com/wti/admin/spclhs/bizMng,EduCrsDevController.java,ctrl
src/main/java/com/wti/admin/spclhs/bizMng/ctrl/JobCstmClsAdmRegInfoController.java,src/main/java/com/wti/admin/spclhs/bizMng,JobCstmClsAdmRegInfoController.java,ctrl
src/main/java/com/wti/admin/spclhs/bizMng/ctrl/JobCstmClsAdmSttnController.java,src/main/java/com/wti/admin/spclhs/bizMng,JobCstmClsAdmSttnController.java,ctrl
src/main/java/com/wti/admin/spclhs/bizMng/ctrl/SpclhsBizcsExclMngInfoController.java,src/main/java/com/wti/admin/spclhs/bizMng,SpclhsBizcsExclMngInfoController.java,ctrl
src/main/java/com/wti/admin/spclhs/bizMng/ctrl/SpclhsOtcmEvalRegController.java,src/main/java/com/wti/admin/spclhs/bizMng,SpclhsOtcmEvalRegController.java,ctrl
src/main/java/com/wti/admin/spclhs/bizMng/ctrl/TeamPrjMngController.java,src/main/java/com/wti/admin/spclhs/bizMng,TeamPrjMngController.java,ctrl
src/main/java/com/wti/admin/spclhs/statSttn/ctrl/CrrSttnController.java,src/main/java/com/wti/admin/spclhs/statSttn,CrrSttnController.java,ctrl
src/main/java/com/wti/admin/spclhs/statSttn/ctrl/OtcmIndxSttnController.java,src/main/java/com/wti/admin/spclhs/statSttn,OtcmIndxSttnController.java,ctrl
src/main/java/com/wti/admin/spclhs/statSttn/ctrl/SpclhsMnpwTrnnController.java,src/main/java/com/wti/admin/spclhs/statSttn,SpclhsMnpwTrnnController.java,ctrl
src/main/java/com/wti/admin/spclhs/statSttn/ctrl/SpclhsOtcmIndxController.java,src/main/java/com/wti/admin/spclhs/statSttn,SpclhsOtcmIndxController.java,ctrl
src/main/java/com/wti/admin/survey/surveyMng/ctrl/SurveyMngController.java,src/main/java/com/wti/admin/survey/surveyMng,SurveyMngController.java,ctrl
src/main/java/com/wti/admin/survey/surveyStats/ctrl/SurveyStatsController.java,src/main/java/com/wti/admin/survey/surveyStats,SurveyStatsController.java,ctrl
src/main/java/com/wti/admin/sysMng/cmnMng/ctrl/AcnnAcntMngSttnController.java,src/main/java/com/wti/admin/sysMng/cmnMng,AcnnAcntMngSttnController.java,ctrl
src/main/java/com/wti/admin/sysMng/cmnMng/ctrl/AcnnAcntRegController.java,src/main/java/com/wti/admin/sysMng/cmnMng,AcnnAcntRegController.java,ctrl
src/main/java/com/wti/admin/sysMng/cmnMng/ctrl/CmnCdMngSttnController.java,src/main/java/com/wti/admin/sysMng/cmnMng,CmnCdMngSttnController.java,ctrl
src/main/java/com/wti/admin/sysMng/cmnMng/ctrl/DbCdMngSttnController.java,src/main/java/com/wti/admin/sysMng/cmnMng,DbCdMngSttnController.java,ctrl
src/main/java/com/wti/admin/sysMng/cmnMng/ctrl/EvalIndxMngSttnController.java,src/main/java/com/wti/admin/sysMng/cmnMng,EvalIndxMngSttnController.java,ctrl
src/main/java/com/wti/admin/sysMng/cmnMng/ctrl/EvalIndxRegController.java,src/main/java/com/wti/admin/sysMng/cmnMng,EvalIndxRegController.java,ctrl
src/main/java/com/wti/admin/sysMng/cmnMng/ctrl/EvalLnrqMngSttnController.java,src/main/java/com/wti/admin/sysMng/cmnMng,EvalLnrqMngSttnController.java,ctrl
src/main/java/com/wti/admin/sysMng/cmnMng/ctrl/EvalLnrqRegController.java,src/main/java/com/wti/admin/sysMng/cmnMng,EvalLnrqRegController.java,ctrl
src/main/java/com/wti/admin/sysMng/cmnMng/ctrl/EvalLnrqRegDtlController.java,src/main/java/com/wti/admin/sysMng/cmnMng,EvalLnrqRegDtlController.java,ctrl
src/main/java/com/wti/admin/sysMng/cmnMng/ctrl/HpSchlMngController.java,src/main/java/com/wti/admin/sysMng/cmnMng,HpSchlMngController.java,ctrl
src/main/java/com/wti/admin/sysMng/cmnMng/ctrl/OtcmIndxMngSttnController.java,src/main/java/com/wti/admin/sysMng/cmnMng,OtcmIndxMngSttnController.java,ctrl
src/main/java/com/wti/admin/sysMng/cmnMng/ctrl/OtcmIndxRegController.java,src/main/java/com/wti/admin/sysMng/cmnMng,OtcmIndxRegController.java,ctrl
src/main/java/com/wti/admin/sysMng/cmnMng/ctrl/TmplatMngController.java,src/main/java/com/wti/admin/sysMng/cmnMng,TmplatMngController.java,ctrl
src/main/java/com/wti/admin/sysMng/cmpgMng/ctrl/QustMngRegController.java,src/main/java/com/wti/admin/sysMng/cmpgMng,QustMngRegController.java,ctrl
src/main/java/com/wti/admin/sysMng/cmpgMng/ctrl/QustMngSttnController.java,src/main/java/com/wti/admin/sysMng/cmpgMng,QustMngSttnController.java,ctrl
src/main/java/com/wti/admin/sysMng/logMng/ctrl/LgnHistMngInqrController.java,src/main/java/com/wti/admin/sysMng/logMng,LgnHistMngInqrController.java,ctrl
src/main/java/com/wti/admin/sysMng/menuMng/ctrl/MenuMngController.java,src/main/java/com/wti/admin/sysMng/menuMng,MenuMngController.java,ctrl
src/main/java/com/wti/admin/sysMng/ptlMng/ctrl/AlrmPageInqrController.java,src/main/java/com/wti/admin/sysMng/ptlMng,AlrmPageInqrController.java,ctrl
src/main/java/com/wti/admin/sysMng/ptlMng/ctrl/AlrmPageWrtnController.java,src/main/java/com/wti/admin/sysMng/ptlMng,AlrmPageWrtnController.java,ctrl
src/main/java/com/wti/admin/sysMng/ptlMng/ctrl/AlrmTmplInqrController.java,src/main/java/com/wti/admin/sysMng/ptlMng,AlrmTmplInqrController.java,ctrl
src/main/java/com/wti/admin/sysMng/ptlMng/ctrl/AlrmTmplWrtnController.java,src/main/java/com/wti/admin/sysMng/ptlMng,AlrmTmplWrtnController.java,ctrl
src/main/java/com/wti/admin/sysMng/ptlMng/ctrl/BnrImgMngController.java,src/main/java/com/wti/admin/sysMng/ptlMng,BnrImgMngController.java,ctrl
src/main/java/com/wti/admin/sysMng/ptlMng/ctrl/BnrPageController.java,src/main/java/com/wti/admin/sysMng/ptlMng,BnrPageController.java,ctrl
src/main/java/com/wti/admin/sysMng/ptlMng/ctrl/CnvncSurveyController.java,src/main/java/com/wti/admin/sysMng/ptlMng,CnvncSurveyController.java,ctrl
src/main/java/com/wti/admin/sysMng/ptlMng/ctrl/CrltSiteInqrController.java,src/main/java/com/wti/admin/sysMng/ptlMng,CrltSiteInqrController.java,ctrl
src/main/java/com/wti/admin/sysMng/ptlMng/ctrl/CrltSiteWrtnController.java,src/main/java/com/wti/admin/sysMng/ptlMng,CrltSiteWrtnController.java,ctrl
src/main/java/com/wti/admin/sysMng/ptlMng/ctrl/IndvInfoColtCsntWrtnController.java,src/main/java/com/wti/admin/sysMng/ptlMng,IndvInfoColtCsntWrtnController.java,ctrl
src/main/java/com/wti/admin/sysMng/ptlMng/ctrl/MainPageSetInqrController.java,src/main/java/com/wti/admin/sysMng/ptlMng,MainPageSetInqrController.java,ctrl
src/main/java/com/wti/admin/sysMng/ptlMng/ctrl/PopupPageInqrController.java,src/main/java/com/wti/admin/sysMng/ptlMng,PopupPageInqrController.java,ctrl
src/main/java/com/wti/admin/sysMng/ptlMng/ctrl/PopupPageWrtnController.java,src/main/java/com/wti/admin/sysMng/ptlMng,PopupPageWrtnController.java,ctrl
src/main/java/com/wti/admin/sysMng/ptlMng/ctrl/PopupZoneInqrController.java,src/main/java/com/wti/admin/sysMng/ptlMng,PopupZoneInqrController.java,ctrl
src/main/java/com/wti/admin/sysMng/ptlMng/ctrl/PopupZoneWrtnController.java,src/main/java/com/wti/admin/sysMng/ptlMng,PopupZoneWrtnController.java,ctrl
src/main/java/com/wti/admin/sysMng/svcRqst/ctrl/MenuFileMngController.java,src/main/java/com/wti/admin/sysMng/svcRqst,MenuFileMngController.java,ctrl
src/main/java/com/wti/admin/sysMng/svcRqst/ctrl/SvcRqstController.java,src/main/java/com/wti/admin/sysMng/svcRqst,SvcRqstController.java,ctrl
src/main/java/com/wti/admin/techo/bizAply/ctrl/TechoAccnSrvyRegController.java,src/main/java/com/wti/admin/techo/bizAply,TechoAccnSrvyRegController.java,ctrl
src/main/java/com/wti/admin/techo/bizAply/ctrl/TechoBizAplyInfoController.java,src/main/java/com/wti/admin/techo/bizAply,TechoBizAplyInfoController.java,ctrl
src/main/java/com/wti/admin/techo/bizAply/ctrl/TechoPopController.java,src/main/java/com/wti/admin/techo/bizAply,TechoPopController.java,ctrl
src/main/java/com/wti/admin/techo/bizAply/ctrl/TechoSelEvalRegController.java,src/main/java/com/wti/admin/techo/bizAply,TechoSelEvalRegController.java,ctrl
src/main/java/com/wti/admin/techo/bizMng/ctrl/TechBdgtAplctMngController.java,src/main/java/com/wti/admin/techo/bizMng,TechBdgtAplctMngController.java,ctrl
src/main/java/com/wti/admin/techo/bizMng/ctrl/TechoBizArgmInfoController.java,src/main/java/com/wti/admin/techo/bizMng,TechoBizArgmInfoController.java,ctrl
src/main/java/com/wti/admin/techo/bizMng/ctrl/TechoBizcsEctnMngInfoController.java,src/main/java/com/wti/admin/techo/bizMng,TechoBizcsEctnMngInfoController.java,ctrl
src/main/java/com/wti/admin/techo/bizMng/ctrl/TechoPrtcMngController.java,src/main/java/com/wti/admin/techo/bizMng,TechoPrtcMngController.java,ctrl
src/main/java/com/wti/admin/techo/bizMng/ctrl/TechoRptdSbmtInfoController.java,src/main/java/com/wti/admin/techo/bizMng,TechoRptdSbmtInfoController.java,ctrl
src/main/java/com/wti/admin/techo/bizMng/ctrl/TechoStdnMngSchdlController.java,src/main/java/com/wti/admin/techo/bizMng,TechoStdnMngSchdlController.java,ctrl
src/main/java/com/wti/admin/techo/statSttn/ctrl/AgrmEnpStatController.java,src/main/java/com/wti/admin/techo/statSttn,AgrmEnpStatController.java,ctrl
src/main/java/com/wti/admin/techo/statSttn/ctrl/BizcsStatController.java,src/main/java/com/wti/admin/techo/statSttn,BizcsStatController.java,ctrl
src/main/java/com/wti/admin/techo/statSttn/ctrl/StdnJobSttnController.java,src/main/java/com/wti/admin/techo/statSttn,StdnJobSttnController.java,ctrl
src/main/java/com/wti/admin/techo/statSttn/ctrl/StdnStatController.java,src/main/java/com/wti/admin/techo/statSttn,StdnStatController.java,ctrl
src/main/java/com/wti/admin/techo/statSttn/ctrl/TechoAgreeOrgStatController.java,src/main/java/com/wti/admin/techo/statSttn,TechoAgreeOrgStatController.java,ctrl
src/main/java/com/wti/admin/techo/statSttn/ctrl/TechoDeptJoinSttnController.java,src/main/java/com/wti/admin/techo/statSttn,TechoDeptJoinSttnController.java,ctrl
src/main/java/com/wti/admin/techo/statSttn/ctrl/TechoEnpCtlgController.java,src/main/java/com/wti/admin/techo/statSttn,TechoEnpCtlgController.java,ctrl
src/main/java/com/wti/admin/techo/statSttn/ctrl/TechoMonthStdnStatController.java,src/main/java/com/wti/admin/techo/statSttn,TechoMonthStdnStatController.java,ctrl
src/main/java/com/wti/admin/techo/statSttn/ctrl/TechoOneAndProjectsStatController.java,src/main/java/com/wti/admin/techo/statSttn,TechoOneAndProjectsStatController.java,ctrl
src/main/java/com/wti/admin/techo/statSttn/ctrl/TechoStdnCtlgController.java,src/main/java/com/wti/admin/techo/statSttn,TechoStdnCtlgController.java,ctrl
src/main/java/com/wti/admin/techo/statSttn/ctrl/TechoStdnJoinDetlController.java,src/main/java/com/wti/admin/techo/statSttn,TechoStdnJoinDetlController.java,ctrl
src/main/java/com/wti/admin/techo/statSttn/ctrl/TechoStdnJoinSttnController.java,src/main/java/com/wti/admin/techo/statSttn,TechoStdnJoinSttnController.java,ctrl
src/main/java/com/wti/admin/techo/statSttn/ctrl/TechoWorkExpnsStatController.java,src/main/java/com/wti/admin/techo/statSttn,TechoWorkExpnsStatController.java,ctrl
src/main/java/com/wti/admin/techo/statSttn/ctrl/WorkExpnsBudgetController.java,src/main/java/com/wti/admin/techo/statSttn,WorkExpnsBudgetController.java,ctrl
src/main/java/com/wti/cmn/ctrl/ComBizController.java,src/main/java/com/wti/cmn,ComBizController.java,ctrl
src/main/java/com/wti/cmn/ctrl/ComCodeController.java,src/main/java/com/wti/cmn,ComCodeController.java,ctrl
src/main/java/com/wti/cmn/ctrl/FileDownLoadController.java,src/main/java/com/wti/cmn,FileDownLoadController.java,ctrl
src/main/java/com/wti/cmn/ctrl/ImgUploadController.java,src/main/java/com/wti/cmn,ImgUploadController.java,ctrl
src/main/java/com/wti/cmn/ctrl/InsttController.java,src/main/java/com/wti/cmn,InsttController.java,ctrl
src/main/java/com/wti/cmn/ctrl/LoginController.java,src/main/java/com/wti/cmn,LoginController.java,ctrl
src/main/java/com/wti/cmn/ctrl/MainController.java,src/main/java/com/wti/cmn,MainController.java,ctrl
src/main/java/com/wti/cmn/ctrl/MberController.java,src/main/java/com/wti/cmn,MberController.java,ctrl
src/main/java/com/wti/cmn/ctrl/MenuController.java,src/main/java/com/wti/cmn,MenuController.java,ctrl
src/main/java/com/wti/cmn/ctrl/PrvcPvsnAgreController.java,src/main/java/com/wti/cmn,PrvcPvsnAgreController.java,ctrl
src/main/java/com/wti/cmn/ctrl/S3UploadController.java,src/main/java/com/wti/cmn,S3UploadController.java,ctrl
src/main/java/com/wti/cmn/ctrl/SessionController.java,src/main/java/com/wti/cmn,SessionController.java,ctrl
src/main/java/com/wti/cmn/ctrl/SmesApiController.java,src/main/java/com/wti/cmn,SmesApiController.java,ctrl
src/main/java/com/wti/cmn/ctrl/SurveyMobileController.java,src/main/java/com/wti/cmn,SurveyMobileController.java,ctrl
src/main/java/com/wti/cmn/ctrl/UploadController.java,src/main/java/com/wti/cmn,UploadController.java,ctrl
src/main/java/com/wti/cmn/ctrl/WebSquareMainController.java,src/main/java/com/wti/cmn,WebSquareMainController.java,ctrl
src/main/java/com/wti/usr/UsrMainController.java,src/main/java/com/wti,UsrMainController.java,ctrl
src/main/java/com/wti/usr/anns/ctrl/BizNoticeController.java,src/main/java/com/wti/usr/anns,BizNoticeController.java,ctrl
src/main/java/com/wti/usr/anns/ctrl/NewsItemController.java,src/main/java/com/wti/usr/anns,NewsItemController.java,ctrl
src/main/java/com/wti/usr/anns/ctrl/NoticeController.java,src/main/java/com/wti/usr/anns,NoticeController.java,ctrl
src/main/java/com/wti/usr/aply/bizDvr/ctrl/BudgetDvrSttnController.java,src/main/java/com/wti/usr/aply/bizDvr,BudgetDvrSttnController.java,ctrl
src/main/java/com/wti/usr/aply/bizofc/ctrl/BizofcAplyController.java,src/main/java/com/wti/usr/aply/bizofc,BizofcAplyController.java,ctrl
src/main/java/com/wti/usr/aply/ctrl/BizAplyCltgController.java,src/main/java/com/wti/usr/aply,BizAplyCltgController.java,ctrl
src/main/java/com/wti/usr/aply/ctrl/BizSelSttnController.java,src/main/java/com/wti/usr/aply,BizSelSttnController.java,ctrl
src/main/java/com/wti/usr/aply/ctrl/CndeptAplyController.java,src/main/java/com/wti/usr/aply,CndeptAplyController.java,ctrl
src/main/java/com/wti/usr/aply/ctrl/DfmnAplyController.java,src/main/java/com/wti/usr/aply,DfmnAplyController.java,ctrl
src/main/java/com/wti/usr/aply/ctrl/PrgmPrgrController.java,src/main/java/com/wti/usr/aply,PrgmPrgrController.java,ctrl
src/main/java/com/wti/usr/aply/ctrl/SmehrdEqpmnController.java,src/main/java/com/wti/usr/aply,SmehrdEqpmnController.java,ctrl
src/main/java/com/wti/usr/aply/ctrl/SpclhsAplyController.java,src/main/java/com/wti/usr/aply,SpclhsAplyController.java,ctrl
src/main/java/com/wti/usr/aply/ctrl/SpclhsInsttPoolController.java,src/main/java/com/wti/usr/aply,SpclhsInsttPoolController.java,ctrl
src/main/java/com/wti/usr/aply/ctrl/SpclhsRsltIndxController.java,src/main/java/com/wti/usr/aply,SpclhsRsltIndxController.java,ctrl
src/main/java/com/wti/usr/aply/ctrl/StdnMngController.java,src/main/java/com/wti/usr/aply,StdnMngController.java,ctrl
src/main/java/com/wti/usr/aply/ctrl/TrptCnttMngController.java,src/main/java/com/wti/usr/aply,TrptCnttMngController.java,ctrl
src/main/java/com/wti/usr/aply/edinsp/ctrl/EdinspAplyController.java,src/main/java/com/wti/usr/aply/edinsp,EdinspAplyController.java,ctrl
src/main/java/com/wti/usr/aply/h3g/ctrl/H3gReqBasInfoController.java,src/main/java/com/wti/usr/aply/h3g,H3gReqBasInfoController.java,ctrl
src/main/java/com/wti/usr/aply/h3g/ctrl/H3gReqCompInfoController.java,src/main/java/com/wti/usr/aply/h3g,H3gReqCompInfoController.java,ctrl
src/main/java/com/wti/usr/aply/h3g/ctrl/H3gReqInfoController.java,src/main/java/com/wti/usr/aply/h3g,H3gReqInfoController.java,ctrl
src/main/java/com/wti/usr/aply/h3g/ctrl/H3gReqListController.java,src/main/java/com/wti/usr/aply/h3g,H3gReqListController.java,ctrl
src/main/java/com/wti/usr/aply/h3g/ctrl/H3gReqReqreNmprController.java,src/main/java/com/wti/usr/aply/h3g,H3gReqReqreNmprController.java,ctrl
src/main/java/com/wti/usr/aply/h3g/ctrl/H3gReqSelfDignsAllotController.java,src/main/java/com/wti/usr/aply/h3g,H3gReqSelfDignsAllotController.java,ctrl
src/main/java/com/wti/usr/aply/h3g/ctrl/SelfTestActController.java,src/main/java/com/wti/usr/aply/h3g,SelfTestActController.java,ctrl
src/main/java/com/wti/usr/aply/h3g/ctrl/SelfTestActNewController.java,src/main/java/com/wti/usr/aply/h3g,SelfTestActNewController.java,ctrl
src/main/java/com/wti/usr/aply/hssppl/ctrl/HsspplAplyMngController.java,src/main/java/com/wti/usr/aply/hssppl,HsspplAplyMngController.java,ctrl
src/main/java/com/wti/usr/aply/smebsc/ctrl/SmebscCnfrmnReqstController.java,src/main/java/com/wti/usr/aply/smebsc,SmebscCnfrmnReqstController.java,ctrl
src/main/java/com/wti/usr/aply/smebsc/ctrl/SmebscReqInfoController.java,src/main/java/com/wti/usr/aply/smebsc,SmebscReqInfoController.java,ctrl
src/main/java/com/wti/usr/aply/smebsc/ctrl/SmebscReqListController.java,src/main/java/com/wti/usr/aply/smebsc,SmebscReqListController.java,ctrl
src/main/java/com/wti/usr/aply/smebsc/ctrl/SmebscReqstSttusController.java,src/main/java/com/wti/usr/aply/smebsc,SmebscReqstSttusController.java,ctrl
src/main/java/com/wti/usr/aply/smehrd/ctrl/SmehrdReqInfoController.java,src/main/java/com/wti/usr/aply/smehrd,SmehrdReqInfoController.java,ctrl
src/main/java/com/wti/usr/aply/smehrd/ctrl/SmehrdReqListController.java,src/main/java/com/wti/usr/aply/smehrd,SmehrdReqListController.java,ctrl
src/main/java/com/wti/usr/aply/techo/ctrl/TechoAplyController.java,src/main/java/com/wti/usr/aply/techo,TechoAplyController.java,ctrl
src/main/java/com/wti/usr/aply/wfsCntr/ctrl/WfsCnslSttnController.java,src/main/java/com/wti/usr/aply/wfsCntr,WfsCnslSttnController.java,ctrl
src/main/java/com/wti/usr/aply/wfsCntr/ctrl/WfsJbofAplyController.java,src/main/java/com/wti/usr/aply/wfsCntr,WfsJbofAplyController.java,ctrl
src/main/java/com/wti/usr/aply/wfsCntr/ctrl/WfsPrgrSttnController.java,src/main/java/com/wti/usr/aply/wfsCntr,WfsPrgrSttnController.java,ctrl
src/main/java/com/wti/usr/cmn/main/ctrl/IntgSrchController.java,src/main/java/com/wti/usr/cmn/main,IntgSrchController.java,ctrl
src/main/java/com/wti/usr/cmn/mnl/ctrl/CmnMnlMngController.java,src/main/java/com/wti/usr/cmn/mnl,CmnMnlMngController.java,ctrl
src/main/java/com/wti/usr/cmn/proc/pr0311/ctrl/PR0311UserProcController.java,src/main/java/com/wti/usr/cmn/proc/pr0311,PR0311UserProcController.java,ctrl
src/main/java/com/wti/usr/cndept/ctrl/CndeptBdgtAplctUserController.java,src/main/java/com/wti/usr/cndept,CndeptBdgtAplctUserController.java,ctrl
src/main/java/com/wti/usr/cndept/ctrl/CndeptStdnMngUserController.java,src/main/java/com/wti/usr/cndept,CndeptStdnMngUserController.java,ctrl
src/main/java/com/wti/usr/info/ctrl/DscrsDvlPmController.java,src/main/java/com/wti/usr/info,DscrsDvlPmController.java,ctrl
src/main/java/com/wti/usr/info/ctrl/EduProgramController.java,src/main/java/com/wti/usr/info,EduProgramController.java,ctrl
src/main/java/com/wti/usr/info/ctrl/PlusInfoController.java,src/main/java/com/wti/usr/info,PlusInfoController.java,ctrl
src/main/java/com/wti/usr/info/ctrl/RuleNFormsController.java,src/main/java/com/wti/usr/info,RuleNFormsController.java,ctrl
src/main/java/com/wti/usr/info/ctrl/SchInfoController.java,src/main/java/com/wti/usr/info,SchInfoController.java,ctrl
src/main/java/com/wti/usr/info/ctrl/SpCaseController.java,src/main/java/com/wti/usr/info,SpCaseController.java,ctrl
src/main/java/com/wti/usr/mbr/ctrl/IntrrtSttmntController.java,src/main/java/com/wti/usr/mbr,IntrrtSttmntController.java,ctrl
src/main/java/com/wti/usr/mbr/ctrl/ProfMngmtController.java,src/main/java/com/wti/usr/mbr,ProfMngmtController.java,ctrl
src/main/java/com/wti/usr/prtc/ctrl/FAQController.java,src/main/java/com/wti/usr/prtc,FAQController.java,ctrl
src/main/java/com/wti/usr/prtc/ctrl/OoQstnController.java,src/main/java/com/wti/usr/prtc,OoQstnController.java,ctrl
src/main/java/com/wti/usr/prtc/ctrl/PrtcCnfrDocController.java,src/main/java/com/wti/usr/prtc,PrtcCnfrDocController.java,ctrl
src/main/java/com/wti/usr/prtc/ctrl/QnAController.java,src/main/java/com/wti/usr/prtc,QnAController.java,ctrl
src/main/java/com/wti/usr/tech/ctrl/TechBdgtAplctController.java,src/main/java/com/wti/usr/tech,TechBdgtAplctController.java,ctrl
src/main/java/com/wti/usr/tech/ctrl/TechStdnUserController.java,src/main/java/com/wti/usr/tech,TechStdnUserController.java,ctrl
src/main/java/egovframework/com/cmm/web/EgovComIndexController.java,src/main/java/egovframework/com/cmm,EgovComIndexController.java,ctrl
src/main/java/egovframework/com/cmm/web/EgovComUtlController.java,src/main/java/egovframework/com/cmm,EgovComUtlController.java,ctrl
src/main/java/egovframework/com/cmm/web/EgovFileDownloadController.java,src/main/java/egovframework/com/cmm,EgovFileDownloadController.java,ctrl
src/main/java/egovframework/com/cmm/web/EgovFileMngController.java,src/main/java/egovframework/com/cmm,EgovFileMngController.java,ctrl
src/main/java/egovframework/com/cmm/web/EgovImageProcessController.java,src/main/java/egovframework/com/cmm,EgovImageProcessController.java,ctrl
src/main/java/egovframework/com/sym/ccm/cca/web/EgovCcmCmmnCodeManageController.java,src/main/java/egovframework/com/sym/ccm/cca,EgovCcmCmmnCodeManageController.java,ctrl
src/main/java/egovframework/com/sym/ccm/ccc/web/EgovCcmCmmnClCodeManageController.java,src/main/java/egovframework/com/sym/ccm/ccc,EgovCcmCmmnClCodeManageController.java,ctrl
src/main/java/egovframework/com/sym/ccm/cde/web/EgovCcmCmmnDetailCodeManageController.java,src/main/java/egovframework/com/sym/ccm/cde,EgovCcmCmmnDetailCodeManageController.java,ctrl
src/main/java/egovframework/com/uat/uap/web/EgovLoginPolicyController.java,src/main/java/egovframework/com/uat/uap,EgovLoginPolicyController.java,ctrl
src/main/java/egovframework/com/utl/pao/web/EgovErncslController.java,src/main/java/egovframework/com/utl/pao,EgovErncslController.java,ctrl
src/main/java/egovframework/com/utl/pao/web/EgovPrntngOutptController.java,src/main/java/egovframework/com/utl/pao,EgovPrntngOutptController.java,ctrl
src/main/java/egovframework/com/utl/sec/web/EgovCertLoginController.java,src/main/java/egovframework/com/utl/sec,EgovCertLoginController.java,ctrl
